date,ticker,fetch_symbol,sentiment_score,tech_score,catalyst_score,alignment,gate_flags,n_runs_date,source_file,vote_event_catalyst,vote_earnings_proximity,vote_squeeze_setup,vote_growth_profitability,vote_analyst_upside,fwd_ret_1d,fwd_ret_5d,fwd_ret_10d,fwd_ret_20d
2026-05-07,NVDA,NVDA,0.843,0.691,,ALIGNED,,12,bridge_20260507_1933.csv,,,,,,0.017494095947569344,0.11460998005883538,0.037872322229804745,-0.0291297886097871
2026-05-07,TSM,TSM,0.443,0.732,,ALIGNED,,12,bridge_20260507_1933.csv,,,,,,-0.005964033219195253,0.008620106417237094,-0.016902082551650155,0.002462929753396903
2026-05-07,TSLA,TSLA,0.426,0.717,,ALIGNED,,12,bridge_20260507_1933.csv,,,,,,0.040214665764012114,0.07651953324314209,0.014716232625475723,-0.05048691836497998
2026-05-07,SPY,SPY,0.357,0.735,,ALIGNED,,12,bridge_20260507_1933.csv,,,,,,0.00825609701116825,0.02267693605077592,0.015227252405543457,0.008160408089829208
2026-05-07,AAPL,AAPL,0.41,0.672,,ALIGNED,,12,bridge_20260507_1933.csv,,,,,,0.020456497888878378,0.038424516299609746,0.06203377539435029,0.07021694839749881
2026-05-07,LITE,LITE,0.391,0.678,,ALIGNED,,12,bridge_20260507_1933.csv,,,,,,0.012570268758319791,0.12237556115683845,0.08057538991814228,-0.03240050571555819
2026-05-07,ARM,ARM,0.138,0.702,,CONTRARIAN,,12,bridge_20260507_1933.csv,,,,,,-0.00018748903750664958,0.07121092595406231,0.3981061103542878,0.6076601968999713
2026-05-07,MU,MU,0.185,0.664,,CONTRARIAN,,12,bridge_20260507_1933.csv,,,,,,0.15492623874974187,0.2000835098926559,0.17857192419310675,0.336173670367403
2026-05-07,NBIS,NBIS,0.207,0.623,,CONTRARIAN,,12,bridge_20260507_1933.csv,,,,,,-0.04178168015474659,0.19689337437248566,0.19029056443314007,0.23293820582839975
2026-05-07,IREN,IREN,0.171,0.631,,CONTRARIAN,,12,bridge_20260507_1933.csv,,,,,,0.07651719271019042,0.02726478616289496,0.021284132482795703,-0.04397537497099557
2026-05-07,AMD,AMD,0.196,0.594,,CONTRARIAN,,12,bridge_20260507_1933.csv,,,,,,0.11440535661732598,0.10096465165423352,0.10069530858161402,0.1418009465783978
2026-05-07,SNDK,SNDK,0.131,0.567,,CONTRARIAN,,12,bridge_20260507_1933.csv,,,,,,0.16596018639782706,0.031911408558587206,0.1509597564059677,0.1637063731352748
2026-05-08,NVDA,NVDA,0.85,0.781,,ALIGNED,,15,bridge_20260508_1202.csv,,,,,,0.01970259096216065,0.047026076442920894,0.0006041061185160235,-0.029353310434091062
2026-05-08,TSM,TSM,0.518,0.877,,ALIGNED,,15,bridge_20260508_1202.csv,,,,,,-0.01734350233890891,-0.01780499809338576,-0.01739209648211093,0.03672758717744706
2026-05-08,AAPL,AAPL,0.552,0.757,,ALIGNED,,15,bridge_20260508_1202.csv,,,,,,-0.0012626705737772692,0.02450091188246417,0.05381330158103026,0.02897113019586328
2026-05-08,ARM,ARM,0.483,0.756,,ALIGNED,,15,bridge_20260508_1202.csv,,,,,,-0.002907161642780598,-0.01927134865670499,0.43719230846005996,0.6241853411598868
2026-05-08,NBIS,NBIS,0.293,0.847,,CONTRARIAN,,15,bridge_20260508_1202.csv,,,,,,0.05111552045052603,0.24224794493287982,0.2130471650411454,0.23129057465348413
2026-05-08,SPY,SPY,0.501,0.707,,ALIGNED,,15,bridge_20260508_1202.csv,,,,,,0.002277563042387465,0.0021013576114108368,0.010872804234770772,0.002169052353255152
2026-05-08,TSLA,TSLA,0.598,0.628,,ALIGNED,,15,bridge_20260508_1202.csv,,,,,,0.038870068073398656,-0.014264073262704846,-0.005462813831092039,-0.045290051640144324
2026-05-08,MRVL,MRVL,0.315,0.805,,ALIGNED,,15,bridge_20260508_1202.csv,,,,,,0.004173271647966326,0.039734311543399015,0.15399990490621152,0.6978193917765403
2026-05-08,SIVE,SIVE.ST,0.31,0.71,,ALIGNED,,15,bridge_20260508_1202.csv,,,,,,0.1374080762715051,0.10523892390126077,0.9657629170933586,1.054227954630698
2026-05-08,AAOI,AAOI,0.355,0.663,,ALIGNED,,15,bridge_20260508_1202.csv,,,,,,0.2414394445120609,0.27809854632733844,0.21854439719485796,0.3202631674926124
2026-05-08,MU,MU,0.257,0.629,,CONTRARIAN,,15,bridge_20260508_1202.csv,,,,,,0.06496971967866538,-0.029659503020021627,0.005610579103737745,0.2711131971260403
2026-05-08,LITE,LITE,0.357,0.457,,ALIGNED,,15,bridge_20260508_1202.csv,,,,,,0.16518032755444256,0.07402082907461494,0.047687582654589056,-0.009294051219693511
2026-05-08,RKLB,RKLB,0.434,0.334,,ALIGNED,,15,bridge_20260508_1202.csv,,,,,,0.11263863767819893,0.1829903782970168,0.28719060335221713,0.0775576013131789
2026-05-08,COIN,COIN,0.287,0.0,,TECH_WAIT,,15,bridge_20260508_1202.csv,,,,,,0.0767548327715335,-0.028484842324585036,-0.08038376354429899,-0.1941240919708399
2026-05-08,META,META,0.424,-0.667,,DIVERGING,,15,bridge_20260508_1202.csv,,,,,,-0.017666424923957313,0.0075455993323532145,0.0010334776407368018,-0.03976178205095959
2026-05-12,NBIS,NBIS,1.0,0.766,,ALIGNED,,41,bridge_20260512_0906.csv,,,,,,0.15722183890429786,0.10395843366498969,0.16336326507245214,0.1818994010386472
2026-05-12,IREN,IREN,0.85,0.798,,ALIGNED,,41,bridge_20260512_0906.csv,,,,,,-0.02457572791011453,-0.15594058487751794,0.19943413526730036,-0.0891089249143362
2026-05-12,ARM,ARM,0.483,0.84,,ALIGNED,,41,bridge_20260512_0906.csv,,,,,,0.06391885658888419,0.07324930676059327,0.4558964703775692,0.47859751530961026
2026-05-12,TSM,TSM,0.427,0.843,,ALIGNED,,41,bridge_20260512_0906.csv,,,,,,0.0063430999404356925,-0.011755007986044563,0.06406059723170987,0.028871337522336615
2026-05-12,MRVL,MRVL,0.425,0.813,,ALIGNED,,41,bridge_20260512_0906.csv,,,,,,0.08176293719445327,0.07155020132189494,0.2079026996905644,0.5355014880757705
2026-05-12,SPY,SPY,0.516,0.75,,ALIGNED,,41,bridge_20260512_0906.csv,,,,,,0.00559483781461112,-0.006028302624256798,0.016635548773163533,-0.01727219244080147
2026-05-12,AAPL,AAPL,0.552,0.679,,ALIGNED,,41,bridge_20260512_0906.csv,,,,,,0.013805995565634221,0.014145229309381335,0.05444375500387877,-0.010922664023190087
2026-05-12,USAR,USAR,0.254,0.867,,ALIGNED,,41,bridge_20260512_0906.csv,,,,,,-0.005088029927532656,-0.21859096873754713,0.045009845801122994,-0.20430526298344576
2026-05-12,AAOI,AAOI,0.16,0.816,,CONTRARIAN,,41,bridge_20260512_0906.csv,,,,,,0.18493736748445078,-0.09002547832024943,-0.044879950090435994,-0.0698427553736013
2026-05-12,SIVE,SIVE.ST,0.278,0.718,,ALIGNED,,41,bridge_20260512_0906.csv,,,,,,0.3131664888125203,0.25173854343997637,0.7014372407128833,0.7385257547777448
2026-05-12,QBTS,QBTS,0.203,0.737,,ALIGNED,,41,bridge_20260512_0906.csv,,,,,,-0.04071587614676664,-0.1861297439109283,0.2295301598750692,0.040268438620540525
2026-05-12,HIMS,HIMS,0.439,0.569,,ALIGNED,,41,bridge_20260512_0906.csv,,,,,,-0.0355573820448164,-0.1034758322627517,0.006791852642043628,0.10986815519614557
2026-05-12,AMD,AMD,0.254,0.686,,CONTRARIAN,,41,bridge_20260512_0906.csv,,,,,,-0.006223668812021521,-0.07637917441678166,0.10540051997448252,0.009168139537401032
2026-05-12,MU,MU,0.295,0.646,,CONTRARIAN,,41,bridge_20260512_0906.csv,,,,,,0.048331480023915185,-0.08849698464274869,0.2111063827211892,0.16345321075902652
2026-05-12,BKSY,BKSY,0.0,0.838,,CONTRARIAN,,41,bridge_20260512_0906.csv,,,,,,0.02083850468793247,0.12056553287230787,0.2651946976561521,-0.21136194908216832
2026-05-12,LITE,LITE,0.143,0.722,,CONTRARIAN,,41,bridge_20260512_0906.csv,,,,,,0.03829216943979907,-0.10306636513092138,-0.09075243911214659,-0.14017955604868448
2026-05-12,OUST,OUST,0.485,0.478,,ALIGNED,,41,bridge_20260512_0906.csv,,,,,,0.2608855235407992,0.096678926014933,0.6321032811674663,0.41660512358879953
2026-05-12,INTC,INTC,0.176,0.672,,CONTRARIAN,,41,bridge_20260512_0906.csv,,,,,,-0.002653177126314965,-0.0813365186050069,0.009617743361617137,-0.11251139728175696
2026-05-12,RKLB,RKLB,0.222,0.63,,CONTRARIAN,,41,bridge_20260512_0906.csv,,,,,,0.056056516707569726,0.08293637463832404,0.277900636674155,-0.1064137016556228
2026-05-12,ORCL,ORCL,0.275,0.569,,ALIGNED,,41,bridge_20260512_0906.csv,,,,,,0.01568264336881864,-0.02874268889383902,0.022105713313011588,0.07723591628077608
2026-05-12,COIN,COIN,0.427,0.427,,ALIGNED,,41,bridge_20260512_0906.csv,,,,,,-0.02812558444932156,-0.0683394455938997,-0.1630707027060394,-0.25847620076433575
2026-05-12,LEU,LEU,0.117,0.629,,ALIGNED,,41,bridge_20260512_0906.csv,,,,,,-0.04957002550572176,-0.16477215054514316,-0.10976570058837665,-0.27542748213988644
2026-05-12,RGTI,RGTI,0.021,0.688,,CONTRARIAN,,41,bridge_20260512_0906.csv,,,,,,-0.034347078645976525,-0.16308336163850756,0.29103310085083556,0.019664394651342176
2026-05-12,BTC,BTC,0.323,0.475,,ALIGNED,,41,bridge_20260512_0906.csv,,,,,,-0.015109146339315704,-0.05036382113105231,-0.07302743390535649,-0.2339116431193976
2026-05-12,UUUU,UUUU,0.0,0.689,,CONTRARIAN,,41,bridge_20260512_0906.csv,,,,,,-0.03675419712278971,-0.2276849777591322,-0.12410502562220083,-0.34653942330155385
2026-05-12,LUNR,LUNR,0.0,0.67,,CONTRARIAN,,41,bridge_20260512_0906.csv,,,,,,0.11187286181107647,0.011530038333606107,0.257089434738899,-0.17310689556752146
2026-05-12,OKLO,OKLO,0.0,0.666,,CONTRARIAN,,41,bridge_20260512_0906.csv,,,,,,-0.0539181548200357,-0.24107017312809642,-0.07890802356812587,-0.2663316247067221
2026-05-12,IGV,IGV,0.296,0.468,,ALIGNED,,41,bridge_20260512_0906.csv,,,,,,-0.009391784679685378,0.028063502388301576,0.0403623208560584,0.023926697666609043
2026-05-12,NNE,NNE,0.0,0.653,,CONTRARIAN,,41,bridge_20260512_0906.csv,,,,,,-0.0014765934035450012,-0.17700258579865247,0.009966794250382494,-0.18364711529890732
2026-05-12,DNN,DNN,0.0,0.629,,CONTRARIAN,,41,bridge_20260512_0906.csv,,,,,,-0.029729765431561805,-0.14594593375507647,-0.08378376723903236,-0.23513516561230885
2026-05-12,QCOM,QCOM,0.101,0.557,,CONTRARIAN,,41,bridge_20260512_0906.csv,,,,,,0.013598956085340452,-0.06989681227792544,0.10979025363604578,-0.087508029510586
2026-05-12,QUBT,QUBT,0.0,0.621,,CONTRARIAN,,41,bridge_20260512_0906.csv,,,,,,-0.06366723404083074,-0.21731744685674037,-0.030560243195051906,-0.19100170212249212
2026-05-12,UEC,UEC,0.0,0.616,,CONTRARIAN,,41,bridge_20260512_0906.csv,,,,,,-0.008387104157478564,-0.2316129130701865,-0.1329032528784967,-0.392258059593939
2026-05-12,RDW,RDW,0.0,0.596,,CONTRARIAN,,41,bridge_20260512_0906.csv,,,,,,-0.008650551716246624,0.2032871403540426,1.076124492112759,0.2863321233384639
2026-05-12,IONQ,IONQ,0.035,0.569,,CONTRARIAN,,41,bridge_20260512_0906.csv,,,,,,-0.010918214104411517,-0.13298729993237057,0.17057459774812012,0.01360304547628588
2026-05-12,SMR,SMR,0.0,0.503,,CONTRARIAN,,41,bridge_20260512_0906.csv,,,,,,-0.0033333301544189453,-0.1616666316986084,0.005833307902018303,-0.22583333651224768
2026-05-12,RDDT,RDDT,0.268,0.293,,ALIGNED,,41,bridge_20260512_0906.csv,,,,,,0.01161791232531506,0.016606489517157152,0.012077428711360971,0.13035772769748033
2026-05-12,CCJ,CCJ,0.0,0.353,,CONTRARIAN,,41,bridge_20260512_0906.csv,,,,,,-0.013170280608125307,-0.11468402999324889,-0.08115964969641298,-0.18729155450886903
2026-05-12,HOOD,HOOD,0.37,0.0,,TECH_WAIT,,41,bridge_20260512_0906.csv,,,,,,-0.0194199145043793,-0.05251045301176871,-0.026063541249858102,0.10336021865668266
2026-05-12,ASTS,ASTS,0.107,0.0,,NEUTRAL,,41,bridge_20260512_0906.csv,,,,,,0.025356339053392407,0.2075109591506359,0.7763158954191529,0.1968201862739285
2026-05-12,META,META,0.457,-0.798,,DIVERGING,,41,bridge_20260512_0906.csv,,,,,,0.022603634055911037,-0.0006467820364799426,0.05349922860300338,-0.05310116992171754
2026-05-13,IREN,IREN,0.7,0.804,,ALIGNED,,43,bridge_20260513_0803.csv,,,,,,0.05854637419132147,-0.04458943567370588,0.16095713571748815,0.027913738746400796
2026-05-13,AAOI,AAOI,0.399,0.942,,ALIGNED,,43,bridge_20260513_0803.csv,,,,,,-0.08753921221425331,-0.2592559839278653,-0.24240251166090165,-0.22554910778832926
2026-05-13,NBIS,NBIS,0.7,0.702,,ALIGNED,,43,bridge_20260513_0803.csv,,,,,,0.06696574196900151,-0.0745404382195739,0.09200555638702923,0.0722246389353316
2026-05-13,AAPL,AAPL,0.566,0.705,,ALIGNED,,43,bridge_20260513_0803.csv,,,,,,-0.00220833028705536,0.011309281420127881,0.04563862171272581,-0.010840801309293657
2026-05-13,ARM,ARM,0.46,0.758,,ALIGNED,,43,bridge_20260513_0803.csv,,,,,,0.03295507917759943,0.16057141718008117,0.5156185472537871,0.5470819610299051
2026-05-13,SPY,SPY,0.529,0.704,,ALIGNED,,43,bridge_20260513_0803.csv,,,,,,0.0078943149045545,-0.0014279408000573701,0.016556430329357052,-0.006129461851302698
2026-05-13,INTC,INTC,0.6,0.644,,ALIGNED,,43,bridge_20260513_0803.csv,,,,,,-0.036245744261098944,-0.011056628322653972,0.004987933074690476,-0.027683114188295277
2026-05-13,SNDK,SNDK,0.443,0.715,,ALIGNED,,43,bridge_20260513_0803.csv,,,,,,-0.04457481577650191,-0.03777555924960363,0.13433250886408477,0.3000767225373635
2026-05-13,MRVL,MRVL,0.315,0.801,,ALIGNED,,43,bridge_20260513_0803.csv,,,,,,0.026018557789498464,0.04973310901940131,0.15105364793891196,0.5774654555544072
2026-05-13,LITE,LITE,0.357,0.737,,ALIGNED,,43,bridge_20260513_0803.csv,,,,,,-0.02771819607901671,-0.15751622093237472,-0.16474664519000648,-0.13663050062488225
2026-05-13,SIVE,SIVE.ST,0.278,0.77,,ALIGNED,,43,bridge_20260513_0803.csv,,,,,,-0.01676965114476603,0.04236536004478775,0.23918790922138555,0.40776695237278204
2026-05-13,QCOM,QCOM,0.436,0.634,,ALIGNED,,43,bridge_20260513_0803.csv,,,,,,-0.061406361134859755,-0.05000704078626905,0.14129564836301722,-0.0443794409040944
2026-05-13,TSM,TSM,0.427,0.615,,ALIGNED,,43,bridge_20260513_0803.csv,,,,,,0.044822440455031476,0.00455232035285591,0.0626813020742556,0.05566808604535045
2026-05-13,TSLA,TSLA,0.498,0.564,,ALIGNED,,43,bridge_20260513_0803.csv,,,,,,-0.004424284747029383,-0.06290560769678744,-0.007119237739732109,-0.10357759618910989
2026-05-13,DOCN,DOCN,0.292,0.676,,ALIGNED,,43,bridge_20260513_0803.csv,,,,,,-0.0049001056363005,0.0058424926332580895,-0.04567149986292207,0.0978138462157856
2026-05-13,QBTS,QBTS,0.13,0.764,,ALIGNED,,43,bridge_20260513_0803.csv,,,,,,0.03218277096648925,-0.09981349084379265,0.3754663729729417,0.11100742077808978
2026-05-13,BKSY,BKSY,0.0,0.838,,CONTRARIAN,,43,bridge_20260513_0803.csv,,,,,,0.03669497607633332,0.10765492444489433,0.2546779867224438,-0.12588092619919156
2026-05-13,RGTI,RGTI,0.145,0.74,,ALIGNED,,43,bridge_20260513_0803.csv,,,,,,0.04642951396844097,-0.08335605096095566,0.467825106859163,0.12028227722604101
2026-05-13,AMD,AMD,0.249,0.64,,CONTRARIAN,,43,bridge_20260513_0803.csv,,,,,,0.009427636828353014,0.004668881194760166,0.16294057655548544,0.09640855714260654
2026-05-13,ORCL,ORCL,0.275,0.611,,ALIGNED,,43,bridge_20260513_0803.csv,,,,,,0.03082846149550922,-0.00843161734256992,0.07346125182320717,-0.02982708943019108
2026-05-13,UEC,UEC,0.0,0.76,,CONTRARIAN,,43,bridge_20260513_0803.csv,,,,,,-0.03643457840676578,-0.1704619326653808,-0.11841247289365331,-0.3083929607294039
2026-05-13,LUNR,LUNR,0.0,0.744,,CONTRARIAN,,43,bridge_20260513_0803.csv,,,,,,0.023542604972064396,-0.05633414010758553,0.28082960684028246,-0.14125562983238638
2026-05-13,RDW,RDW,0.0,0.744,,CONTRARIAN,,43,bridge_20260513_0803.csv,,,,,,0.22076786427134087,0.28883075118662127,1.260034863203908,0.4912740048604103
2026-05-13,OUST,OUST,0.34,0.506,,ALIGNED,,43,bridge_20260513_0803.csv,,,,,,0.020193224418529443,-0.09657587083838504,0.2388060901192972,0.15920406007953147
2026-05-13,COIN,COIN,0.287,0.541,,ALIGNED,,43,bridge_20260513_0803.csv,,,,,,0.0505946050578574,-0.05208131618773759,-0.09687811078349495,-0.2050050037182901
2026-05-13,RKLB,RKLB,0.212,0.548,,CONTRARIAN,,43,bridge_20260513_0803.csv,,,,,,0.06766010006152068,0.08159482181968714,0.19234794168278935,-0.07547323907707615
2026-05-13,OKLO,OKLO,0.0,0.689,,CONTRARIAN,,43,bridge_20260513_0803.csv,,,,,,-0.03517089360948977,-0.1016365411836141,-0.022538145875417692,-0.1693942353060235
2026-05-13,IONQ,IONQ,0.023,0.651,,CONTRARIAN,,43,bridge_20260513_0803.csv,,,,,,0.03999281517004216,-0.050488548417904955,0.26927255736663547,0.04940288526700498
2026-05-13,NNE,NNE,0.0,0.603,,CONTRARIAN,,43,bridge_20260513_0803.csv,,,,,,0.0181146651492492,-0.10129389458037974,0.059149738506373284,-0.1293900221337062
2026-05-13,IGV,IGV,0.296,0.381,,ALIGNED,,43,bridge_20260513_0803.csv,,,,,,0.02302485220228534,0.05327315029573332,0.07990972544359987,0.026185099013832147
2026-05-13,BTC,BTC,0.323,0.34,,ALIGNED,,43,bridge_20260513_0803.csv,,,,,,0.023011293779475084,-0.024715878211024056,-0.07897734470850026,-0.20142045451466706
2026-05-13,QUBT,QUBT,0.0,0.454,,CONTRARIAN,,43,bridge_20260513_0803.csv,,,,,,0.06346326620232601,-0.1332728330863262,0.10970082207073917,-0.10154124321609426
2026-05-13,UUUU,UUUU,0.0,0.405,,CONTRARIAN,,43,bridge_20260513_0803.csv,,,,,,-0.0336967440481839,-0.16848362572414033,-0.08622397149676397,-0.2527254858446001
2026-05-13,SMR,SMR,0.0,0.255,,CONTRARIAN,,43,bridge_20260513_0803.csv,,,,,,0.008361235882171414,-0.1312708770749692,0.019230730894877368,-0.1998328039882724
2026-05-13,HIMS,HIMS,0.272,0.0,,TECH_WAIT,,43,bridge_20260513_0803.csv,,,,,,0.004142517978381166,-0.0455674607263159,0.05136701750083272,0.19594041297338438
2026-05-13,ASTS,ASTS,0.54,-0.292,,DIVERGING,,43,bridge_20260513_0803.csv,,,,,,0.1096110793375471,0.1974335617494516,0.7790402443690763,0.30410373937228674
2026-05-13,LEU,LEU,0.082,0.0,,TECH_WAIT,,43,bridge_20260513_0803.csv,,,,,,5.2050157308913825e-05,-0.11959856633554511,-0.035619525410474195,-0.1748739291235547
2026-05-13,CCJ,CCJ,0.0,0.0,,NEUTRAL,,43,bridge_20260513_0803.csv,,,,,,-0.024958811583773444,-0.09853542600505483,-0.041251426998945684,-0.14230001088307775
2026-05-13,DNN,DNN,0.0,0.0,,NEUTRAL,,43,bridge_20260513_0803.csv,,,,,,-0.027855127304566296,-0.11699160109104068,-0.05013922914821933,-0.16434538392066544
2026-05-13,ONDS,ONDS,0.27,-0.318,,DIVERGING,,43,bridge_20260513_0803.csv,,,,,,0.26523707364917026,0.056433410764658465,0.4954853852634493,0.10948084702213023
2026-05-13,META,META,0.468,-0.664,,DIVERGING,,43,bridge_20260513_0803.csv,,,,,,0.0029191031743067697,-0.018763243038027122,0.030261224265768272,-0.07816685393219469
2026-05-13,HOOD,HOOD,0.285,-0.552,,DIVERGING,,43,bridge_20260513_0803.csv,,,,,,0.05146575828328581,-0.01289899496768121,0.10540711840899841,0.20169385481346702
2026-05-13,SOFI,SOFI,0.256,-0.799,,DIVERGING,,43,bridge_20260513_0803.csv,,,,,,0.04637491957461015,0.024820323341056882,0.10842579021819199,0.08883080466377247
2026-05-14,MU,MU,0.7,0.814,,ALIGNED,,45,bridge_20260514_0931.csv,,,,,,-0.06617190283375973,-0.017925073982120954,0.25127253810573835,0.2649450020149946
2026-05-14,AMD,AMD,0.7,0.757,,ALIGNED,,45,bridge_20260514_0931.csv,,,,,,-0.05692685214277915,-0.0002446427977634835,0.1476539061073836,0.13758059470255035
2026-05-14,NVDA,NVDA,0.69,0.7,,ALIGNED,,45,bridge_20260514_0931.csv,,,,,,-0.04420122720632225,-0.06884709378340581,-0.10435226140448561,-0.1285774940977763
2026-05-14,INTC,INTC,0.506,0.823,,ALIGNED,,45,bridge_20260514_0931.csv,,,,,,-0.0617614391724427,0.02216854729629003,-0.010782368642365925,0.07452772679120478
2026-05-14,NBIS,NBIS,0.7,0.608,,ALIGNED,,45,bridge_20260514_0931.csv,,,,,,-0.005471361015024434,-0.005516623352357808,0.0449468809212763,0.05068960896790409
2026-05-14,MRVL,MRVL,0.254,0.89,,ALIGNED,,45,bridge_20260514_0931.csv,,,,,,-0.031164431313161378,0.04441889446886682,0.12279542293940482,0.5319311534972462
2026-05-14,AAPL,AAPL,0.443,0.743,,ALIGNED,,45,bridge_20260514_0931.csv,,,,,,0.0067738157309671365,0.02273565263931876,0.04644380302596929,-0.023741614215270657
2026-05-14,SPY,SPY,0.555,0.663,,ALIGNED,,45,bridge_20260514_0931.csv,,,,,,-0.012029343756796207,-0.007284493648601065,0.011107086162463808,-0.008580937877739392
2026-05-14,IREN,IREN,0.7,0.564,,ALIGNED,,45,bridge_20260514_0931.csv,,,,,,-0.09349319788545585,-0.005821920268910041,0.08801368587928438,0.02345888520700945
2026-05-14,SNDK,SNDK,0.413,0.753,,ALIGNED,,45,bridge_20260514_0931.csv,,,,,,0.018000763116034824,0.11536682980729118,0.22583025947534274,0.4320325283065374
2026-05-14,LITE,LITE,0.338,0.772,,ALIGNED,,45,bridge_20260514_0931.csv,,,,,,-0.0310537780890362,-0.037242588564216805,-0.14658465771334905,-0.08010501012723859
2026-05-14,AAOI,AAOI,0.324,0.749,,ALIGNED,,45,bridge_20260514_0931.csv,,,,,,-0.06489171409631123,-0.13145359730230433,-0.2218401632721103,-0.16957313469799185
2026-05-14,ARM,ARM,0.376,0.694,,ALIGNED,,45,bridge_20260514_0931.csv,,,,,,-0.08463893364503561,0.30516416186576856,0.5461269520565508,0.6665645407378282
2026-05-14,AXTI,AXTI,0.236,0.752,,ALIGNED,,45,bridge_20260514_0931.csv,,,,,,0.07653500752687714,0.05253081500948298,-0.10280048138571773,-0.1548095541143888
2026-05-14,DOCN,DOCN,0.282,0.703,,ALIGNED,,45,bridge_20260514_0931.csv,,,,,,-0.02228534668759996,-0.0003155795132253614,-0.015467153047008853,0.07601015788416077
2026-05-14,FLNC,FLNC,0.331,0.667,,ALIGNED,,45,bridge_20260514_0931.csv,,,,,,-0.008118437056267025,-0.035816617997701194,-0.09837637634920549,0.1322826399125352
2026-05-14,QCOM,QCOM,0.273,0.705,,ALIGNED,,45,bridge_20260514_0931.csv,,,,,,0.007047202540134245,0.0666233370286764,0.2545981607280543,0.0620850537166826
2026-05-14,TSM,TSM,0.397,0.589,,ALIGNED,,45,bridge_20260514_0931.csv,,,,,,-0.03200704400430321,-0.025304065233783368,0.0017476002442613492,0.017243062305298817
2026-05-14,IONQ,IONQ,0.238,0.68,,ALIGNED,,45,bridge_20260514_0931.csv,,,,,,-0.09605011902757943,0.024708511202080397,0.254045557055975,0.006612097535175998
2026-05-14,AMZN,AMZN,0.334,0.558,,ALIGNED,,45,bridge_20260514_0931.csv,,,,,,-0.011526033074604314,0.00464033466323821,0.012798493421567247,-0.10728986617010794
2026-05-14,RDW,RDW,0.0,0.756,,CONTRARIAN,,45,bridge_20260514_0931.csv,,,,,,0.00500362041771063,0.09721233971420307,0.7562544743959234,0.08077198948735953
2026-05-14,BKSY,BKSY,0.0,0.748,,CONTRARIAN,,45,bridge_20260514_0931.csv,,,,,,-0.09165494283632314,0.046647953248586616,0.136193187859176,-0.24003754606407923
2026-05-14,UEC,UEC,0.0,0.743,,CONTRARIAN,,45,bridge_20260514_0931.csv,,,,,,-0.07832550764481672,-0.11546252462504858,-0.07022281785188123,-0.2552329898410184
2026-05-14,OUST,OUST,0.378,0.49,,ALIGNED,,45,bridge_20260514_0931.csv,,,,,,0.0,0.006597806603825251,0.32099823381489423,0.1417096540509546
2026-05-14,LUNR,LUNR,0.0,0.739,,CONTRARIAN,,45,bridge_20260514_0931.csv,,,,,,-0.07201536240824802,-0.06243151015109527,0.2001643286326138,-0.27108432350596157
2026-05-14,QUBT,QUBT,0.0,0.579,,CONTRARIAN,,45,bridge_20260514_0931.csv,,,,,,-0.10443303287306549,-0.027280452456284632,0.01960788617957565,-0.15345262636876256
2026-05-14,QBTS,QBTS,0.082,0.461,,ALIGNED,,45,bridge_20260514_0931.csv,,,,,,-0.0804337481608478,0.16312701072088553,0.3619521252889357,0.05603261299101847
2026-05-14,RKLB,RKLB,-0.345,0.676,,CONTRARIAN,,45,bridge_20260514_0931.csv,,,,,,-0.05869487913669447,-0.05356473738248979,0.08245939210965791,-0.2275368009635772
2026-05-14,NNE,NNE,0.0,0.427,,CONTRARIAN,,45,bridge_20260514_0931.csv,,,,,,-0.09513437734695984,-0.08932465178075988,0.0486564343025766,-0.15831519482242817
2026-05-14,COIN,COIN,0.247,0.22,,ALIGNED,,45,bridge_20260514_0931.csv,,,,,,-0.07820386897147003,-0.0870241848322264,-0.10839109628295429,-0.24635629017883398
2026-05-14,CRWV,CRWV,0.565,0.0,,TECH_WAIT,,45,bridge_20260514_0931.csv,,,,,,-0.06054365457996147,-0.058092148313056424,-0.0410191105267278,-0.11964272402291776
2026-05-14,RDDT,RDDT,0.436,0.0,,TECH_WAIT,,45,bridge_20260514_0931.csv,,,,,,0.011899434709250256,-0.04011262472261623,0.12596764601717392,0.037041831203096676
2026-05-14,ASTS,ASTS,0.37,0.0,,TECH_WAIT,,45,bridge_20260514_0931.csv,,,,,,0.007950801297796684,0.15925793133949506,0.36622094619379064,-0.007228026245998831
2026-05-14,OKLO,OKLO,0.0,0.19,,CONTRARIAN,,45,bridge_20260514_0931.csv,,,,,,-0.07379852926703212,-0.03154296645529653,-0.0049100109440549655,-0.14462129948535352
2026-05-14,HIMS,HIMS,0.24,0.0,,TECH_WAIT,,45,bridge_20260514_0931.csv,,,,,,0.03341581986760134,-0.009488430049837349,0.07879537398708503,0.10643564142191586
2026-05-14,RGTI,RGTI,0.103,0.0,,TECH_WAIT,,45,bridge_20260514_0931.csv,,,,,,-0.07368967527563508,0.143746776957012,0.3253762485115852,0.08873892287759211
2026-05-14,SMR,SMR,0.0,0.0,,NEUTRAL,,45,bridge_20260514_0931.csv,,,,,,-0.0688226242538349,-0.06053071894783946,0.0505804009496571,-0.17993366507386188
2026-05-14,UUUU,UUUU,-0.065,0.0,,NEUTRAL,,45,bridge_20260514_0931.csv,,,,,,-0.055897443722455975,-0.08410253280248392,-0.06564106085361576,-0.22871795067420375
2026-05-14,LEU,LEU,0.0,-0.185,,NEUTRAL,,45,bridge_20260514_0931.csv,,,,,,-0.050540769813495534,-0.0788790185628494,-0.051216751915520664,-0.1546381258348617
2026-05-14,CCJ,CCJ,0.0,-0.204,,NEUTRAL,,45,bridge_20260514_0931.csv,,,,,,-0.044440493334502396,-0.06381655114077789,0.0016886926353594234,-0.10265756672702508
2026-05-14,PLTR,PLTR,0.45,-0.509,,DIVERGING,,45,bridge_20260514_0931.csv,,,,,,0.0019442890445815486,0.027555504945214748,0.17056754869765145,-0.04292229153632954
2026-05-14,ONDS,ONDS,0.308,-0.477,,DIVERGING,,45,bridge_20260514_0931.csv,,,,,,-0.05263159238003168,-0.18108828956852996,0.179304212492589,-0.16770741374160458
2026-05-14,DNN,DNN,0.0,-0.353,,NEUTRAL,,45,bridge_20260514_0931.csv,,,,,,-0.06017193053671299,-0.08309454471649746,-0.002865326772473087,-0.12320918784589907
2026-05-14,META,META,0.375,-0.673,,DIVERGING,,45,bridge_20260514_0931.csv,,,,,,-0.006791382967951565,-0.017867869870270336,0.022767318895877908,-0.08319461423148822
2026-05-14,SOFI,SOFI,0.236,-0.77,,DIVERGING,,45,bridge_20260514_0931.csv,,,,,,-0.025593058013161918,-0.023096181564344898,0.1373282642151641,0.03495627028343762
2026-05-15,IREN,IREN,0.7,0.923,,ALIGNED,,43,bridge_20260515_0835.csv,,,,,,-0.04684547802358896,0.07347947308754077,0.23403860078860617,0.14941443242541763
2026-05-15,AMD,AMD,0.688,0.765,,ALIGNED,,43,bridge_20260515_0835.csv,,,,,,-0.007333213450559373,0.10235794161133249,0.2028530948860643,0.29040321124647206
2026-05-15,INTC,INTC,0.506,0.799,,ALIGNED,,43,bridge_20260515_0835.csv,,,,,,-0.005516213042554563,0.10177438665508931,0.005148526296511413,0.17550799445117082
2026-05-15,TSM,TSM,0.6,0.734,,ALIGNED,,43,bridge_20260515_0835.csv,,,,,,-0.020774072654937692,0.00042038659377552356,0.07735869824647268,0.0941849042858327
2026-05-15,SNDK,SNDK,0.553,0.739,,ALIGNED,,43,bridge_20260515_0835.csv,,,,,,-0.05299761749509435,0.05049691093014985,0.25136228929990545,0.4974745343934308
2026-05-15,LITE,LITE,0.439,0.793,,ALIGNED,,43,bridge_20260515_0835.csv,,,,,,-0.08830743861163037,-0.02451837590776984,-0.0676831270019792,-0.013866304526001683
2026-05-15,SPY,SPY,0.555,0.706,,ALIGNED,,43,bridge_20260515_0835.csv,,,,,,-0.0007035093177317764,0.008753053328125482,0.02620501841061862,0.021185912395622175
2026-05-15,ARM,ARM,0.376,0.8,,ALIGNED,,43,bridge_20260515_0835.csv,,,,,,0.028494890756964653,0.4654331822482711,0.9547236514873962,0.9724133704808533
2026-05-15,FLNC,FLNC,0.373,0.752,,ALIGNED,,43,bridge_20260515_0835.csv,,,,,,-0.059220005542973575,0.034665348940103646,0.3071737612014258,0.16417909351260884
2026-05-15,MRVL,MRVL,0.351,0.768,,ALIGNED,,43,bridge_20260515_0835.csv,,,,,,-0.044999811903635334,0.10989883866888528,0.24048836373764382,0.746169995627191
2026-05-15,TSLA,TSLA,0.517,0.624,,ALIGNED,,43,bridge_20260515_0835.csv,,,,,,-0.029011937010514632,0.008928617891349688,-0.015062489339373597,-0.02626467552667111
2026-05-15,AXTI,AXTI,0.236,0.789,,ALIGNED,,43,bridge_20260515_0835.csv,,,,,,-0.14461142108908165,0.13774441121265824,-0.11496199602418433,-0.10534820685188417
2026-05-15,DOCN,DOCN,0.282,0.749,,ALIGNED,,43,bridge_20260515_0835.csv,,,,,,-0.04804030913655366,0.02318080783797516,0.11997160468040002,0.17059468587800852
2026-05-15,AAOI,AAOI,0.119,0.789,,CONTRARIAN,,43,bridge_20260515_0835.csv,,,,,,-0.08982982795066108,-0.04659589771353023,-0.024637541638835248,0.0062513261062762115
2026-05-15,IONQ,IONQ,0.238,0.648,,ALIGNED,,43,bridge_20260515_0835.csv,,,,,,-0.05081808182631986,0.22502403185811892,0.33358994729255986,0.17767082592269956
2026-05-15,AMZN,AMZN,0.334,0.567,,ALIGNED,,43,bridge_20260515_0835.csv,,,,,,0.0027257161474880665,0.008253170874858773,-0.010903326732398688,-0.0686000203342676
2026-05-15,BKSY,BKSY,0.0,0.75,,CONTRARIAN,,43,bridge_20260515_0835.csv,,,,,,0.10967741935483866,0.23535481114541335,0.09367744691910285,-0.19509676041141633
2026-05-15,LUNR,LUNR,0.0,0.728,,CONTRARIAN,,43,bridge_20260515_0835.csv,,,,,,-0.008852146428547258,0.12894656272019778,0.1274712237422979,-0.23989375353160602
2026-05-15,COIN,COIN,0.247,0.547,,ALIGNED,,43,bridge_20260515_0835.csv,,,,,,-0.03065031192173462,-0.05342059854618708,-0.0655988975381997,-0.1320677404998556
2026-05-15,QCOM,QCOM,0.273,0.475,,ALIGNED,,43,bridge_20260515_0835.csv,,,,,,0.010670436127844019,0.18199408844020004,0.13648319579041357,0.0999332104868429
2026-05-15,QBTS,QBTS,0.167,0.531,,ALIGNED,,43,bridge_20260515_0835.csv,,,,,,-0.06339070719143525,0.4447173988901387,0.4339066220237746,0.2904176774755065
2026-05-15,OUST,OUST,0.192,0.513,,CONTRARIAN,,43,bridge_20260515_0835.csv,,,,,,-0.11818705585478329,0.062248942368088755,0.28886975096133427,0.29604129415189195
2026-05-15,RDW,RDW,0.007,0.634,,CONTRARIAN,,43,bridge_20260515_0835.csv,,,,,,-0.007112402452720046,0.24395442739218454,0.4708392381214135,0.05476525470191618
2026-05-15,RGTI,RGTI,0.197,0.481,,ALIGNED,,43,bridge_20260515_0835.csv,,,,,,-0.06890753590757359,0.4801120174608413,0.4358542640353875,0.27170869903759565
2026-05-15,QUBT,QUBT,0.0,0.55,,CONTRARIAN,,43,bridge_20260515_0835.csv,,,,,,-0.07520228017580288,0.17182296863514535,0.17943838251753852,0.05663972018533148
2026-05-15,CRWV,CRWV,0.565,0.16,,ALIGNED,,43,bridge_20260515_0835.csv,,,,,,-0.03289847444821281,-0.016868640601204854,0.16328048597179778,-0.005498638867704075
2026-05-15,NNE,NNE,0.0,0.499,,CONTRARIAN,,43,bridge_20260515_0835.csv,,,,,,-0.030898894679224465,0.07263240210276778,0.1918138311400992,0.0064205396036221
2026-05-15,BTC,BTC,0.287,0.304,,ALIGNED,,43,bridge_20260515_0835.csv,,,,,,-0.028873594475428366,-0.04145228078658669,-0.09634073687781752,-0.15866207288994516
2026-05-15,ONDS,ONDS,0.114,0.412,,CONTRARIAN,,43,bridge_20260515_0835.csv,,,,,,-0.08662901000073908,-0.14689260666223236,0.2674199795849037,-0.10451974280965926
2026-05-15,UEC,UEC,0.0,0.432,,CONTRARIAN,,43,bridge_20260515_0835.csv,,,,,,-0.03296701991509576,-0.04615378596138264,-0.004395565393344958,-0.13772888009567763
2026-05-15,RKLB,RKLB,-0.396,0.676,,CONTRARIAN,,43,bridge_20260515_0835.csv,,,,,,0.051214291824684954,0.08808205625915799,-0.019075076680706404,-0.1243888519726819
2026-05-15,ASTS,ASTS,0.37,0.0,,TECH_WAIT,,43,bridge_20260515_0835.csv,,,,,,0.03776746421971633,0.26520859241087225,0.26269874313313446,0.04661170803427139
2026-05-15,OKLO,OKLO,0.0,0.0,,NEUTRAL,,43,bridge_20260515_0835.csv,,,,,,-0.05927708637283513,0.05831320889024849,0.07453814280559734,-0.024257001149127766
2026-05-15,HIMS,HIMS,0.24,-0.176,,DIVERGING,,43,bridge_20260515_0835.csv,,,,,,-0.1101795770696028,-0.051896178708750074,0.10818367562310915,0.20439125729227747
2026-05-15,SMR,SMR,0.0,-0.22,,NEUTRAL,,43,bridge_20260515_0835.csv,,,,,,-0.06678539898236235,0.015138030563097482,0.14781842108213072,-0.05253777586495634
2026-05-15,LEU,LEU,0.0,-0.227,,NEUTRAL,,43,bridge_20260515_0835.csv,,,,,,-0.05284780302692249,-0.01774373157100173,0.03504925346418797,-0.032584950756563535
2026-05-15,UUUU,UUUU,-0.065,-0.208,,NEUTRAL,,43,bridge_20260515_0835.csv,,,,,,-0.05486150120874722,-0.020097715097850855,-0.04291140764402346,-0.1504616799048336
2026-05-15,CCJ,CCJ,0.0,-0.257,,NEUTRAL,,43,bridge_20260515_0835.csv,,,,,,-0.022044486089572435,-0.025672049868747604,0.047251363600784524,-0.004557766565227661
2026-05-15,PLTR,PLTR,0.462,-0.567,,DIVERGING,,43,bridge_20260515_0835.csv,,,,,,0.008582684150595377,0.021568768349635503,0.19896997768748093,0.0053735442285645085
2026-05-15,NOW,NOW,0.353,-0.499,,DIVERGING,,43,bridge_20260515_0835.csv,,,,,,0.08783000421715248,0.07426104534823197,0.4290522882766774,0.09550859219734509
2026-05-15,DNN,DNN,0.0,-0.336,,NEUTRAL,,43,bridge_20260515_0835.csv,,,,,,-0.009146332820563763,-0.015243888034273012,0.04573173679141074,0.009146332820563874
2026-05-15,SOFI,SOFI,0.447,-0.872,,DIVERGING,,43,bridge_20260515_0835.csv,,,,,,0.006406174482326277,0.0006406296669940748,0.1902626734369195,0.09737344891222777
2026-05-15,META,META,0.431,-0.872,,DIVERGING,,43,bridge_20260515_0835.csv,,,,,,-0.004916738493843331,-0.00646335182837543,-0.022402122251876988,-0.0328866687500361
2026-05-16,NVDA,NVDA,0.7,0.856,,ALIGNED,,41,bridge_20260516_0824.csv,,,,,,-0.007691677106092865,-0.03355527378095091,0.002248951642489283,-0.06597820394869702
2026-05-16,MU,MU,0.693,0.704,,ALIGNED,,41,bridge_20260516_0824.csv,,,,,,0.02523701179993898,0.3144936950015558,0.561316922704318,0.4977257651258429
2026-05-16,AMD,AMD,0.688,0.672,,ALIGNED,,41,bridge_20260516_0824.csv,,,,,,-0.01648495831823127,0.1969168539325843,0.2388417542587895,0.20499304095686832
2026-05-16,LITE,LITE,0.413,0.843,,ALIGNED,,41,bridge_20260516_0824.csv,,,,,,0.005774194331505722,0.02918712022859804,0.16290768958293222,-0.010870296876198338
2026-05-16,AXTI,AXTI,0.413,0.814,,ALIGNED,,41,bridge_20260516_0824.csv,,,,,,0.06611258199455627,0.2523612537139077,0.046939944745254314,-0.12126933009979968
2026-05-16,SPY,SPY,0.561,0.688,,ALIGNED,,41,bridge_20260516_0824.csv,,,,,,-0.0066607880874933745,0.016164684385910455,0.028321977137827803,0.015812682090149632
2026-05-16,NOK,NOK,0.32,0.772,,ALIGNED,,41,bridge_20260516_0824.csv,,,,,,-0.005094592139030407,0.197962107617498,0.22634648196202045,0.01746723254120064
2026-05-16,DOCN,DOCN,0.282,0.79,,ALIGNED,,41,bridge_20260516_0824.csv,,,,,,0.01756773875974793,0.09014453778172826,0.1739131514767378,0.1814420493042208
2026-05-16,MRVL,MRVL,0.278,0.742,,ALIGNED,,41,bridge_20260516_0824.csv,,,,,,0.04345008002609263,0.23281842276092957,0.7213640981671472,0.6496184361324924
2026-05-16,AAOI,AAOI,0.119,0.75,,CONTRARIAN,,41,bridge_20260516_0824.csv,,,,,,-0.011139286257481062,0.025164496990559115,0.16801339913007451,-0.014140580779861023
2026-05-16,ARM,ARM,0.376,0.57,,ALIGNED,,41,bridge_20260516_0824.csv,,,,,,0.03732799814783605,0.49321312993577004,0.8720249190955038,0.8424135614264159
2026-05-16,TSLA,TSLA,0.442,0.492,,ALIGNED,,41,bridge_20260516_0824.csv,,,,,,-0.014341825466156255,0.05756239582830891,0.03353740415013462,-0.013000284639190007
2026-05-16,TSM,TSM,0.385,0.51,,ALIGNED,,41,bridge_20260516_0824.csv,,,,,,-0.008435530509201206,0.04134353230800225,0.12814742876275553,0.07798255539923482
2026-05-16,LUNR,LUNR,0.0,0.749,,CONTRARIAN,,41,bridge_20260516_0824.csv,,,,,,-0.033640996218577746,0.0378088851442242,0.17802916091310617,-0.30455491205016183
2026-05-16,IONQ,IONQ,0.292,0.479,,ALIGNED,,41,bridge_20260516_0824.csv,,,,,,-0.01764353523326556,0.29020476901354986,0.44798214433944517,0.13688906534194833
2026-05-16,OUST,OUST,0.192,0.511,,CONTRARIAN,,41,bridge_20260516_0824.csv,,,,,,-0.033181537584851095,0.3890696512970808,0.49739749908991415,0.3900455387245447
2026-05-16,BKSY,BKSY,0.0,0.617,,CONTRARIAN,,41,bridge_20260516_0824.csv,,,,,,0.05046507369640252,0.1341860571572946,0.0211627871491189,-0.3309302219124728
2026-05-16,RDW,RDW,0.012,0.554,,CONTRARIAN,,41,bridge_20260516_0824.csv,,,,,,-0.0035816755442860115,0.5787966228725667,0.47421202489035297,-0.03295129204082958
2026-05-16,RDDT,RDDT,0.479,0.208,,ALIGNED,,41,bridge_20260516_0824.csv,,,,,,-0.026585354228600644,-0.09094337983279299,0.06297532671751527,0.10231914220882543
2026-05-16,MSFT,MSFT,0.447,0.151,,ALIGNED,,41,bridge_20260516_0824.csv,,,,,,-0.014449655975185882,-0.015604071613195991,0.04421259531222188,-0.0681329798430379
2026-05-16,QUBT,QUBT,0.0,0.44,,CONTRARIAN,,41,bridge_20260516_0824.csv,,,,,,-0.05095212329227017,0.20226455190167458,0.26093667602638515,0.041688083027287215
2026-05-16,RKLB,RKLB,-0.388,0.694,,CONTRARIAN,,41,bridge_20260516_0824.csv,,,,,,-0.029353507136473556,0.09179622560205081,-0.05977435001818354,-0.20227207737076036
2026-05-16,CRWV,CRWV,0.6,0.0,,TECH_WAIT,,41,bridge_20260516_0824.csv,,,,,,-0.0381613107119364,0.02042982379458036,0.1493688012086456,0.12778262084598868
2026-05-16,ASTS,ASTS,0.492,0.0,,TECH_WAIT,,41,bridge_20260516_0824.csv,,,,,,0.014626242269779599,0.3785557344700132,0.3609351108718035,-0.052746766491678865
2026-05-16,BTC,BTC,0.287,0.0,,TECH_WAIT,,41,bridge_20260516_0824.csv,,,,,,-0.0008832085050339833,-0.012069468138912964,-0.12511044317415143,-0.1451280579339861
2026-05-16,COIN,COIN,0.247,0.0,,TECH_WAIT,,41,bridge_20260516_0824.csv,,,,,,0.02116762275737516,-0.04977833516174601,-0.08155614838012293,-0.10647169504331
2026-05-16,NOW,NOW,0.517,-0.243,,DIVERGING,,41,bridge_20260516_0824.csv,,,,,,-0.015374167144087902,-0.033842584238712226,0.23428740848894458,-0.020208822035332474
2026-05-16,NNE,NNE,0.0,0.0,,NEUTRAL,,41,bridge_20260516_0824.csv,,,,,,-0.07681157646118508,0.20372671445173984,0.2658385166750845,-0.005797076267488488
2026-05-16,QBTS,QBTS,-0.048,0.0,,NEUTRAL,,41,bridge_20260516_0824.csv,,,,,,-0.04564527577450017,0.4596012840679644,0.569255020224801,0.25603364138782525
2026-05-16,RGTI,RGTI,-0.063,0.0,,NEUTRAL,,41,bridge_20260516_0824.csv,,,,,,-0.03971123753065153,0.5081226996624957,0.6173283876925753,0.24187715688469624
2026-05-16,UEC,UEC,0.0,-0.163,,NEUTRAL,,41,bridge_20260516_0824.csv,,,,,,-0.09772727124947156,0.023484880613339643,0.16969695480949154,-0.11590907235447667
2026-05-16,HOOD,HOOD,0.252,-0.348,,DIVERGING,,41,bridge_20260516_0824.csv,,,,,,-0.038755642315400074,-0.039663060628221,0.14270903329194762,0.2535320437036235
2026-05-16,OKLO,OKLO,-0.015,-0.239,,NEUTRAL,,41,bridge_20260516_0824.csv,,,,,,-0.04576503146050337,0.17315565807988498,0.2546106471611611,-0.018954928010944894
2026-05-16,PLTR,PLTR,0.462,-0.657,,DIVERGING,,41,bridge_20260516_0824.csv,,,,,,0.0008879319056493973,0.010803660799624248,0.12601745490759075,-0.013985492068850802
2026-05-16,UUUU,UUUU,-0.065,-0.311,,NEUTRAL,,41,bridge_20260516_0824.csv,,,,,,-0.07011490460351755,0.057471265627790036,0.12298858298353399,-0.1183907765002804
2026-05-16,CCJ,CCJ,0.0,-0.374,,NEUTRAL,,41,bridge_20260516_0824.csv,,,,,,-0.015408053604587746,0.028818706456975596,0.14618606463578976,0.02606047060752892
2026-05-16,LEU,LEU,-0.045,-0.355,,NEUTRAL,,41,bridge_20260516_0824.csv,,,,,,-0.022838953558491748,0.06019082882796889,0.15137327780586807,-0.043249470133136625
2026-05-16,SMR,SMR,-0.015,-0.418,,NEUTRAL,,41,bridge_20260516_0824.csv,,,,,,-0.04007625390888192,0.16603061076290682,0.3311069101715194,-0.05629763594318571
2026-05-16,META,META,0.419,-0.731,,DIVERGING,,41,bridge_20260516_0824.csv,,,,,,-0.014070457436796246,0.0018488140483079452,-0.022218253013156053,-0.017086911951792683
2026-05-16,DNN,DNN,0.0,-0.509,,NEUTRAL,,41,bridge_20260516_0824.csv,,,,,,-0.02769228128286505,0.030769201425405734,0.12923079270582938,0.024615361140324588
2026-05-16,SOFI,SOFI,0.278,-0.774,,DIVERGING,,41,bridge_20260516_0824.csv,,,,,,-0.03055381888893116,0.017186473802275115,0.1292170418868206,0.12730738647162898
2026-05-17,NVDA,NVDA,0.7,0.856,,ALIGNED,,42,bridge_20260517_1414.csv,,,,,,-0.007691677106092865,-0.03355527378095091,0.002248951642489283,-0.06597820394869702
2026-05-17,MU,MU,0.686,0.704,,ALIGNED,,42,bridge_20260517_1414.csv,,,,,,0.02523701179993898,0.3144936950015558,0.561316922704318,0.4977257651258429
2026-05-17,AMD,AMD,0.688,0.672,,ALIGNED,,42,bridge_20260517_1414.csv,,,,,,-0.01648495831823127,0.1969168539325843,0.2388417542587895,0.20499304095686832
2026-05-17,LITE,LITE,0.413,0.843,,ALIGNED,,42,bridge_20260517_1414.csv,,,,,,0.005774194331505722,0.02918712022859804,0.16290768958293222,-0.010870296876198338
2026-05-17,AXTI,AXTI,0.413,0.814,,ALIGNED,,42,bridge_20260517_1414.csv,,,,,,0.06611258199455627,0.2523612537139077,0.046939944745254314,-0.12126933009979968
2026-05-17,SPY,SPY,0.561,0.688,,ALIGNED,,42,bridge_20260517_1414.csv,,,,,,-0.0066607880874933745,0.016164684385910455,0.028321977137827803,0.015812682090149632
2026-05-17,NOK,NOK,0.32,0.772,,ALIGNED,,42,bridge_20260517_1414.csv,,,,,,-0.005094592139030407,0.197962107617498,0.22634648196202045,0.01746723254120064
2026-05-17,DOCN,DOCN,0.282,0.79,,ALIGNED,,42,bridge_20260517_1414.csv,,,,,,0.01756773875974793,0.09014453778172826,0.1739131514767378,0.1814420493042208
2026-05-17,TSLA,TSLA,0.582,0.56,,ALIGNED,,42,bridge_20260517_1414.csv,,,,,,-0.014341825466156255,0.05756239582830891,0.03353740415013462,-0.013000284639190007
2026-05-17,MRVL,MRVL,0.278,0.742,,ALIGNED,,42,bridge_20260517_1414.csv,,,,,,0.04345008002609263,0.23281842276092957,0.7213640981671472,0.6496184361324924
2026-05-17,AAOI,AAOI,0.119,0.75,,CONTRARIAN,,42,bridge_20260517_1414.csv,,,,,,-0.011139286257481062,0.025164496990559115,0.16801339913007451,-0.014140580779861023
2026-05-17,ARM,ARM,0.376,0.57,,ALIGNED,,42,bridge_20260517_1414.csv,,,,,,0.03732799814783605,0.49321312993577004,0.8720249190955038,0.8424135614264159
2026-05-17,TSM,TSM,0.418,0.487,,ALIGNED,,42,bridge_20260517_1414.csv,,,,,,-0.008435530509201206,0.04134353230800225,0.12814742876275553,0.07798255539923482
2026-05-17,LUNR,LUNR,0.0,0.749,,CONTRARIAN,,42,bridge_20260517_1414.csv,,,,,,-0.033640996218577746,0.0378088851442242,0.17802916091310617,-0.30455491205016183
2026-05-17,AMZN,AMZN,0.378,0.494,,ALIGNED,,42,bridge_20260517_1414.csv,,,,,,-0.020841158796957915,0.0016235868652962893,-0.03148832137410451,-0.07120737897243579
2026-05-17,IONQ,IONQ,0.324,0.479,,ALIGNED,,42,bridge_20260517_1414.csv,,,,,,-0.01764353523326556,0.29020476901354986,0.44798214433944517,0.13688906534194833
2026-05-17,OUST,OUST,0.207,0.511,,CONTRARIAN,,42,bridge_20260517_1414.csv,,,,,,-0.033181537584851095,0.3890696512970808,0.49739749908991415,0.3900455387245447
2026-05-17,BKSY,BKSY,0.0,0.617,,CONTRARIAN,,42,bridge_20260517_1414.csv,,,,,,0.05046507369640252,0.1341860571572946,0.0211627871491189,-0.3309302219124728
2026-05-17,RDW,RDW,0.012,0.554,,CONTRARIAN,,42,bridge_20260517_1414.csv,,,,,,-0.0035816755442860115,0.5787966228725667,0.47421202489035297,-0.03295129204082958
2026-05-17,RDDT,RDDT,0.479,0.208,,ALIGNED,,42,bridge_20260517_1414.csv,,,,,,-0.026585354228600644,-0.09094337983279299,0.06297532671751527,0.10231914220882543
2026-05-17,MSFT,MSFT,0.447,0.151,,ALIGNED,,42,bridge_20260517_1414.csv,,,,,,-0.014449655975185882,-0.015604071613195991,0.04421259531222188,-0.0681329798430379
2026-05-17,RKLB,RKLB,-0.388,0.694,,CONTRARIAN,,42,bridge_20260517_1414.csv,,,,,,-0.029353507136473556,0.09179622560205081,-0.05977435001818354,-0.20227207737076036
2026-05-17,QUBT,QUBT,0.0,0.431,,CONTRARIAN,,42,bridge_20260517_1414.csv,,,,,,-0.05095212329227017,0.20226455190167458,0.26093667602638515,0.041688083027287215
2026-05-17,CRWV,CRWV,0.6,0.0,,TECH_WAIT,,42,bridge_20260517_1414.csv,,,,,,-0.0381613107119364,0.02042982379458036,0.1493688012086456,0.12778262084598868
2026-05-17,ASTS,ASTS,0.492,0.0,,TECH_WAIT,,42,bridge_20260517_1414.csv,,,,,,0.014626242269779599,0.3785557344700132,0.3609351108718035,-0.052746766491678865
2026-05-17,BTC,BTC,0.287,0.0,,TECH_WAIT,,42,bridge_20260517_1414.csv,,,,,,-0.0008832085050339833,-0.012069468138912964,-0.12511044317415143,-0.1451280579339861
2026-05-17,COIN,COIN,0.247,0.0,,TECH_WAIT,,42,bridge_20260517_1414.csv,,,,,,0.02116762275737516,-0.04977833516174601,-0.08155614838012293,-0.10647169504331
2026-05-17,NOW,NOW,0.517,-0.243,,DIVERGING,,42,bridge_20260517_1414.csv,,,,,,-0.015374167144087902,-0.033842584238712226,0.23428740848894458,-0.020208822035332474
2026-05-17,NNE,NNE,0.0,0.0,,NEUTRAL,,42,bridge_20260517_1414.csv,,,,,,-0.07681157646118508,0.20372671445173984,0.2658385166750845,-0.005797076267488488
2026-05-17,QBTS,QBTS,-0.048,0.0,,NEUTRAL,,42,bridge_20260517_1414.csv,,,,,,-0.04564527577450017,0.4596012840679644,0.569255020224801,0.25603364138782525
2026-05-17,RGTI,RGTI,-0.063,0.0,,NEUTRAL,,42,bridge_20260517_1414.csv,,,,,,-0.03971123753065153,0.5081226996624957,0.6173283876925753,0.24187715688469624
2026-05-17,UEC,UEC,0.0,-0.163,,NEUTRAL,,42,bridge_20260517_1414.csv,,,,,,-0.09772727124947156,0.023484880613339643,0.16969695480949154,-0.11590907235447667
2026-05-17,HOOD,HOOD,0.252,-0.348,,DIVERGING,,42,bridge_20260517_1414.csv,,,,,,-0.038755642315400074,-0.039663060628221,0.14270903329194762,0.2535320437036235
2026-05-17,OKLO,OKLO,-0.015,-0.239,,NEUTRAL,,42,bridge_20260517_1414.csv,,,,,,-0.04576503146050337,0.17315565807988498,0.2546106471611611,-0.018954928010944894
2026-05-17,PLTR,PLTR,0.462,-0.657,,DIVERGING,,42,bridge_20260517_1414.csv,,,,,,0.0008879319056493973,0.010803660799624248,0.12601745490759075,-0.013985492068850802
2026-05-17,UUUU,UUUU,-0.065,-0.311,,NEUTRAL,,42,bridge_20260517_1414.csv,,,,,,-0.07011490460351755,0.057471265627790036,0.12298858298353399,-0.1183907765002804
2026-05-17,CCJ,CCJ,0.0,-0.374,,NEUTRAL,,42,bridge_20260517_1414.csv,,,,,,-0.015408053604587746,0.028818706456975596,0.14618606463578976,0.02606047060752892
2026-05-17,LEU,LEU,-0.045,-0.355,,NEUTRAL,,42,bridge_20260517_1414.csv,,,,,,-0.022838953558491748,0.06019082882796889,0.15137327780586807,-0.043249470133136625
2026-05-17,SMR,SMR,-0.015,-0.418,,NEUTRAL,,42,bridge_20260517_1414.csv,,,,,,-0.04007625390888192,0.16603061076290682,0.3311069101715194,-0.05629763594318571
2026-05-17,META,META,0.419,-0.731,,DIVERGING,,42,bridge_20260517_1414.csv,,,,,,-0.014070457436796246,0.0018488140483079452,-0.022218253013156053,-0.017086911951792683
2026-05-17,DNN,DNN,0.0,-0.509,,NEUTRAL,,42,bridge_20260517_1414.csv,,,,,,-0.02769228128286505,0.030769201425405734,0.12923079270582938,0.024615361140324588
2026-05-17,SOFI,SOFI,0.296,-0.774,,DIVERGING,,42,bridge_20260517_1414.csv,,,,,,-0.03055381888893116,0.017186473802275115,0.1292170418868206,0.12730738647162898
2026-05-19,NVDA,NVDA,0.7,0.837,,ALIGNED,,49,bridge_20260519_0830.csv,,,,,,0.012964070657941695,-0.03630839994776014,-0.026562720508305993,-0.07126371418841237
2026-05-19,NBIS,NBIS,0.7,0.726,,ALIGNED,,49,bridge_20260519_0830.csv,,,,,,-0.029889184903761135,0.05381075011152969,0.27284680176993614,0.42067470657910566
2026-05-19,AMD,AMD,0.688,0.699,,ALIGNED,,49,bridge_20260519_0830.csv,,,,,,0.08098055734290321,0.196812035151416,0.31027662245100274,0.23772490176958483
2026-05-19,MU,MU,0.686,0.627,,ALIGNED,,49,bridge_20260519_0830.csv,,,,,,0.0475856330673865,0.32869158117541986,0.5450237786636074,0.4929586570305622
2026-05-19,ARM,ARM,0.376,0.771,,ALIGNED,,49,bridge_20260519_0830.csv,,,,,,0.1504818194412363,0.35653147987761247,0.8455299029194991,0.8771230846509639
2026-05-19,OUST,OUST,0.518,0.615,,ALIGNED,,49,bridge_20260519_0830.csv,,,,,,0.03869453406622925,0.4882234375544503,0.4791386305557386,0.37012120328030607
2026-05-19,IREN,IREN,0.7,0.458,,ALIGNED,,49,bridge_20260519_0830.csv,,,,,,0.10410551385144973,0.4210304556501505,0.3715961678834303,0.2172182355947041
2026-05-19,TSM,TSM,0.418,0.641,,ALIGNED,,49,bridge_20260519_0830.csv,,,,,,0.022949070610595035,0.07671741909184782,0.11227437256261918,0.10328838691370601
2026-05-19,FLNC,FLNC,0.478,0.598,,ALIGNED,,49,bridge_20260519_0830.csv,,,,,,0.05750980990624277,0.18481292541276373,0.3874930537791381,0.30764937330125086
2026-05-19,DOCN,DOCN,0.282,0.71,,ALIGNED,,49,bridge_20260519_0830.csv,,,,,,0.06725767264721272,0.0026662703978992397,0.15771222323357548,0.18524191770893195
2026-05-19,INTC,INTC,0.506,0.551,,ALIGNED,,49,bridge_20260519_0830.csv,,,,,,0.07364617155202668,0.09900715964948303,0.017238230867400173,0.09296024493385491
2026-05-19,TSLA,TSLA,0.582,0.498,,ALIGNED,,49,bridge_20260519_0830.csv,,,,,,0.0325407064678751,0.08970330185843767,0.048476968067062476,-0.01912840748546507
2026-05-19,SLNH,SLNH,0.309,0.598,,ALIGNED,,49,bridge_20260519_0830.csv,,,,,,-0.09289621437555862,0.01639342660450316,-0.1584699859352584,-0.03278691835069325
2026-05-19,LUNR,LUNR,0.0,0.805,,CONTRARIAN,,49,bridge_20260519_0830.csv,,,,,,0.03727662102897167,0.24276036014691882,0.04220587754844929,-0.3000616157064935
2026-05-19,AXTI,AXTI,0.254,0.634,,ALIGNED,,49,bridge_20260519_0830.csv,,,,,,-0.07326361485020316,0.0876151632733051,-0.05474840942192394,-0.18400068345534526
2026-05-19,NOK,NOK,0.24,0.619,,ALIGNED,,49,bridge_20260519_0830.csv,,,,,,-0.003657658409349396,0.14703732389639934,0.22384780167257867,0.01170445109869278
2026-05-19,GOOGL,GOOGL,0.309,0.566,,ALIGNED,,49,bridge_20260519_0830.csv,,,,,,0.00322451056536055,0.003018055557743704,-0.07395657906966857,-0.06101403200879696
2026-05-19,BKSY,BKSY,0.0,0.768,,CONTRARIAN,,49,bridge_20260519_0830.csv,,,,,,0.009076902340705795,0.12906801123279332,-0.17024571482041617,-0.346468858658071
2026-05-19,MRVL,MRVL,0.254,0.545,,ALIGNED,,49,bridge_20260519_0830.csv,,,,,,0.05973791044248844,0.12724788647369145,0.7112950510261247,0.6425937352099915
2026-05-19,QCOM,QCOM,0.273,0.503,,ALIGNED,,49,bridge_20260519_0830.csv,,,,,,0.03527424102882448,0.19319046347324598,0.27810438242127145,0.09276926366487914
2026-05-19,AMZN,AMZN,0.378,0.409,,ALIGNED,,49,bridge_20260519_0830.csv,,,,,,0.021863243262898013,0.04823787283981407,-0.03593734941403637,-0.08421376049313889
2026-05-19,ASTS,ASTS,0.37,0.389,,ALIGNED,,49,bridge_20260519_0830.csv,,,,,,0.016799130335607648,0.4710557133730817,0.22281504225654114,-0.030306449661626433
2026-05-19,IONQ,IONQ,0.301,0.374,,ALIGNED,,49,bridge_20260519_0830.csv,,,,,,0.08319576193736866,0.3501239343516098,0.4085467648901364,0.1290256023366989
2026-05-19,AAOI,AAOI,0.324,0.337,,ALIGNED,,49,bridge_20260519_0830.csv,,,,,,-0.03542874720916811,0.049611859622704646,0.07435945460227544,-0.02328842263772657
2026-05-19,NOW,NOW,0.327,0.28,,ALIGNED,,49,bridge_20260519_0830.csv,,,,,,0.014435836141317049,0.0028478926673149996,0.15781203383935738,-0.06235881724382486
2026-05-19,RDW,RDW,0.0,0.494,,CONTRARIAN,,49,bridge_20260519_0830.csv,,,,,,0.06182606899967458,0.7253774452387998,0.33860539493086783,0.03235081338615964
2026-05-19,RKLB,RKLB,-0.388,0.75,,CONTRARIAN,,49,bridge_20260519_0830.csv,,,,,,0.054748262935872205,0.18003297940836505,-0.09904957074991594,-0.15183406309283476
2026-05-19,MSFT,MSFT,0.278,0.163,,ALIGNED,,49,bridge_20260519_0830.csv,,,,,,0.008720179231968883,-0.00923818646765806,0.025982349068297772,-0.09029115230453144
2026-05-19,RDDT,RDDT,0.436,0.0,,TECH_WAIT,,49,bridge_20260519_0830.csv,,,,,,-0.05268597239704065,-0.004455077606230207,0.09433109600820311,0.07147463659886655
2026-05-19,LITE,LITE,0.39,0.0,,TECH_WAIT,,49,bridge_20260519_0830.csv,,,,,,-0.024739092526452455,0.01372891542925836,0.053825985798075626,-0.02259327234320785
2026-05-19,ONDS,ONDS,0.334,0.0,,TECH_WAIT,,49,bridge_20260519_0830.csv,,,,,,0.0257533870331228,0.18356166473806712,0.2723287294988763,-0.0005479577469499342
2026-05-19,BTC,BTC,0.287,0.0,,TECH_WAIT,,49,bridge_20260519_0830.csv,,,,,,0.011490961111553899,-0.023865574288984392,-0.1482026806960013,-0.16352384978274548
2026-05-19,CRWV,CRWV,0.6,-0.259,,DIVERGING,,49,bridge_20260519_0830.csv,,,,,,0.014727995758542667,0.044684893232808776,0.11141171243946779,0.15429317606022663
2026-05-19,QUBT,QUBT,0.0,0.0,,NEUTRAL,,49,bridge_20260519_0830.csv,,,,,,0.03687637123002574,0.23861168606821503,0.21475048643077677,0.0596529473759011
2026-05-19,QBTS,QBTS,-0.048,0.0,,NEUTRAL,,49,bridge_20260519_0830.csv,,,,,,0.06102246676269463,0.5107201064004809,0.5145683577896525,0.26003295235644575
2026-05-19,COIN,COIN,0.247,-0.291,,DIVERGING,,49,bridge_20260519_0830.csv,,,,,,-0.011165694991906783,-0.10168001281596317,-0.15626774982905345,-0.14747996500062033
2026-05-19,PLTR,PLTR,0.45,-0.462,,DIVERGING,,49,bridge_20260519_0830.csv,,,,,,0.01397308492092919,-0.02033121478399158,0.05130861099551143,-0.034230295815880996
2026-05-19,NNE,NNE,0.0,-0.176,,NEUTRAL,,49,bridge_20260519_0830.csv,,,,,,0.09037898106091369,0.22718100545974806,0.1827764408609427,0.1352320869850212
2026-05-19,META,META,0.396,-0.522,,DIVERGING,,49,bridge_20260519_0830.csv,,,,,,0.004065685187175205,0.05418105397191009,0.03380295254875798,-0.05725748731247504
2026-05-19,UEC,UEC,0.0,-0.283,,NEUTRAL,,49,bridge_20260519_0830.csv,,,,,,0.07052898096975313,0.12846345529581527,0.1830394906049866,-0.04114187887455223
2026-05-19,HIMS,HIMS,0.24,-0.456,,DIVERGING,,49,bridge_20260519_0830.csv,,,,,,0.026737984277633853,0.1229946596789484,0.2259358099002442,0.421122933631324
2026-05-19,OKLO,OKLO,0.0,-0.39,,NEUTRAL,,49,bridge_20260519_0830.csv,,,,,,0.11989979661547334,0.21367212595709617,0.16696488614924276,0.052612716007740534
2026-05-19,LEU,LEU,0.0,-0.424,,NEUTRAL,,49,bridge_20260519_0830.csv,,,,,,0.0018343050804363603,0.06585801705806205,0.07497040336654037,0.00775146484375
2026-05-19,UUUU,UUUU,-0.065,-0.426,,NEUTRAL,,49,bridge_20260519_0830.csv,,,,,,0.03708284117138083,0.13411619501637406,0.11248452784280993,-0.054388139545301306
2026-05-19,CCJ,CCJ,0.0,-0.471,,NEUTRAL,,49,bridge_20260519_0830.csv,,,,,,0.004829984700675638,0.037867136065082185,0.10664607103488333,0.020768948952848643
2026-05-19,DNN,DNN,0.0,-0.481,,NEUTRAL,,49,bridge_20260519_0830.csv,,,,,,0.003164553858114205,0.07278481418554295,0.08227847575988556,0.04746830787171352
2026-05-19,SMR,SMR,-0.015,-0.488,,NEUTRAL,,49,bridge_20260519_0830.csv,,,,,,0.03280317196235538,0.19980111246199161,0.21968190317741332,0.027832974283499956
2026-05-19,RGTI,RGTI,-0.063,-0.474,,NEUTRAL,,49,bridge_20260519_0830.csv,,,,,,0.057644055164203234,0.5426065651871947,0.5097117328172656,0.26848375882484854
2026-05-19,SOFI,SOFI,0.308,-0.765,,DIVERGING,,49,bridge_20260519_0830.csv,,,,,,0.03020354904616296,0.061720325824749844,0.09520688158382828,0.14379518055691576
2026-05-21,NVDA,NVDA,0.7,0.899,,ALIGNED,,48,bridge_20260521_0855.csv,,,,,,-0.01904237298751621,-0.03813033002854749,-0.06455718049754122,-0.04836600306491867
2026-05-21,AMD,AMD,1.0,0.654,,ALIGNED,,48,bridge_20260521_0855.csv,,,,,,0.039858567970152414,0.14793474007384533,0.037345155990311074,0.22696236432323413
2026-05-21,OUST,OUST,0.518,0.757,,ALIGNED,,48,bridge_20260521_0855.csv,,,,,,0.05528636700692369,0.3123396704706014,0.1308065013573212,0.3587916813291714
2026-05-21,NBIS,NBIS,0.7,0.634,,ALIGNED,,48,bridge_20260521_0855.csv,,,,,,-0.023461958692133078,0.05074343670152048,0.03582960553465364,0.28954665028183624
2026-05-21,SPY,SPY,0.439,0.715,,ALIGNED,,48,bridge_20260521_0855.csv,,,,,,0.003931549076803931,0.018526536246684433,-0.006960849700369587,0.004830584335843158
2026-05-21,MU,MU,0.686,0.545,,ALIGNED,,48,bridge_20260521_0855.csv,,,,,,-0.014564983323889447,0.27411107335710394,0.133722637489601,0.5895289821813368
2026-05-21,SNDK,SNDK,0.59,0.603,,ALIGNED,,48,bridge_20260521_0855.csv,,,,,,-0.041206329255194074,0.09903775754846245,0.011074771866142363,0.47430360700425744
2026-05-21,INTC,INTC,0.506,0.659,,ALIGNED,,48,bridge_20260521_0855.csv,,,,,,0.011307985973760593,-0.032236284344508204,-0.16312237832113663,0.1893671092101794
2026-05-21,FLNC,FLNC,0.478,0.622,,ALIGNED,,48,bridge_20260521_0855.csv,,,,,,0.0643882715539128,-0.06488367204751844,0.1347201209215545,0.24764734362268692
2026-05-21,TSM,TSM,0.418,0.647,,ALIGNED,,48,bridge_20260521_0855.csv,,,,,,-0.006459499095438748,0.02775395332343633,0.01969794865938601,0.15133302580253516
2026-05-21,ARM,ARM,0.141,0.77,,CONTRARIAN,,48,bridge_20260521_0855.csv,,,,,,0.027763801342167493,0.18462259172541118,0.1498842505541882,0.3671327036211469
2026-05-21,DOCN,DOCN,0.282,0.65,,ALIGNED,,48,bridge_20260521_0855.csv,,,,,,0.0006946675472792041,-0.015156356569411944,0.07275016463302886,0.04982632829512257
2026-05-21,IREN,IREN,0.7,0.366,,ALIGNED,,48,bridge_20260521_0855.csv,,,,,,-0.021184972668673696,0.09438510872576833,-0.06389946282151848,-0.020496080145697038
2026-05-21,NOK,NOK,0.24,0.658,,ALIGNED,,48,bridge_20260521_0855.csv,,,,,,0.09097319704444362,0.046544417010428774,0.014104358600904643,0.01763046506485244
2026-05-21,MRVL,MRVL,0.254,0.647,,ALIGNED,,48,bridge_20260521_0855.csv,,,,,,0.029576808923466924,0.07504319280856753,0.38166659169721595,0.6144526587128616
2026-05-21,LUNR,LUNR,0.0,0.789,,CONTRARIAN,,48,bridge_20260521_0855.csv,,,,,,0.11740643825945085,0.28008176642756855,-0.14252338869434755,-0.3577687297560076
2026-05-21,AMZN,AMZN,0.39,0.518,,ALIGNED,,48,bridge_20260521_0855.csv,,,,,,-0.007971333528174807,0.008120477027297346,-0.08355059744362137,-0.1328689536776434
2026-05-21,TSLA,TSLA,0.582,0.388,,ALIGNED,,48,bridge_20260521_0855.csv,,,,,,0.019528547428303344,0.0429340724646583,-0.06425752234370907,-0.03063304564694891
2026-05-21,GOOGL,GOOGL,0.309,0.526,,ALIGNED,,48,bridge_20260521_0855.csv,,,,,,-0.012098216184623256,-0.01888255931741456,-0.04934739422430101,-0.09743368784885065
2026-05-21,BKSY,BKSY,0.0,0.731,,CONTRARIAN,,48,bridge_20260521_0855.csv,,,,,,0.07211640080548642,0.08555430155159494,-0.2215006241066646,-0.36080627233605556
2026-05-21,RDW,RDW,0.0,0.671,,CONTRARIAN,,48,bridge_20260521_0855.csv,,,,,,0.1394136375548114,0.6006514061383821,0.20195441722672514,-0.15179152220209668
2026-05-21,ASTS,ASTS,0.096,0.591,,CONTRARIAN,,48,bridge_20260521_0855.csv,,,,,,0.10007271035519616,0.17853060070518967,-0.027330404147003495,-0.23942637547322976
2026-05-21,QCOM,QCOM,0.273,0.464,,ALIGNED,,48,bridge_20260521_0855.csv,,,,,,0.11597393274611756,0.17623355609584257,0.015592370945614276,0.043622943253868396
2026-05-21,RKLB,RKLB,-0.388,0.808,,CONTRARIAN,,48,bridge_20260521_0855.csv,,,,,,0.08218411964447814,0.1437225924105494,-0.12251889590343168,-0.20055796448600383
2026-05-21,IONQ,IONQ,0.301,0.347,,ALIGNED,,48,bridge_20260521_0855.csv,,,,,,0.08065885632926229,0.22380710548101201,-0.035829523386316287,-0.009679057577378969
2026-05-21,NOW,NOW,0.327,0.19,,ALIGNED,,48,bridge_20260521_0855.csv,,,,,,0.024475822572537886,0.24756745612160747,0.1279967318120565,-0.06700772536445687
2026-05-21,PLTR,PLTR,0.45,0.0,,TECH_WAIT,,48,bridge_20260521_0855.csv,,,,,,-0.003893231666549868,0.13917695254823403,-0.013717531557207119,-0.13037145989469479
2026-05-21,LITE,LITE,0.39,0.0,,TECH_WAIT,,48,bridge_20260521_0855.csv,,,,,,-0.018247771473237417,-0.11357177607811686,-0.10455160897404747,-0.07316745186544193
2026-05-21,BTC,BTC,0.287,0.0,,TECH_WAIT,,48,bridge_20260521_0855.csv,,,,,,-0.023587692769126978,-0.05416425748650999,-0.22277226512923476,-0.17064649342786764
2026-05-21,MSFT,MSFT,0.278,0.0,,TECH_WAIT,,48,bridge_20260521_0855.csv,,,,,,-0.001240757398686787,0.074327696124175,-0.005774375268564391,-0.12348183075760333
2026-05-21,QUBT,QUBT,0.0,0.0,,NEUTRAL,,48,bridge_20260521_0855.csv,,,,,,0.07887822824193269,0.048203347773015714,-0.12751971456301658,-0.07624889545957403
2026-05-21,CRWV,CRWV,0.6,-0.415,,DIVERGING,,48,bridge_20260521_0855.csv,,,,,,-0.01942743940985736,0.01812601705756145,-0.06683400556822394,0.03448595483665162
2026-05-21,QBTS,QBTS,-0.048,0.0,,NEUTRAL,,48,bridge_20260521_0855.csv,,,,,,0.14219113752747004,0.17094015764006887,-0.07342655036730539,-0.04933956756241653
2026-05-21,ONDS,ONDS,0.334,-0.348,,DIVERGING,,48,bridge_20260521_0855.csv,,,,,,-0.013071882523949863,0.44008712718399723,0.13616557281542097,-0.03159040873773422
2026-05-21,COIN,COIN,0.247,-0.307,,DIVERGING,,48,bridge_20260521_0855.csv,,,,,,-0.044275636358361736,-0.023403589772858835,-0.2126472627674506,-0.14837777217892922
2026-05-21,RDDT,RDDT,0.436,-0.47,,DIVERGING,,48,bridge_20260521_0855.csv,,,,,,-0.05578509391976283,0.1730205803486029,0.15602509137324128,0.135963810104748
2026-05-21,META,META,0.396,-0.524,,DIVERGING,,48,bridge_20260521_0855.csv,,,,,,0.004741755236997713,0.04137446227401287,-0.02367538283414805,-0.0708080858981589
2026-05-21,NNE,NNE,0.0,-0.317,,NEUTRAL,,48,bridge_20260521_0855.csv,,,,,,0.06578945867422692,0.15151512155583058,-0.060606079042565764,0.022328527418098654
2026-05-21,OKLO,OKLO,0.0,-0.329,,NEUTRAL,,48,bridge_20260521_0855.csv,,,,,,0.012137055768544514,0.027500399696371414,-0.10754334888828143,-0.10278069117231292
2026-05-21,RGTI,RGTI,-0.063,-0.352,,NEUTRAL,,48,bridge_20260521_0855.csv,,,,,,0.1987295362442958,0.15880217126189966,-0.06170601424038202,-0.02994563191219135
2026-05-21,HIMS,HIMS,0.24,-0.561,,DIVERGING,,48,bridge_20260521_0855.csv,,,,,,-0.010828830753990548,0.08912950309239132,0.0907955137190477,0.39691797566839626
2026-05-21,UEC,UEC,0.0,-0.517,,NEUTRAL,,48,bridge_20260521_0855.csv,,,,,,-0.006106864227211517,0.05114504250256946,-0.034351202277519755,-0.12442748602867171
2026-05-21,UUUU,UUUU,0.111,-0.605,,DIVERGING,,48,bridge_20260521_0855.csv,,,,,,0.010078404200694946,0.02015670160695726,-0.1584546909668143,-0.09742439594932983
2026-05-21,CCJ,CCJ,0.0,-0.572,,NEUTRAL,,48,bridge_20260521_0855.csv,,,,,,-0.005506520658615233,0.06997052111523439,-0.01794359970371906,0.01651948954259419
2026-05-21,LEU,LEU,0.0,-0.58,,NEUTRAL,,48,bridge_20260521_0855.csv,,,,,,0.012475341744344615,0.03003108951461453,-0.0867626059652522,0.036861411257584464
2026-05-21,SMR,SMR,0.0,-0.597,,NEUTRAL,,48,bridge_20260521_0855.csv,,,,,,0.006178260838092031,0.11827009369913344,-0.07325683400662908,-0.007943526318970329
2026-05-21,DNN,DNN,0.0,-0.621,,NEUTRAL,,48,bridge_20260521_0855.csv,,,,,,0.00937499091960503,0.08749998975545181,-0.053125023050233366,0.02187497881241174
2026-05-21,SOFI,SOFI,0.296,-0.971,,DIVERGING,,48,bridge_20260521_0855.csv,,,,,,-0.001916915891529536,0.16421723689892165,0.024281219001775378,0.0926518081970169
2026-05-25,OUST,OUST,0.79,0.727,,ALIGNED,,43,bridge_20260525_0857.csv,,,,,,0.03583135250491143,0.077985900629014,-0.0978922770606534,-0.04660425393233192
2026-05-25,NBIS,NBIS,0.7,0.729,,ALIGNED,,43,bridge_20260525_0857.csv,,,,,,0.0014899431040626965,0.2524271346243827,0.05796403777808101,0.24800541530807263
2026-05-25,SPY,SPY,0.575,0.757,,ALIGNED,,43,bridge_20260525_0857.csv,,,,,,-0.0001732421647460125,0.01196390008305026,-0.018039197079226743,-0.020598534151166747
2026-05-25,INTC,INTC,0.657,0.7,,ALIGNED,,43,bridge_20260525_0857.csv,,,,,,-0.014167746499029965,-0.1262143520205944,-0.1262953278666299,0.0658192800709918
2026-05-25,IREN,IREN,0.7,0.582,,ALIGNED,,43,bridge_20260525_0857.csv,,,,,,0.1348276634857528,0.11408497547822183,-0.09635326930665677,-0.15858146095378411
2026-05-25,SNDK,SNDK,0.614,0.625,,ALIGNED,,43,bridge_20260525_0857.csv,,,,,,0.0002452848706540056,0.07977725307669714,0.03585290710184941,0.20440370049933976
2026-05-25,MU,MU,0.7,0.529,,ALIGNED,,43,bridge_20260525_0857.csv,,,,,,0.036310627786169114,0.18777056796949498,0.04465999597569903,0.17036877137058104
2026-05-25,TSLA,TSLA,0.617,0.508,,ALIGNED,,43,bridge_20260525_0857.csv,,,,,,0.015613803526030035,-0.022717327859749892,-0.08512651115997139,-0.1339052977443428
2026-05-25,FLNC,FLNC,0.733,0.427,,ALIGNED,,43,bridge_20260525_0857.csv,,,,,,-0.0051570844231138,0.30848569841732987,0.09985931403587722,-0.07407407076218742
2026-05-25,NVDA,NVDA,0.7,0.371,,ALIGNED,,43,bridge_20260525_0857.csv,,,,,,-0.010518481304186755,0.037047359721765316,-0.02991416864082086,-0.07273606716629677
2026-05-25,LUNR,LUNR,0.0,0.835,,CONTRARIAN,,43,bridge_20260525_0857.csv,,,,,,0.15720021360553438,0.13511184744712934,-0.21199085391876427,-0.45123353913292785
2026-05-25,ARM,ARM,0.146,0.736,,CONTRARIAN,,43,bridge_20260525_0857.csv,,,,,,-0.05762408846050404,0.25368902909126456,0.01133174807616788,0.1178631007025921
2026-05-25,LITE,LITE,0.39,0.554,,ALIGNED,,43,bridge_20260525_0857.csv,,,,,,-0.009332352546397193,0.12992833540768833,-0.09777010356898286,-0.07496620419707922
2026-05-25,AAOI,AAOI,0.336,0.567,,ALIGNED,,43,bridge_20260525_0857.csv,,,,,,0.012442330675716429,0.13934242022510368,-0.08298609750918007,-0.1725593668452844
2026-05-25,TSM,TSM,0.441,0.476,,ALIGNED,,43,bridge_20260525_0857.csv,,,,,,0.025247387946067068,0.08335759887264471,0.03783472997740622,0.07164908357867805
2026-05-25,AMZN,AMZN,0.401,0.497,,ALIGNED,,43,bridge_20260525_0857.csv,,,,,,0.024727646527565872,-0.03305823532274099,-0.07953562299329009,-0.11692865646392514
2026-05-25,DOCN,DOCN,0.317,0.543,,ALIGNED,,43,bridge_20260525_0857.csv,,,,,,-0.06408662875514604,0.07684174968712454,0.04734943101388733,-0.07547290188329081
2026-05-25,BKSY,BKSY,0.0,0.743,,CONTRARIAN,,43,bridge_20260525_0857.csv,,,,,,0.04572482102327591,-0.09965143663593923,-0.35103548653971917,-0.48308388665476243
2026-05-25,ASTS,ASTS,0.139,0.642,,CONTRARIAN,,43,bridge_20260525_0857.csv,,,,,,0.08270684551106688,-0.012781945015073348,-0.2588972318618311,-0.43182954160276443
2026-05-25,IONQ,IONQ,0.073,0.599,,CONTRARIAN,,43,bridge_20260525_0857.csv,,,,,,0.027978664317487967,0.1222886313205358,-0.10892801668537344,-0.1574976520903696
2026-05-25,RDW,RDW,0.007,0.56,,CONTRARIAN,,43,bridge_20260525_0857.csv,,,,,,0.0889291743673124,-0.0662432364416422,-0.2853902293214512,-0.4836660779617471
2026-05-25,USAR,USAR,0.333,0.336,,ALIGNED,,43,bridge_20260525_0857.csv,,,,,,-0.037143844078614374,0.10710426504621595,-0.24630364357933343,-0.22755137288521943
2026-05-25,RKLB,RKLB,-0.405,0.823,,CONTRARIAN,,43,bridge_20260525_0857.csv,,,,,,0.049092171292697495,-0.13882679942097587,-0.2442038710653608,-0.4035614142297801
2026-05-25,RGTI,RGTI,-0.063,0.579,,CONTRARIAN,,43,bridge_20260525_0857.csv,,,,,,-0.01775382746230414,0.07241167317123387,-0.21444244506185428,-0.22082584198996158
2026-05-25,NOW,NOW,0.362,0.286,,ALIGNED,,43,bridge_20260525_0857.csv,,,,,,0.02201766030776886,0.2775220562959533,0.07055647699109868,-0.06124895145454046
2026-05-25,QBTS,QBTS,-0.048,0.527,,CONTRARIAN,,43,bridge_20260525_0857.csv,,,,,,-0.012221429055268684,0.07512581507959992,-0.15456503537850652,-0.17397556454640617
2026-05-25,QUBT,QUBT,0.0,0.409,,CONTRARIAN,,43,bridge_20260525_0857.csv,,,,,,-0.022260292987032027,0.04880134245986567,-0.18621576488923985,-0.16952058597406394
2026-05-25,NNE,NNE,0.0,0.356,,CONTRARIAN,,43,bridge_20260525_0857.csv,,,,,,-0.05882349853540292,0.05159958774499285,-0.1764705612184776,-0.2036463755913962
2026-05-25,PLTR,PLTR,0.474,0.0,,TECH_WAIT,,43,bridge_20260525_0857.csv,,,,,,-0.0299415184035956,0.1139823672747915,-0.03316250788352115,-0.16910691853125115
2026-05-25,BTC,BTC,0.299,0.0,,TECH_WAIT,,43,bridge_20260525_0857.csv,,,,,,-0.012812881036351809,-0.11442198756858868,-0.18235996986889424,-0.21126346155573028
2026-05-25,MSFT,MSFT,0.278,0.0,,TECH_WAIT,,43,bridge_20260525_0857.csv,,,,,,-0.008076305462157207,0.060764845932919975,-0.03033433924047957,-0.12155375206739849
2026-05-25,CRWV,CRWV,0.6,-0.216,,DIVERGING,,43,bridge_20260525_0857.csv,,,,,,-0.015298921106051133,0.1263575156345309,-0.07026161567938938,-0.04731327004540742
2026-05-25,COIN,COIN,0.247,-0.382,,DIVERGING,,43,bridge_20260525_0857.csv,,,,,,-0.034609165699977185,-0.03344252651173352,-0.13615907591122756,-0.16610185439091785
2026-05-25,OKLO,OKLO,0.0,-0.218,,NEUTRAL,,43,bridge_20260525_0857.csv,,,,,,-0.012809276455731822,0.06943237968488702,-0.177874788192673,-0.21310038173627255
2026-05-25,META,META,0.408,-0.639,,DIVERGING,,43,bridge_20260525_0857.csv,,,,,,0.037430228740286786,-0.024022653641933345,-0.04531795900527258,-0.08843644037401299
2026-05-25,SMR,SMR,0.0,-0.481,,NEUTRAL,,43,bridge_20260525_0857.csv,,,,,,-0.012275005640491776,0.14157115420889954,-0.1816694123173357,-0.16448446685431628
2026-05-25,CCJ,CCJ,0.0,-0.515,,NEUTRAL,,43,bridge_20260525_0857.csv,,,,,,-0.006748597022243841,0.11407972798531363,-0.05454378871916021,-0.014144391284053093
2026-05-25,SOFI,SOFI,0.32,-0.759,,DIVERGING,,43,bridge_20260525_0857.csv,,,,,,0.01188989608888491,0.11013768956813941,0.030663315716815687,0.08322903390521175
2026-05-25,HIMS,HIMS,0.24,-0.705,,DIVERGING,,43,bridge_20260525_0857.csv,,,,,,0.05660378867409199,0.15345911064453266,0.21509430099432447,0.37106919244939474
2026-05-25,DNN,DNN,0.0,-0.56,,NEUTRAL,,43,bridge_20260525_0857.csv,,,,,,0.011940358629948689,0.09552244202122595,-0.11940294577194177,-0.0537312935709966
2026-05-25,UUUU,UUUU,0.0,-0.586,,NEUTRAL,,43,bridge_20260525_0857.csv,,,,,,-0.002717349896583343,0.061956593512588753,-0.21902172915876905,-0.1831521714905484
2026-05-25,LEU,LEU,0.0,-0.654,,NEUTRAL,,43,bridge_20260525_0857.csv,,,,,,-0.017615596186667526,0.08600569491692434,-0.14910556417366827,-0.06669936565678991
2026-05-25,UEC,UEC,0.0,-0.663,,NEUTRAL,,43,bridge_20260525_0857.csv,,,,,,-0.005181395063849625,0.14285709243553457,-0.2116950823018804,-0.19319027136445732
2026-05-29,MRVL,MRVL,0.52,0.884,,ALIGNED,,50,bridge_20260529_1215.csv,,,,,,0.070390228510957,0.28521960879319663,0.36439027288404047,0.3548780536833902
2026-05-29,INTC,INTC,0.53,0.844,,ALIGNED,,50,bridge_20260529_1215.csv,,,,,,-0.046651538715418384,-0.13524591990719126,0.08623996654455945,0.14858738114912873
2026-05-29,TSLA,TSLA,0.749,0.642,,ALIGNED,,50,bridge_20260529_1215.csv,,,,,,-0.045687150397476395,-0.10277887897079874,-0.06737193440292966,-0.05495769002827533
2026-05-29,SPY,SPY,0.575,0.726,,ALIGNED,,50,bridge_20260529_1215.csv,,,,,,0.0027231134609038143,-0.02502378194384225,-0.019471749639226266,-0.01793967475360614
2026-05-29,SIVE,SIVE.ST,0.327,0.86,,ALIGNED,,50,bridge_20260529_1215.csv,,,,,,-0.11747641526657959,0.14285723770096181,0.3444525170585302,-0.04931100865800775
2026-05-29,TSM,TSM,0.55,0.691,,ALIGNED,,50,bridge_20260529_1215.csv,,,,,,0.04105628077271084,-0.007838456507999303,0.015468429429987385,0.09013208882570378
2026-05-29,MU,MU,0.26,0.835,,CONTRARIAN,,50,bridge_20260529_1215.csv,,,,,,0.06642639467917921,-0.1101853981204316,0.010926847263790007,0.17948503553722772
2026-05-29,NOK,NOK,0.32,0.792,,ALIGNED,,50,bridge_20260529_1215.csv,,,,,,0.09501346582979808,-0.03099730683404034,-0.0026954151914918567,-0.1219676820084844
2026-05-29,NET,NET,0.397,0.722,,ALIGNED,,50,bridge_20260529_1215.csv,,,,,,0.11992390671429609,0.034281668327873493,-0.055165045044408334,0.008022442824659137
2026-05-29,AMZN,AMZN,0.601,0.546,,ALIGNED,,50,bridge_20260529_1215.csv,,,,,,-0.03465860321873382,-0.09093265791131866,-0.118570831583662,-0.11269588238239159
2026-05-29,IGV,IGV,0.3,0.728,,ALIGNED,,50,bridge_20260529_1215.csv,,,,,,0.059413695041134806,-0.05715131987147548,-0.10781043367795395,-0.1156123252758049
2026-05-29,CRWD,CRWD,0.383,0.649,,ALIGNED,,50,bridge_20260529_1215.csv,,,,,,0.06999997662128088,-0.08205195686559508,-0.06593708920250518,0.01629271292001544
2026-05-29,FLNC,FLNC,0.623,0.462,,ALIGNED,,50,bridge_20260529_1215.csv,,,,,,0.4380297047337305,0.2134534356876463,0.25582627851716166,0.014300872339271242
2026-05-29,NVDA,NVDA,0.7,0.392,,ALIGNED,,50,bridge_20260529_1215.csv,,,,,,0.0626124588791841,-0.027474460723746597,-0.027047723842052895,-0.07550804516233545
2026-05-29,DELL,DELL,0.168,0.743,,CONTRARIAN,,50,bridge_20260529_1215.csv,,,,,,0.10703000263260609,-0.06300629102099731,-0.06020287407972258,-0.014967582632061549
2026-05-29,OUST,OUST,0.202,0.71,,CONTRARIAN,,50,bridge_20260529_1215.csv,,,,,,-0.02432136700196519,-0.13832788354876369,-0.13572204350809336,0.17415853617016475
2026-05-29,AXTI,AXTI,0.337,0.61,,ALIGNED,,50,bridge_20260529_1215.csv,,,,,,0.061942605300580045,-0.13687477942353254,-0.057968235213722186,-0.3072896806156291
2026-05-29,ONDS,ONDS,0.158,0.728,,CONTRARIAN,,50,bridge_20260529_1215.csv,,,,,,0.01815429396902002,-0.21104386577142475,-0.294251154670894,-0.39334339668919194
2026-05-29,ARM,ARM,0.141,0.689,,CONTRARIAN,,50,bridge_20260529_1215.csv,,,,,,0.15726455946893592,-0.02932439530857356,0.07789631279700515,-0.027484564346012652
2026-05-29,DOCN,DOCN,0.294,0.583,,ALIGNED,,50,bridge_20260529_1215.csv,,,,,,0.11221545586697279,0.0892593680111784,0.09291443268173394,-0.039050955159119494
2026-05-29,AVGO,AVGO,0.317,0.569,,ALIGNED,,50,bridge_20260529_1215.csv,,,,,,0.029545395770542493,-0.13662510075854717,-0.1448172102097981,-0.16503015128115062
2026-05-29,GOOGL,GOOGL,0.351,0.514,,ALIGNED,,50,bridge_20260529_1215.csv,,,,,,-0.010438005061361832,-0.031051160282801082,-0.05375495131042485,-0.0696186540592657
2026-05-29,ASTS,ASTS,0.157,0.607,,CONTRARIAN,,50,bridge_20260529_1215.csv,,,,,,-0.06842431783487468,-0.17467599460634586,-0.2733444934219431,-0.23489997494765513
2026-05-29,LUNR,LUNR,0.0,0.709,,CONTRARIAN,,50,bridge_20260529_1215.csv,,,,,,-0.12822273583844834,-0.330139188140548,-0.392653439946415,-0.5215606106021947
2026-05-29,QBTS,QBTS,-0.057,0.741,,CONTRARIAN,,50,bridge_20260529_1215.csv,,,,,,-0.03185133058769629,-0.20869273840592728,-0.22461840369977548,-0.2093563236139131
2026-05-29,IONQ,IONQ,0.114,0.616,,CONTRARIAN,,50,bridge_20260529_1215.csv,,,,,,-0.038712375847667846,-0.212154863053585,-0.19730819038319425,-0.25239348832708985
2026-05-29,NOW,NOW,0.553,0.319,,ALIGNED,,50,bridge_20260529_1215.csv,,,,,,0.09238560432600207,-0.09584309347188968,-0.17866045453081558,-0.1961887994454472
2026-05-29,BKSY,BKSY,0.0,0.662,,CONTRARIAN,,50,bridge_20260529_1215.csv,,,,,,-0.12564472868192655,-0.2828554271484922,-0.33113271399923816,-0.4151021318860517
2026-05-29,RDW,RDW,0.012,0.631,,CONTRARIAN,,50,bridge_20260529_1215.csv,,,,,,-0.1583231354483038,-0.24908420870570747,-0.38461538162964737,-0.5242165353853931
2026-05-29,NNE,NNE,0.0,0.602,,CONTRARIAN,,50,bridge_20260529_1215.csv,,,,,,0.028393408102546758,-0.18421052110179503,-0.1973683871616677,-0.2617728423002388
2026-05-29,SLNH,SLNH,0.309,0.373,,ALIGNED,,50,bridge_20260529_1215.csv,,,,,,-0.01764711162210597,-0.21176470835728622,-0.1294117779055265,-0.17647062535929325
2026-05-29,RGTI,RGTI,-0.063,0.589,,CONTRARIAN,,50,bridge_20260529_1215.csv,,,,,,0.003523815270677799,-0.19028975865842146,-0.1785435086072651,-0.23884104004715045
2026-05-29,RKLB,RKLB,-0.405,0.78,,CONTRARIAN,,50,bridge_20260529_1215.csv,,,,,,-0.1469891062579861,-0.23278502154341574,-0.2863813601996362,-0.3169082446702446
2026-05-29,AAOI,AAOI,0.411,0.229,,ALIGNED,,50,bridge_20260529_1215.csv,,,,,,0.17208505698277654,0.11735367658688611,0.06716747139494861,-0.052458792793913966
2026-05-29,QUBT,QUBT,0.0,0.486,,CONTRARIAN,,50,bridge_20260529_1215.csv,,,,,,0.03595320265922042,-0.16764214950216372,-0.16973241860337906,-0.17056855813932714
2026-05-29,RDDT,RDDT,0.465,0.175,,ALIGNED,,50,bridge_20260529_1215.csv,,,,,,0.010511398315429688,-0.01448865370316943,-0.07897723804820667,-0.009147730740633908
2026-05-29,CRWV,CRWV,0.635,0.0,,TECH_WAIT,,50,bridge_20260529_1215.csv,,,,,,0.1395964675060093,-0.08344745267518494,-0.08198663222514746,-0.12800143156503385
2026-05-29,META,META,0.524,0.0,,TECH_WAIT,,50,bridge_20260529_1215.csv,,,,,,-0.05065539518815376,-0.06246537385419815,-0.1036031667904258,-0.10970354996712206
2026-05-29,MSFT,MSFT,0.453,0.0,,TECH_WAIT,,50,bridge_20260529_1215.csv,,,,,,0.022832265019252507,-0.07456018464545,-0.13215174415987996,-0.1813921123879788
2026-05-29,OKLO,OKLO,0.0,0.267,,CONTRARIAN,,50,bridge_20260529_1215.csv,,,,,,0.00014955347848721878,-0.13142938788594005,-0.14040065730521967,-0.21112439461356514
2026-05-29,SMR,SMR,0.0,0.229,,CONTRARIAN,,50,bridge_20260529_1215.csv,,,,,,0.017363872589112095,-0.17127072322233827,-0.21941592077593408,-0.1902130886266774
2026-05-29,LITE,LITE,0.39,-0.18,,DIVERGING,,50,bridge_20260529_1215.csv,,,,,,0.05852902678640581,0.010175857289562495,0.07789835065301753,-0.004163934531558278
2026-05-29,BTC,BTC,0.287,-0.176,,DIVERGING,,50,bridge_20260529_1215.csv,,,,,,-0.026785681777902637,-0.178263518774054,-0.13392858506087957,-0.178263518774054
2026-05-29,HIMS,HIMS,0.333,-0.262,,DIVERGING,,50,bridge_20260529_1215.csv,,,,,,0.0615679018676043,0.0015296717442014884,0.02562141820526742,0.27686424002804944
2026-05-29,CCJ,CCJ,0.0,-0.183,,NEUTRAL,,50,bridge_20260529_1215.csv,,,,,,-0.0009760480330986976,-0.08216499341245431,-0.10417034766346234,-0.08189881080278971
2026-05-29,COIN,COIN,0.37,-0.439,,DIVERGING,,50,bridge_20260529_1215.csv,,,,,,-0.033962853570353224,-0.1937787923576093,-0.15473734427809538,-0.19774641656986813
2026-05-29,UUUU,UUUU,0.153,-0.356,,DIVERGING,,50,bridge_20260529_1215.csv,,,,,,-0.03293076271859796,-0.17508231068072355,-0.17453345067750137,-0.19923157505862066
2026-05-29,LEU,LEU,0.0,-0.274,,NEUTRAL,,50,bridge_20260529_1215.csv,,,,,,0.035786697734487616,-0.11338851484075485,-0.10900421579759223,-0.12177344808491197
2026-05-29,DNN,DNN,0.0,-0.275,,NEUTRAL,,50,bridge_20260529_1215.csv,,,,,,-0.014367802310988553,-0.12931035782106792,-0.12068967643447481,-0.1034483136612886
2026-05-29,UEC,UEC,0.0,-0.434,,NEUTRAL,,50,bridge_20260529_1215.csv,,,,,,-0.013071917152645773,-0.08133629644158291,-0.19898334304321963,-0.21350765695871954
2026-05-30,IREN,IREN,0.85,0.926,,ALIGNED,,65,bridge_20260530_1840.csv,,,,,,0.01943971540595779,-0.0939844333729537,-0.06857497675446289,-0.30001533352937204
2026-05-30,NBIS,NBIS,0.85,0.77,,ALIGNED,,65,bridge_20260530_1840.csv,,,,,,-0.014857748471756027,-0.17583459244826394,-0.016785763402074716,0.04408152142310606
2026-05-30,TSLA,TSLA,0.605,0.779,,ALIGNED,,65,bridge_20260530_1840.csv,,,,,,0.018899647156100485,-0.016663442806619133,-0.011373499400772924,0.01134943052151094
2026-05-30,TSM,TSM,0.535,0.794,,ALIGNED,,65,bridge_20260530_1840.csv,,,,,,0.0253884930898165,-0.020269534405144785,0.015618016605561946,0.09884166365139091
2026-05-30,AAPL,AAPL,0.552,0.74,,ALIGNED,,65,bridge_20260530_1840.csv,,,,,,0.029022933365852488,-0.015572423530705759,-0.032287500276472425,-0.055336137710584876
2026-05-30,AMZN,AMZN,0.586,0.716,,ALIGNED,,65,bridge_20260530_1840.csv,,,,,,-0.0181429249589532,-0.06139480955891907,-0.05833271424446396,-0.08772874749677839
2026-05-30,SPY,SPY,0.575,0.715,,ALIGNED,,65,bridge_20260530_1840.csv,,,,,,0.0013579397972762752,-0.025470023194608782,-0.0048909388718152425,-0.012980332985263576
2026-05-30,NET,NET,0.413,0.79,,ALIGNED,,65,bridge_20260530_1840.csv,,,,,,0.006794166930539358,-0.0850380821772706,-0.1296433042641446,-0.09430621022894381
2026-05-30,QQQ,QQQ,0.377,0.812,,ALIGNED,,65,bridge_20260530_1840.csv,,,,,,0.004604508800567064,-0.03590761662805919,0.001696406638732384,-0.007446386853765863
2026-05-30,MRVL,MRVL,0.364,0.809,,ALIGNED,,65,bridge_20260530_1840.csv,,,,,,0.32520633452683545,0.31636527939001535,0.40764721916931723,0.3575628379656226
2026-05-30,MU,MU,0.274,0.843,,CONTRARIAN,,65,bridge_20260530_1840.csv,,,,,,0.02761936786742747,-0.08326416327654784,0.05069037218835515,0.11471751734832192
2026-05-30,SIVE,SIVE.ST,0.345,0.751,,ALIGNED,,65,bridge_20260530_1840.csv,,,,,,0.6014790368431433,0.4691865861574318,0.4190632808453545,0.03779791469897864
2026-05-30,MSFT,MSFT,0.663,0.521,,ALIGNED,,65,bridge_20260530_1840.csv,,,,,,-0.04171369737114239,-0.10592373825894597,-0.13193776751836728,-0.1900026102827912
2026-05-30,OUST,OUST,0.202,0.793,,CONTRARIAN,,65,bridge_20260530_1840.csv,,,,,,0.024482494249936204,-0.09014020052419192,0.005564210957087479,0.3914978863367955
2026-05-30,INTC,INTC,0.506,0.545,,ALIGNED,,65,bridge_20260530_1840.csv,,,,,,-0.012805282195479162,0.008597775507808603,0.16948686059596785,0.2771426190825439
2026-05-30,ONDS,ONDS,0.176,0.715,,CONTRARIAN,,65,bridge_20260530_1840.csv,,,,,,0.008915296078676915,-0.23476967596258225,-0.29346209495322784,-0.38781576911105575
2026-05-30,DOCN,DOCN,0.294,0.627,,ALIGNED,,65,bridge_20260530_1840.csv,,,,,,-0.002190773310516869,-0.023810837109762728,0.04520032560294651,-0.09466704213229282
2026-05-30,NOK,NOK,0.264,0.639,,ALIGNED,,65,bridge_20260530_1840.csv,,,,,,0.036923100398136954,-0.10215383676382217,-0.08800001878004804,-0.1827692472017728
2026-05-30,DELL,DELL,0.165,0.699,,CONTRARIAN,,65,bridge_20260530_1840.csv,,,,,,-0.06577815902868833,-0.13990472459272174,-0.12209201786374524,-0.07404069226605003
2026-05-30,LUNR,LUNR,0.0,0.788,,CONTRARIAN,,65,bridge_20260530_1840.csv,,,,,,0.03559279358643641,-0.22180054114591874,-0.32583091216691784,-0.4401989033718491
2026-05-30,AVGO,AVGO,0.317,0.542,,ALIGNED,,65,bridge_20260530_1840.csv,,,,,,0.04695962648719343,-0.13776986114212197,-0.1435528372300724,-0.17745101166363642
2026-05-30,HPE,HPE,0.0,0.742,,CONTRARIAN,,65,bridge_20260530_1840.csv,,,,,,0.1946809014633175,0.061063787146842685,0.042978712111998885,-0.0374046811896237
2026-05-30,ASTS,ASTS,0.102,0.646,,CONTRARIAN,,65,bridge_20260530_1840.csv,,,,,,0.11850446249165114,-0.12863231207768888,-0.1711311080920903,-0.15892097182236808
2026-05-30,QBTS,QBTS,-0.057,0.75,,CONTRARIAN,,65,bridge_20260530_1840.csv,,,,,,0.025017119074767225,-0.11480467259883897,-0.10006854166399759,-0.17786156544820342
2026-05-30,SMCI,SMCI,0.133,0.615,,CONTRARIAN,,65,bridge_20260530_1840.csv,,,,,,0.07017911744604732,-0.06164674325517516,-0.34193686692443537,-0.37436008414141364
2026-05-30,TSSI,TSSI,0.0,0.697,,CONTRARIAN,,65,bridge_20260530_1840.csv,,,,,,-0.0363984483000116,-0.1487867143300834,-0.14303957809350398,-0.21455936714025592
2026-05-30,RDW,RDW,0.032,0.672,,CONTRARIAN,,65,bridge_20260530_1840.csv,,,,,,-0.004835608316925311,-0.10203097578405129,-0.28288202587722355,-0.408607380959496
2026-05-30,META,META,0.509,0.344,,ALIGNED,,65,bridge_20260530_1840.csv,,,,,,-0.004729580557107038,-0.025113567111168078,-0.010724804888396444,-0.0610486937111544
2026-05-30,CRWV,CRWV,0.635,0.24,,ALIGNED,,65,bridge_20260530_1840.csv,,,,,,-0.04446405275858967,-0.17985897294608866,-0.14508893330098693,-0.20253163628508752
2026-05-30,IGV,IGV,0.069,0.612,,CONTRARIAN,,65,bridge_20260530_1840.csv,,,,,,-0.02757654064728665,-0.11188482938126976,-0.13930010950977934,-0.15861665398877467
2026-05-30,HOOD,HOOD,0.103,0.585,,CONTRARIAN,,65,bridge_20260530_1840.csv,,,,,,-0.028325797418013887,-0.06271357027312863,0.08145044766036258,0.10525730264544819
2026-05-30,BKSY,BKSY,0.0,0.64,,CONTRARIAN,,65,bridge_20260530_1840.csv,,,,,,0.03610190516129963,-0.1911279397043817,-0.26403964728723095,-0.3411986934257142
2026-05-30,NVDA,NVDA,0.7,0.167,,ALIGNED,,65,bridge_20260530_1840.csv,,,,,,-0.006863972045151545,-0.06898214283282511,-0.05198072520825192,-0.10713496848134418
2026-05-30,NTNX,NTNX,0.0,0.634,,CONTRARIAN,,65,bridge_20260530_1840.csv,,,,,,-0.006801454460044876,-0.0719527570183911,-0.11580450205295167,-0.08788258352032996
2026-05-30,IONQ,IONQ,0.076,0.579,,CONTRARIAN,,65,bridge_20260530_1840.csv,,,,,,0.030600502077600567,-0.09353348233852399,-0.11691683915764783,-0.23123557650164062
2026-05-30,NNE,NNE,0.0,0.613,,CONTRARIAN,,65,bridge_20260530_1840.csv,,,,,,0.029292892576971763,-0.12962963914377645,-0.15555557981662993,-0.2882155270505057
2026-05-30,CLF,CLF,0.0,0.592,,CONTRARIAN,,65,bridge_20260530_1840.csv,,,,,,0.08615611803145318,-0.06627390453509363,0.003681899191146476,-0.3085419443242403
2026-05-30,RGTI,RGTI,-0.063,0.627,,CONTRARIAN,,65,bridge_20260530_1840.csv,,,,,,0.04877097311471834,-0.15079983994047708,-0.11431909846927635,-0.24619585144589018
2026-05-30,ZETA,ZETA,0.124,0.495,,CONTRARIAN,,65,bridge_20260530_1840.csv,,,,,,0.0011895593759838619,-0.1371926716366133,-0.21609829516152834,-0.21966689766106262
2026-05-30,NOW,NOW,0.164,0.413,,CONTRARIAN,,65,bridge_20260530_1840.csv,,,,,,-0.06042984725150302,-0.15950241477692306,-0.23340202371570273,-0.26924776730986966
2026-05-30,HIMS,HIMS,0.526,0.174,,ALIGNED,,65,bridge_20260530_1840.csv,,,,,,-0.009005763614508111,-0.021253607626920967,0.08681555574717592,0.24891923209979772
2026-05-30,XBI,XBI,0.0,0.492,,CONTRARIAN,,65,bridge_20260530_1840.csv,,,,,,-0.04385561727652765,-0.03884146143516276,0.020805337520340972,0.18549135995296018
2026-05-30,RKLB,RKLB,-0.405,0.751,,CONTRARIAN,,65,bridge_20260530_1840.csv,,,,,,0.007598662552607438,-0.07141104589717606,-0.10736170810668211,-0.16945827246669376
2026-05-30,MSOS,MSOS,0.0,0.459,,CONTRARIAN,,65,bridge_20260530_1840.csv,,,,,,-0.011741671470031023,0.12524458899484125,-0.033268115822343014,-0.0058708823922705156
2026-05-30,QUBT,QUBT,0.0,0.374,,CONTRARIAN,,65,bridge_20260530_1840.csv,,,,,,-0.011299462424809614,-0.15657792415664673,-0.10411621679641336,-0.21711061013063804
2026-05-30,FLNC,FLNC,0.478,0.0,,TECH_WAIT,,65,bridge_20260530_1840.csv,,,,,,0.02799264234107479,-0.11344382935474917,-0.10939224143956983,-0.2677716596652101
2026-05-30,SMR,SMR,0.0,0.294,,CONTRARIAN,,65,bridge_20260530_1840.csv,,,,,,0.08223424652517419,-0.16524437996189,-0.17455391311649882,-0.22187746580108458
2026-05-30,PSTG,PSTG,0.0,0.251,,CONTRARIAN,,65,bridge_20260530_1840.csv,,,,,,,,,
2026-05-30,VST,VST,0.0,0.229,,CONTRARIAN,,65,bridge_20260530_1840.csv,,,,,,0.020741857830740784,-0.05078826208138154,-0.008012308643804977,0.026442000808241106
2026-05-30,SHOP,SHOP,0.292,0.0,,TECH_WAIT,,65,bridge_20260530_1840.csv,,,,,,-0.057283277900566754,-0.10747666509903064,-0.09369968277037255,-0.08008380777835566
2026-05-30,OKLO,OKLO,0.0,0.0,,NEUTRAL,,65,bridge_20260530_1840.csv,,,,,,0.09837048723419439,-0.11885185880521554,-0.09194196094032825,-0.21767076829794352
2026-05-30,DNN,DNN,0.0,0.0,,NEUTRAL,,65,bridge_20260530_1840.csv,,,,,,0.06997084689961675,-0.1049563051043193,-0.03498545820470256,-0.10787175416222872
2026-05-30,VRT,VRT,0.0,0.0,,NEUTRAL,,65,bridge_20260530_1840.csv,,,,,,0.03432377126547004,-0.07056502155807087,-0.03523649694562536,0.03555967923402781
2026-05-30,ETN,ETN,0.0,0.0,,NEUTRAL,,65,bridge_20260530_1840.csv,,,,,,0.043841254583109945,0.007648540739038312,0.01744653874374036,0.06508700614600316
2026-05-30,BTC,BTC,0.299,-0.308,,DIVERGING,,65,bridge_20260530_1840.csv,,,,,,-0.05979124519150236,-0.11325529435559978,-0.06896552556414315,-0.17905725207605938
2026-05-30,CCJ,CCJ,0.0,-0.178,,NEUTRAL,,65,bridge_20260530_1840.csv,,,,,,0.07034377880758913,-0.06350469960960592,-0.04947153278261285,-0.09530150170124863
2026-05-30,GEV,GEV,0.166,-0.363,,DIVERGING,,65,bridge_20260530_1840.csv,,,,,,0.02012541169060622,-0.017558484703605215,0.030014530672387574,0.2366236931035648
2026-05-30,CEG,CEG,0.0,-0.268,,NEUTRAL,,65,bridge_20260530_1840.csv,,,,,,0.026157250169931423,-0.056567607631025196,-0.012608227134386918,-0.06522399809428814
2026-05-30,COIN,COIN,0.393,-0.533,,DIVERGING,,65,bridge_20260530_1840.csv,,,,,,-0.047204397833504275,-0.1122611025216651,-0.07113523602073579,-0.19944142186745484
2026-05-30,UEC,UEC,0.0,-0.387,,NEUTRAL,,65,bridge_20260530_1840.csv,,,,,,0.1361294633571526,-0.0721118826274646,-0.13392197751209323,-0.21559972570109442
2026-05-30,PYPL,PYPL,0.245,-0.561,,DIVERGING,,65,bridge_20260530_1840.csv,,,,,,-0.014605036771540458,-0.08395641195135406,-0.056648202202608244,-0.04132903488627648
2026-05-30,UUUU,UUUU,0.139,-0.497,,DIVERGING,,65,bridge_20260530_1840.csv,,,,,,0.10896708200029126,-0.1367764294153847,-0.1123723269922835,-0.17707154884387288
2026-05-30,LEU,LEU,0.0,-0.438,,NEUTRAL,,65,bridge_20260530_1840.csv,,,,,,0.05359790943287046,-0.13365076458643355,-0.06534394763764884,-0.1117989676339286
2026-05-30,NEE,NEE,0.0,-0.477,,NEUTRAL,,65,bridge_20260530_1840.csv,,,,,,0.024145325389125727,0.011538753734124496,0.03694462605290161,0.05681169815477127
2026-05-30,KWEB,KWEB,0.0,-0.629,,NEUTRAL,,65,bridge_20260530_1840.csv,,,,,,0.03545319048668061,-0.045321628050293716,-0.02704677465680272,-0.10562870001924085
2026-05-31,IREN,IREN,0.85,0.926,,ALIGNED,,50,bridge_20260531_1009.csv,,,,,,0.01943971540595779,-0.0939844333729537,-0.06857497675446289,-0.30001533352937204
2026-05-31,NBIS,NBIS,0.85,0.77,,ALIGNED,,50,bridge_20260531_1009.csv,,,,,,-0.014857748471756027,-0.17583459244826394,-0.016785763402074716,0.04408152142310606
2026-05-31,TSLA,TSLA,0.605,0.779,,ALIGNED,,50,bridge_20260531_1009.csv,,,,,,0.018899647156100485,-0.016663442806619133,-0.011373499400772924,0.01134943052151094
2026-05-31,TSM,TSM,0.535,0.794,,ALIGNED,,50,bridge_20260531_1009.csv,,,,,,0.0253884930898165,-0.020269534405144785,0.015618016605561946,0.09884166365139091
2026-05-31,AAPL,AAPL,0.552,0.74,,ALIGNED,,50,bridge_20260531_1009.csv,,,,,,0.029022933365852488,-0.015572423530705759,-0.032287500276472425,-0.055336137710584876
2026-05-31,AMZN,AMZN,0.586,0.716,,ALIGNED,,50,bridge_20260531_1009.csv,,,,,,-0.0181429249589532,-0.06139480955891907,-0.05833271424446396,-0.08772874749677839
2026-05-31,SPY,SPY,0.575,0.715,,ALIGNED,,50,bridge_20260531_1009.csv,,,,,,0.0013579397972762752,-0.025470023194608782,-0.0048909388718152425,-0.012980332985263576
2026-05-31,NET,NET,0.413,0.79,,ALIGNED,,50,bridge_20260531_1009.csv,,,,,,0.006794166930539358,-0.0850380821772706,-0.1296433042641446,-0.09430621022894381
2026-05-31,QQQ,QQQ,0.377,0.812,,ALIGNED,,50,bridge_20260531_1009.csv,,,,,,0.004604508800567064,-0.03590761662805919,0.001696406638732384,-0.007446386853765863
2026-05-31,MRVL,MRVL,0.364,0.809,,ALIGNED,,50,bridge_20260531_1009.csv,,,,,,0.32520633452683545,0.31636527939001535,0.40764721916931723,0.3575628379656226
2026-05-31,MU,MU,0.274,0.843,,CONTRARIAN,,50,bridge_20260531_1009.csv,,,,,,0.02761936786742747,-0.08326416327654784,0.05069037218835515,0.11471751734832192
2026-05-31,SIVE,SIVE.ST,0.345,0.751,,ALIGNED,,50,bridge_20260531_1009.csv,,,,,,0.6014790368431433,0.4691865861574318,0.4190632808453545,0.03779791469897864
2026-05-31,MSFT,MSFT,0.663,0.521,,ALIGNED,,50,bridge_20260531_1009.csv,,,,,,-0.04171369737114239,-0.10592373825894597,-0.13193776751836728,-0.1900026102827912
2026-05-31,OUST,OUST,0.202,0.793,,CONTRARIAN,,50,bridge_20260531_1009.csv,,,,,,0.024482494249936204,-0.09014020052419192,0.005564210957087479,0.3914978863367955
2026-05-31,INTC,INTC,0.506,0.545,,ALIGNED,,50,bridge_20260531_1009.csv,,,,,,-0.012805282195479162,0.008597775507808603,0.16948686059596785,0.2771426190825439
2026-05-31,ONDS,ONDS,0.176,0.715,,CONTRARIAN,,50,bridge_20260531_1009.csv,,,,,,0.008915296078676915,-0.23476967596258225,-0.29346209495322784,-0.38781576911105575
2026-05-31,DOCN,DOCN,0.294,0.627,,ALIGNED,,50,bridge_20260531_1009.csv,,,,,,-0.002190773310516869,-0.023810837109762728,0.04520032560294651,-0.09466704213229282
2026-05-31,NOK,NOK,0.264,0.639,,ALIGNED,,50,bridge_20260531_1009.csv,,,,,,0.036923100398136954,-0.10215383676382217,-0.08800001878004804,-0.1827692472017728
2026-05-31,DELL,DELL,0.165,0.699,,CONTRARIAN,,50,bridge_20260531_1009.csv,,,,,,-0.06577815902868833,-0.13990472459272174,-0.12209201786374524,-0.07404069226605003
2026-05-31,LUNR,LUNR,0.0,0.788,,CONTRARIAN,,50,bridge_20260531_1009.csv,,,,,,0.03559279358643641,-0.22180054114591874,-0.32583091216691784,-0.4401989033718491
2026-05-31,AVGO,AVGO,0.317,0.542,,ALIGNED,,50,bridge_20260531_1009.csv,,,,,,0.04695962648719343,-0.13776986114212197,-0.1435528372300724,-0.17745101166363642
2026-05-31,ASTS,ASTS,0.102,0.646,,CONTRARIAN,,50,bridge_20260531_1009.csv,,,,,,0.11850446249165114,-0.12863231207768888,-0.1711311080920903,-0.15892097182236808
2026-05-31,QBTS,QBTS,-0.057,0.75,,CONTRARIAN,,50,bridge_20260531_1009.csv,,,,,,0.025017119074767225,-0.11480467259883897,-0.10006854166399759,-0.17786156544820342
2026-05-31,SMCI,SMCI,0.133,0.615,,CONTRARIAN,,50,bridge_20260531_1009.csv,,,,,,0.07017911744604732,-0.06164674325517516,-0.34193686692443537,-0.37436008414141364
2026-05-31,RDW,RDW,0.032,0.672,,CONTRARIAN,,50,bridge_20260531_1009.csv,,,,,,-0.004835608316925311,-0.10203097578405129,-0.28288202587722355,-0.408607380959496
2026-05-31,META,META,0.509,0.344,,ALIGNED,,50,bridge_20260531_1009.csv,,,,,,-0.004729580557107038,-0.025113567111168078,-0.010724804888396444,-0.0610486937111544
2026-05-31,CRWV,CRWV,0.635,0.24,,ALIGNED,,50,bridge_20260531_1009.csv,,,,,,-0.04446405275858967,-0.17985897294608866,-0.14508893330098693,-0.20253163628508752
2026-05-31,HOOD,HOOD,0.103,0.585,,CONTRARIAN,,50,bridge_20260531_1009.csv,,,,,,-0.028325797418013887,-0.06271357027312863,0.08145044766036258,0.10525730264544819
2026-05-31,BKSY,BKSY,0.0,0.64,,CONTRARIAN,,50,bridge_20260531_1009.csv,,,,,,0.03610190516129963,-0.1911279397043817,-0.26403964728723095,-0.3411986934257142
2026-05-31,NVDA,NVDA,0.7,0.167,,ALIGNED,,50,bridge_20260531_1009.csv,,,,,,-0.006863972045151545,-0.06898214283282511,-0.05198072520825192,-0.10713496848134418
2026-05-31,IONQ,IONQ,0.076,0.579,,CONTRARIAN,,50,bridge_20260531_1009.csv,,,,,,0.030600502077600567,-0.09353348233852399,-0.11691683915764783,-0.23123557650164062
2026-05-31,NNE,NNE,0.0,0.613,,CONTRARIAN,,50,bridge_20260531_1009.csv,,,,,,0.029292892576971763,-0.12962963914377645,-0.15555557981662993,-0.2882155270505057
2026-05-31,RGTI,RGTI,-0.063,0.627,,CONTRARIAN,,50,bridge_20260531_1009.csv,,,,,,0.04877097311471834,-0.15079983994047708,-0.11431909846927635,-0.24619585144589018
2026-05-31,ZETA,ZETA,0.124,0.495,,CONTRARIAN,,50,bridge_20260531_1009.csv,,,,,,0.0011895593759838619,-0.1371926716366133,-0.21609829516152834,-0.21966689766106262
2026-05-31,NOW,NOW,0.164,0.413,,CONTRARIAN,,50,bridge_20260531_1009.csv,,,,,,-0.06042984725150302,-0.15950241477692306,-0.23340202371570273,-0.26924776730986966
2026-05-31,HIMS,HIMS,0.526,0.174,,ALIGNED,,50,bridge_20260531_1009.csv,,,,,,-0.009005763614508111,-0.021253607626920967,0.08681555574717592,0.24891923209979772
2026-05-31,RKLB,RKLB,-0.405,0.751,,CONTRARIAN,,50,bridge_20260531_1009.csv,,,,,,0.007598662552607438,-0.07141104589717606,-0.10736170810668211,-0.16945827246669376
2026-05-31,QUBT,QUBT,0.0,0.374,,CONTRARIAN,,50,bridge_20260531_1009.csv,,,,,,-0.011299462424809614,-0.15657792415664673,-0.10411621679641336,-0.21711061013063804
2026-05-31,FLNC,FLNC,0.478,0.0,,TECH_WAIT,,50,bridge_20260531_1009.csv,,,,,,0.02799264234107479,-0.11344382935474917,-0.10939224143956983,-0.2677716596652101
2026-05-31,SMR,SMR,0.0,0.294,,CONTRARIAN,,50,bridge_20260531_1009.csv,,,,,,0.08223424652517419,-0.16524437996189,-0.17455391311649882,-0.22187746580108458
2026-05-31,SHOP,SHOP,0.292,0.0,,TECH_WAIT,,50,bridge_20260531_1009.csv,,,,,,-0.057283277900566754,-0.10747666509903064,-0.09369968277037255,-0.08008380777835566
2026-05-31,OKLO,OKLO,0.0,0.0,,NEUTRAL,,50,bridge_20260531_1009.csv,,,,,,0.09837048723419439,-0.11885185880521554,-0.09194196094032825,-0.21767076829794352
2026-05-31,DNN,DNN,0.0,0.0,,NEUTRAL,,50,bridge_20260531_1009.csv,,,,,,0.06997084689961675,-0.1049563051043193,-0.03498545820470256,-0.10787175416222872
2026-05-31,BTC,BTC,0.299,-0.308,,DIVERGING,,50,bridge_20260531_1009.csv,,,,,,-0.05979124519150236,-0.11325529435559978,-0.06896552556414315,-0.17905725207605938
2026-05-31,CCJ,CCJ,0.0,-0.178,,NEUTRAL,,50,bridge_20260531_1009.csv,,,,,,0.07034377880758913,-0.06350469960960592,-0.04947153278261285,-0.09530150170124863
2026-05-31,COIN,COIN,0.393,-0.533,,DIVERGING,,50,bridge_20260531_1009.csv,,,,,,-0.047204397833504275,-0.1122611025216651,-0.07113523602073579,-0.19944142186745484
2026-05-31,UEC,UEC,0.0,-0.387,,NEUTRAL,,50,bridge_20260531_1009.csv,,,,,,0.1361294633571526,-0.0721118826274646,-0.13392197751209323,-0.21559972570109442
2026-05-31,PYPL,PYPL,0.245,-0.561,,DIVERGING,,50,bridge_20260531_1009.csv,,,,,,-0.014605036771540458,-0.08395641195135406,-0.056648202202608244,-0.04132903488627648
2026-05-31,UUUU,UUUU,0.139,-0.497,,DIVERGING,,50,bridge_20260531_1009.csv,,,,,,0.10896708200029126,-0.1367764294153847,-0.1123723269922835,-0.17707154884387288
2026-05-31,LEU,LEU,0.0,-0.438,,NEUTRAL,,50,bridge_20260531_1009.csv,,,,,,0.05359790943287046,-0.13365076458643355,-0.06534394763764884,-0.1117989676339286
2026-06-01,IREN,IREN,0.85,0.92,,ALIGNED,,5,bridge_20260601_0815.csv,,,,,,0.01943971540595779,-0.0939844333729537,-0.06857497675446289,-0.30001533352937204
2026-06-01,NBIS,NBIS,0.85,0.757,,ALIGNED,,5,bridge_20260601_0815.csv,,,,,,-0.014857748471756027,-0.17583459244826394,-0.016785763402074716,0.04408152142310606
2026-06-01,MSFT,MSFT,0.956,0.509,,ALIGNED,,5,bridge_20260601_0815.csv,,,,,,-0.04171369737114239,-0.10592373825894597,-0.13193776751836728,-0.1900026102827912
2026-06-01,MU,MU,0.274,0.835,,CONTRARIAN,,5,bridge_20260601_0815.csv,,,,,,0.02761936786742747,-0.08326416327654784,0.05069037218835515,0.11471751734832192
2026-06-01,NVDA,NVDA,0.7,0.167,,ALIGNED,,5,bridge_20260601_0815.csv,,,,,,-0.006863972045151545,-0.06898214283282511,-0.05198072520825192,-0.10713496848134418
2026-06-02,IREN,IREN,0.7,0.876,,ALIGNED,,62,bridge_20260602_0851.csv,,,,,,-0.016816743886603813,-0.18888886343211642,-0.11141138647065463,-0.3495495392292364
2026-06-02,AMD,AMD,0.85,0.762,,ALIGNED,,62,bridge_20260602_0851.csv,,,,,,0.04022710125359996,-0.08825779461014871,-0.027322870887713124,0.03708253953727536
2026-06-02,MU,MU,0.662,0.743,,ALIGNED,,62,bridge_20260602_0851.csv,,,,,,0.014538136980731142,-0.12048671338812911,-0.04072917974163148,-0.029903051550489113
2026-06-02,NBIS,NBIS,0.7,0.69,,ALIGNED,,62,bridge_20260602_0851.csv,,,,,,-0.034154556585703766,-0.15526899048272658,0.017345996485407245,-0.12050040492183511
2026-06-02,NVDA,NVDA,0.7,0.674,,ALIGNED,,62,bridge_20260602_0851.csv,,,,,,-0.03621758578863232,-0.06456940248182264,-0.0680740603214155,-0.11224181275235279
2026-06-02,SNDK,SNDK,0.597,0.69,,ALIGNED,,62,bridge_20260602_0851.csv,,,,,,0.06708383767456172,-0.040679080661951694,0.16033353482089896,0.18402898462286443
2026-06-02,OUST,OUST,0.518,0.72,,ALIGNED,,62,bridge_20260602_0851.csv,,,,,,-0.04497066586400289,-0.1631544323418711,-0.07169235986477585,0.30393226264344686
2026-06-02,TSM,TSM,0.497,0.718,,ALIGNED,,62,bridge_20260602_0851.csv,,,,,,-0.022386861823714965,-0.042020168541403335,-0.044466593713320735,-0.003178195623620983
2026-06-02,PLTR,PLTR,0.665,0.584,,ALIGNED,,62,bridge_20260602_0851.csv,,,,,,-0.06551883643735101,-0.1320890522874998,-0.12433461521067746,-0.17375300736126031
2026-06-02,SPY,SPY,0.473,0.709,,ALIGNED,,62,bridge_20260602_0851.csv,,,,,,-0.00701718232049986,-0.02964838682468296,-0.01216476485555218,-0.015651966833958753
2026-06-02,FLNC,FLNC,0.446,0.725,,ALIGNED,,62,bridge_20260602_0851.csv,,,,,,-0.10963810400114049,-0.15944108875916274,-0.14295950530032442,-0.34217123931464477
2026-06-02,ONDS,ONDS,0.457,0.703,,ALIGNED,,62,bridge_20260602_0851.csv,,,,,,-0.14506629441063978,-0.28939619493777313,-0.32179675332181334,-0.41678938727618675
2026-06-02,ASTS,ASTS,0.507,0.66,,ALIGNED,,62,bridge_20260602_0851.csv,,,,,,-0.08834725373428431,-0.2493018493776591,-0.30396884763923915,-0.2713886789519483
2026-06-02,QQQ,QQQ,0.275,0.808,,ALIGNED,,62,bridge_20260602_0851.csv,,,,,,-0.002613320951729392,-0.05136965352390521,-0.021845178360199058,-0.02706264870515196
2026-06-02,DELL,DELL,0.432,0.688,,ALIGNED,,62,bridge_20260602_0851.csv,,,,,,-0.032689390540047714,-0.12296981624366099,-0.07174201897012689,-0.023109949745469094
2026-06-02,NOK,NOK,0.24,0.813,,ALIGNED,,62,bridge_20260602_0851.csv,,,,,,-0.00712171136597517,-0.17804153899599662,-0.17032645544563874,-0.2338279195762223
2026-06-02,MSFT,MSFT,0.634,0.539,,ALIGNED,,62,bridge_20260602_0851.csv,,,,,,-0.03165575513355168,-0.08588066009416051,-0.10758879528901699,-0.12922888467244587
2026-06-02,CRWV,CRWV,0.567,0.584,,ALIGNED,,62,bridge_20260602_0851.csv,,,,,,-0.06992535065502958,-0.17456192069101195,-0.018780899864305867,-0.28158799387729394
2026-06-02,SIVE,SIVE.ST,0.312,0.751,,ALIGNED,,62,bridge_20260602_0851.csv,,,,,,-0.050795249905151274,-0.21498201748912504,-0.05028213494031064,-0.3766033668295993
2026-06-02,MRVL,MRVL,0.362,0.705,,ALIGNED,,62,bridge_20260602_0851.csv,,,,,,0.03734646251932938,-0.08222431958323195,-0.04167953898367427,-0.06444524853780453
2026-06-02,QCOM,QCOM,0.315,0.727,,ALIGNED,,62,bridge_20260602_0851.csv,,,,,,0.03807509382149177,-0.14391831463686489,-0.10786966074698034,-0.24185386027681732
2026-06-02,CRWD,CRWD,0.275,0.69,,ALIGNED,,62,bridge_20260602_0851.csv,,,,,,-0.027752164011570657,-0.16128489181668548,-0.11634049099744359,0.004928770358512358
2026-06-02,RDW,RDW,0.295,0.669,,ALIGNED,,62,bridge_20260602_0851.csv,,,,,,-0.09523805110489514,-0.23469387471388614,-0.344023321183331,-0.4183673318073926
2026-06-02,CRDO,CRDO,0.254,0.673,,ALIGNED,,62,bridge_20260602_0851.csv,,,,,,-0.06288206941696228,0.023231473031522842,0.044454116488127804,0.13139736392091983
2026-06-02,NOW,NOW,0.45,0.537,,ALIGNED,,62,bridge_20260602_0851.csv,,,,,,-0.07638072764161585,-0.16200548419878602,-0.20618879263772105,-0.1711711571714425
2026-06-02,SMCI,SMCI,0.357,0.597,,ALIGNED,,62,bridge_20260602_0851.csv,,,,,,-0.05481363564613839,-0.1899541384714628,-0.41758021965722625,-0.448873816470551
2026-06-02,INTC,INTC,0.506,0.486,,ALIGNED,,62,bridge_20260602_0851.csv,,,,,,0.04428795298602117,-9.2672437711383e-05,0.0844992376614,0.17687386531930893
2026-06-02,ORCL,ORCL,0.266,0.645,,ALIGNED,,62,bridge_20260602_0851.csv,,,,,,-0.05826318730250157,-0.1585166426942587,-0.22998611739332542,-0.41736856520834087
2026-06-02,NET,NET,0.296,0.609,,ALIGNED,,62,bridge_20260602_0851.csv,,,,,,-0.026883360197293094,-0.13397637456414857,-0.15290105582581182,-0.09664052574491111
2026-06-02,IONQ,IONQ,0.301,0.601,,ALIGNED,,62,bridge_20260602_0851.csv,,,,,,-0.04439773250980039,-0.20602244516533075,-0.21484593592099455,-0.280112038831694
2026-06-02,SPCE,SPCE,0.297,0.6,,ALIGNED,,62,bridge_20260602_0851.csv,,,,,,-0.06535951650583716,0.0,-0.27015255048656084,-0.39433553835017254
2026-06-02,ARM,ARM,0.201,0.647,,CONTRARIAN,,62,bridge_20260602_0851.csv,,,,,,0.022646557847335824,-0.1933153081755602,-0.015817822384220803,-0.16200241270063565
2026-06-02,DOCN,DOCN,0.282,0.581,,ALIGNED,,62,bridge_20260602_0851.csv,,,,,,0.0035245006399045042,-0.02738779275766956,0.006413504966710448,-0.16461549828095068
2026-06-02,HOOD,HOOD,0.341,0.54,,ALIGNED,,62,bridge_20260602_0851.csv,,,,,,-0.06023145380460648,-0.04979590331992878,0.09698270266789955,0.23241829642273482
2026-06-02,IGV,IGV,0.254,0.597,,ALIGNED,,62,bridge_20260602_0851.csv,,,,,,-0.043254163072754426,-0.11247979722247603,-0.12740256581649967,-0.10858882715544749
2026-06-02,RDDT,RDDT,0.448,0.462,,ALIGNED,,62,bridge_20260602_0851.csv,,,,,,0.0021285437235161186,0.05309522537861433,0.03701291507189031,0.1692780038873687
2026-06-02,LUNR,LUNR,0.0,0.738,,CONTRARIAN,,62,bridge_20260602_0851.csv,,,,,,-0.14505933555820383,-0.3057872245334491,-0.4096537581372015,-0.4895122335423817
2026-06-02,CRM,CRM,0.482,0.402,,ALIGNED,,62,bridge_20260602_0851.csv,,,,,,-0.05093604185014344,-0.12691686078831133,-0.19275353840683596,-0.18516584622945464
2026-06-02,TSLA,TSLA,0.582,0.309,,ALIGNED,,62,bridge_20260602_0851.csv,,,,,,-9.43456559803213e-05,-0.0638599098084337,-0.04502758062016354,0.003681497131603928
2026-06-02,ZETA,ZETA,0.259,0.525,,ALIGNED,,62,bridge_20260602_0851.csv,,,,,,-0.07841582345490405,-0.16514851787302753,-0.2186138795153929,-0.1746534593034499
2026-06-02,SOFI,SOFI,0.322,0.46,,ALIGNED,,62,bridge_20260602_0851.csv,,,,,,-0.059751943608710056,-0.0715896546871051,-0.0016911323017236857,0.03945889357220267
2026-06-02,NNE,NNE,0.0,0.646,,CONTRARIAN,,62,bridge_20260602_0851.csv,,,,,,-0.1373895615805949,-0.2168792681371574,-0.21458945146973785,-0.3212299572409494
2026-06-02,QBTS,QBTS,-0.048,0.622,,CONTRARIAN,,62,bridge_20260602_0851.csv,,,,,,-0.07890339760585974,-0.21364090345193754,-0.19959877445037943,-0.2143095914447729
2026-06-02,HIMS,HIMS,0.437,0.272,,ALIGNED,,62,bridge_20260602_0851.csv,,,,,,0.0,0.05343508909938821,0.14394762092059832,0.36568518292416163
2026-06-02,AAOI,AAOI,0.173,0.436,,CONTRARIAN,,62,bridge_20260602_0851.csv,,,,,,-0.09042836504676333,-0.1951375756643534,-0.15595196086414953,-0.3131392827305821
2026-06-02,QUBT,QUBT,0.0,0.55,,CONTRARIAN,,62,bridge_20260602_0851.csv,,,,,,-0.08571430128447866,-0.2240816233109455,-0.1738775603625239,-0.23020405672034439
2026-06-02,BKSY,BKSY,0.0,0.524,,CONTRARIAN,,62,bridge_20260602_0851.csv,,,,,,-0.14643589905534338,-0.27920747600741325,-0.3447961612903703,-0.34547939259872273
2026-06-02,RGTI,RGTI,-0.063,0.457,,CONTRARIAN,,62,bridge_20260602_0851.csv,,,,,,-0.10360862851056285,-0.2674850763092036,-0.23214285587575156,-0.3050594907591865
2026-06-02,AMZN,AMZN,0.46,0.0,,TECH_WAIT,,62,bridge_20260602_0851.csv,,,,,,-0.02533909644314114,-0.04806637728184393,-0.04101040645651666,-0.057773244581886485
2026-06-02,SMR,SMR,0.0,0.286,,CONTRARIAN,,62,bridge_20260602_0851.csv,,,,,,-0.12043006268614165,-0.2831541120625446,-0.2910393922189062,-0.2724014510889833
2026-06-02,LITE,LITE,0.39,0.0,,TECH_WAIT,,62,bridge_20260602_0851.csv,,,,,,-0.08856825754433417,-0.2015158234743406,-0.14943403334228067,-0.2215323770694514
2026-06-02,SNAP,SNAP,0.315,0.0,,TECH_WAIT,,62,bridge_20260602_0851.csv,,,,,,-0.005208369551432002,-0.029513900961588457,-0.10416672875483579,-0.17534725499097814
2026-06-02,LEU,LEU,0.0,0.162,,CONTRARIAN,,62,bridge_20260602_0851.csv,,,,,,-0.08768144571754699,-0.21649173682148848,-0.16903531781620862,-0.16466633727156643
2026-06-02,META,META,0.478,-0.159,,DIVERGING,,62,bridge_20260602_0851.csv,,,,,,0.04241756940938335,-0.021819466858328584,0.005247941145533064,0.026518162069564477
2026-06-02,RKLB,RKLB,-0.388,0.404,,CONTRARIAN,,62,bridge_20260602_0851.csv,,,,,,-0.06989947103400629,-0.12236455056141193,-0.15155694524535968,-0.18853389602283477
2026-06-02,OKLO,OKLO,0.0,0.0,,NEUTRAL,,62,bridge_20260602_0851.csv,,,,,,-0.11242686809569402,-0.23125086969073283,-0.2180481855395613,-0.2861031728394805
2026-06-02,CCJ,CCJ,0.0,0.0,,NEUTRAL,,62,bridge_20260602_0851.csv,,,,,,-0.04937353308574788,-0.15135677678060833,-0.10480461919281125,-0.19185131803786737
2026-06-02,DNN,DNN,0.0,0.0,,NEUTRAL,,62,bridge_20260602_0851.csv,,,,,,-0.06811988959206128,-0.19618528982083916,-0.09264309142228433,-0.1607629810143456
2026-06-02,BTC,BTC,0.287,-0.451,,DIVERGING,,62,bridge_20260602_0851.csv,,,,,,-0.027254356818858128,-0.07671597684971587,-0.02288016196291076,-0.10800804706042721
2026-06-02,UEC,UEC,0.0,-0.37,,NEUTRAL,,62,bridge_20260602_0851.csv,,,,,,-0.087435198476987,-0.3102331665823863,-0.244170958973288,-0.3167098136363449
2026-06-02,UUUU,UUUU,0.111,-0.511,,DIVERGING,,62,bridge_20260602_0851.csv,,,,,,-0.07881273507533926,-0.2645855060252301,-0.21494373419409352,-0.2722620470437659
2026-06-02,COIN,COIN,0.264,-0.626,,DIVERGING,,62,bridge_20260602_0851.csv,,,,,,-0.06190013180316889,-0.10627050353125322,-0.02712800202129184,-0.08477498439173003
2026-06-03,IREN,IREN,0.85,0.868,,ALIGNED,,56,bridge_20260603_0617.csv,,,,,,-0.05528409531149958,-0.21319490200807567,-0.11255348761068185,-0.4071472555794605
2026-06-03,AMD,AMD,0.85,0.762,,ALIGNED,,56,bridge_20260603_0617.csv,,,,,,-0.035611602574429746,-0.16611373293216247,-0.05537130056224526,-0.0455282963168302
2026-06-03,SNDK,SNDK,0.621,0.757,,ALIGNED,,56,bridge_20260603_0617.csv,,,,,,-0.039213729887558,-0.10279553345959591,0.0695058961660524,-0.047229047229047194
2026-06-03,AAPL,AAPL,0.567,0.769,,ALIGNED,,56,bridge_20260603_0617.csv,,,,,,0.0031264139436979477,-0.060207640705840726,-0.046122597525229625,-0.005253673794582303
2026-06-03,NVDA,NVDA,0.7,0.661,,ALIGNED,,56,bridge_20260603_0617.csv,,,,,,0.01939395646671027,-0.06564103417741118,-0.04592077437536424,-0.09170162316524622
2026-06-03,PLTR,PLTR,0.836,0.571,,ALIGNED,,56,bridge_20260603_0617.csv,,,,,,-0.0035161744777110204,-0.08431779530022854,-0.08136422161556667,-0.0907172586028937
2026-06-03,OUST,OUST,0.553,0.76,,ALIGNED,,56,bridge_20260603_0617.csv,,,,,,0.07120111768202464,-0.12670609214802342,-0.07370331963710042,0.1337579888665681
2026-06-03,NOK,NOK,0.393,0.84,,ALIGNED,,56,bridge_20260603_0617.csv,,,,,,-0.006574937597889852,-0.19904363507597134,-0.1733412849898157,-0.27854154064066394
2026-06-03,SPY,SPY,0.617,0.679,,ALIGNED,,56,bridge_20260603_0617.csv,,,,,,0.0037786857621391334,-0.03819738150666163,-0.01760709359311763,-0.009998447148781842
2026-06-03,QQQ,QQQ,0.377,0.809,,ALIGNED,,56,bridge_20260603_0617.csv,,,,,,-0.004837372714978083,-0.06788405872303471,-0.029158475476347978,-0.04142235408405692
2026-06-03,AAOI,AAOI,0.643,0.607,,ALIGNED,,56,bridge_20260603_0617.csv,,,,,,0.10224366445686273,-0.048568490713750245,-0.09088939164792931,-0.34291306494489193
2026-06-03,CRDO,CRDO,0.289,0.818,,ALIGNED,,56,bridge_20260603_0617.csv,,,,,,0.01351348468781266,0.10754886260875796,0.16183594939315382,0.127260003643338
2026-06-03,QCOM,QCOM,0.467,0.649,,ALIGNED,,56,bridge_20260603_0617.csv,,,,,,-0.026175234290932825,-0.23240595865247293,-0.14500781102501892,-0.29242441450391754
2026-06-03,ONDS,ONDS,0.181,0.823,,CONTRARIAN,,56,bridge_20260603_0617.csv,,,,,,0.031007805426119583,-0.19810502197024193,-0.21447027086569237,-0.3617571002122808
2026-06-03,VPG,VPG,0.315,0.717,,ALIGNED,,56,bridge_20260603_0617.csv,,,,,,-0.013006905856096429,-0.05910869782733996,0.027091545223469016,-0.06418838457646725
2026-06-03,TSLA,TSLA,0.594,0.497,,ALIGNED,,56,bridge_20260603_0617.csv,,,,,,-0.012390842220308285,-0.09938639286270434,-0.06447960004039244,-0.07139485279320468
2026-06-03,CRWV,CRWV,0.717,0.41,,ALIGNED,,56,bridge_20260603_0617.csv,,,,,,-0.02614262614171825,-0.13810510820046773,0.03858287900047164,-0.2630938202317127
2026-06-03,MSFT,MSFT,0.657,0.444,,ALIGNED,,56,bridge_20260603_0617.csv,,,,,,0.0016614205577816232,-0.07015493808967843,-0.11332894905883895,-0.08623111906047509
2026-06-03,ASTS,ASTS,0.197,0.736,,CONTRARIAN,,56,bridge_20260603_0617.csv,,,,,,-0.004084307321038705,-0.1894551473695445,-0.20699900080642264,-0.2097837686743288
2026-06-03,LUNR,LUNR,0.0,0.868,,CONTRARIAN,,56,bridge_20260603_0617.csv,,,,,,-0.0059119347358669305,-0.2156370555364865,-0.3284067962272951,-0.4212237994698439
2026-06-03,SIVE,SIVE.ST,0.312,0.65,,ALIGNED,,56,bridge_20260603_0617.csv,,,,,,-0.06216216216216219,-0.18918918918918914,0.10162163811760982,-0.47027027027027024
2026-06-03,NBIS,NBIS,0.3,0.655,,CONTRARIAN,,56,bridge_20260603_0617.csv,,,,,,0.03174674580607606,-0.1588922099417367,0.11613958930769175,-0.14327717183720234
2026-06-03,ARM,ARM,0.201,0.717,,CONTRARIAN,,56,bridge_20260603_0617.csv,,,,,,-0.04465431059045144,-0.2535026523090854,0.01711875905206761,-0.2344413737245593
2026-06-03,MRVL,MRVL,0.135,0.708,,CONTRARIAN,,56,bridge_20260603_0617.csv,,,,,,0.04899722516499394,-0.16263881638072508,-0.04014580406513679,-0.18683905906368015
2026-06-03,IONQ,IONQ,0.083,0.739,,CONTRARIAN,,56,bridge_20260603_0617.csv,,,,,,-0.037666709195069314,-0.17001321585952345,-0.1984464907526443,-0.2800821264082035
2026-06-03,IGV,IGV,0.337,0.562,,ALIGNED,,56,bridge_20260603_0617.csv,,,,,,-0.0013972330414427914,-0.08602788282220508,-0.11001273936573674,-0.06599254951202316
2026-06-03,FLNC,FLNC,0.176,0.666,,CONTRARIAN,,56,bridge_20260603_0617.csv,,,,,,0.09255529986935618,-0.12997985885927354,-0.057545283027122696,-0.31589538273501816
2026-06-03,DELL,DELL,0.165,0.672,,CONTRARIAN,,56,bridge_20260603_0617.csv,,,,,,0.0023036349563627656,-0.12171080666351797,-0.004179689479329007,-0.06355079343393255
2026-06-03,NET,NET,0.112,0.705,,CONTRARIAN,,56,bridge_20260603_0617.csv,,,,,,0.012475137540740588,-0.17208755404238596,-0.1449515448741151,-0.0863829347231122
2026-06-03,DOCN,DOCN,0.371,0.52,,ALIGNED,,56,bridge_20260603_0617.csv,,,,,,0.03926766243565005,-0.012724502235577861,0.02377939346486624,-0.250748443283655
2026-06-03,CRM,CRM,0.51,0.362,,ALIGNED,,56,bridge_20260603_0617.csv,,,,,,-0.00975813222496702,-0.10329993782333846,-0.1846172515636263,-0.12628547859937422
2026-06-03,SMCI,SMCI,0.138,0.578,,CONTRARIAN,,56,bridge_20260603_0617.csv,,,,,,-0.010965766831407153,-0.38274986107164843,-0.4141711986644858,-0.4259805912185698
2026-06-03,NNE,NNE,0.0,0.665,,CONTRARIAN,,56,bridge_20260603_0617.csv,,,,,,-0.007963632352595451,-0.16135763870680753,-0.040197244579300184,-0.24042472320119201
2026-06-03,RDW,RDW,0.0,0.647,,CONTRARIAN,,56,bridge_20260603_0617.csv,,,,,,0.1509129612938338,-0.20139639015336952,-0.22878630454087245,-0.39258861923432964
2026-06-03,NOW,NOW,0.173,0.529,,CONTRARIAN,,56,bridge_20260603_0617.csv,,,,,,0.012383367816599877,-0.10042412056022143,-0.19016113552826508,-0.09821884377595103
2026-06-03,BKSY,BKSY,0.0,0.587,,CONTRARIAN,,56,bridge_20260603_0617.csv,,,,,,0.058164363175061684,-0.15181426617406724,-0.21237991413266988,-0.25613661949625843
2026-06-03,QBTS,QBTS,-0.073,0.624,,CONTRARIAN,,56,bridge_20260603_0617.csv,,,,,,0.003266793287849623,-0.15607983143883875,-0.16805805041686817,-0.18221410850937825
2026-06-03,SOFI,SOFI,0.419,0.256,,ALIGNED,,56,bridge_20260603_0617.csv,,,,,,0.02817741635224391,-0.04856117534754223,0.0443644938596639,0.09352514612714469
2026-06-03,QUBT,QUBT,0.0,0.522,,CONTRARIAN,,56,bridge_20260603_0617.csv,,,,,,-0.0008928775939409661,-0.1491071522083819,-0.12767851570126865,-0.19196425492362046
2026-06-03,RGTI,RGTI,-0.088,0.56,,CONTRARIAN,,56,bridge_20260603_0617.csv,,,,,,0.0026976773567115586,-0.1929860863682632,-0.15978412881660708,-0.2554471448308159
2026-06-03,UEC,UEC,0.0,0.491,,CONTRARIAN,,56,bridge_20260603_0617.csv,,,,,,0.003548629538210557,-0.33144073993755163,-0.1894960998849634,-0.23562808082826314
2026-06-03,SPCE,SPCE,0.107,0.413,,CONTRARIAN,,56,bridge_20260603_0617.csv,,,,,,0.10023306111007257,0.0979021165567866,-0.18648017702329567,-0.37062935391787866
2026-06-03,SMR,SMR,0.0,0.479,,CONTRARIAN,,56,bridge_20260603_0617.csv,,,,,,-0.022004926462152907,-0.242868817011746,-0.1572942325323713,-0.20456398820210864
2026-06-03,LITE,LITE,0.157,0.334,,CONTRARIAN,,56,bridge_20260603_0617.csv,,,,,,0.00754799263309569,-0.09034114097481338,-0.07251601229344351,-0.22353943782066232
2026-06-03,OKLO,OKLO,0.0,0.405,,CONTRARIAN,,56,bridge_20260603_0617.csv,,,,,,0.0027603175541011105,-0.1715994292871178,-0.09799109767462,-0.1970556456759841
2026-06-03,CCJ,CCJ,0.0,0.404,,CONTRARIAN,,56,bridge_20260603_0617.csv,,,,,,-0.00471369524297649,-0.17047834493281921,-0.0776012533092233,-0.1572974600828685
2026-06-03,DNN,DNN,0.0,0.333,,CONTRARIAN,,56,bridge_20260603_0617.csv,,,,,,-0.0029239737544372035,-0.1725146606508966,-0.03216378101184281,-0.06432749231065238
2026-06-03,AMZN,AMZN,0.46,0.0,,TECH_WAIT,,56,bridge_20260603_0617.csv,,,,,,0.01507874949703436,-0.04807617017461552,-0.05007601015324026,-0.029397672097893013
2026-06-03,RKLB,RKLB,-0.396,0.509,,CONTRARIAN,,56,bridge_20260603_0617.csv,,,,,,0.04577157924746089,-0.08413246864199031,-0.058587565563240185,-0.12414994108670518
2026-06-03,SHOP,SHOP,0.303,0.0,,TECH_WAIT,,56,bridge_20260603_0617.csv,,,,,,0.0274481884815736,-0.041969234909687514,-0.04294320877168234,0.05772973704732309
2026-06-03,META,META,0.478,-0.247,,DIVERGING,,56,bridge_20260603_0617.csv,,,,,,0.007367820180195883,-0.08346976445981169,-0.08808297522920672,-0.06346869164290336
2026-06-03,SNAP,SNAP,0.343,-0.185,,DIVERGING,,56,bridge_20260603_0617.csv,,,,,,0.05933685016686385,-0.061082007585954945,-0.17277491180801086,-0.15532283831117766
2026-06-03,UUUU,UUUU,0.029,0.0,,NEUTRAL,,56,bridge_20260603_0617.csv,,,,,,-0.03499995337592232,-0.23944446775648331,-0.1499999894036187,-0.2327777544657389
2026-06-03,LEU,LEU,0.0,0.0,,NEUTRAL,,56,bridge_20260603_0617.csv,,,,,,0.027632544300421946,-0.1929872731434139,-0.06253096672455105,-0.1075576236201723
2026-06-03,PYPL,PYPL,0.233,-0.425,,DIVERGING,,56,bridge_20260603_0617.csv,,,,,,0.006592860165974823,-0.04167648709416183,-0.009182938037174404,0.07063809545024391
2026-06-03,COIN,COIN,0.264,-0.688,,DIVERGING,,56,bridge_20260603_0617.csv,,,,,,0.005575319539906642,-0.05667197604962837,0.010415371495699821,0.013846308601480839
2026-06-04,IREN,IREN,0.7,0.869,,ALIGNED,,56,bridge_20260604_0956.csv,,,,,,-0.12140320178034003,-0.08325252950316187,-0.030714541014100205,-0.29017136414214206
2026-06-04,SPY,SPY,0.603,0.712,,ALIGNED,,56,bridge_20260604_0956.csv,,,,,,-0.025809371248925683,-0.025531977146670326,-0.011129791746701034,-0.005117646378935969
2026-06-04,ONDS,ONDS,0.52,0.755,,ALIGNED,,56,bridge_20260604_0956.csv,,,,,,-0.1286549647032954,-0.1787803087371146,-0.2255638888081103,-0.34670008377514794
2026-06-04,OUST,OUST,0.518,0.743,,ALIGNED,,56,bridge_20260604_0956.csv,,,,,,-0.1573582464090284,-0.15884475510721052,-0.011042693906958778,0.058186486931158354
2026-06-04,TSM,TSM,0.632,0.617,,ALIGNED,,56,bridge_20260604_0956.csv,,,,,,-0.06686599184040076,-0.051388865112230064,0.04109094781691436,0.01781895001312117
2026-06-04,PANW,PANW,0.289,0.794,,ALIGNED,,56,bridge_20260604_0956.csv,,,,,,-0.025783391967882707,0.0010026813940802182,0.030546101268744463,0.2803222874818152
2026-06-04,AVGO,AVGO,0.535,0.617,,ALIGNED,,56,bridge_20260604_0956.csv,,,,,,-0.07920554255801027,-0.0795875157021243,-0.01804678999547027,-0.10603289916084113
2026-06-04,INTC,INTC,0.857,0.401,,ALIGNED,,56,bridge_20260604_0956.csv,,,,,,-0.11281088520361571,0.04634103025357339,0.198693925178149,0.09321880732454635
2026-06-04,CRDO,CRDO,0.275,0.788,,ALIGNED,,56,bridge_20260604_0956.csv,,,,,,-0.04878161200161635,0.21728740122126444,0.24979304171156613,0.22091948410560347
2026-06-04,QCOM,QCOM,0.5,0.637,,ALIGNED,,56,bridge_20260604_0956.csv,,,,,,-0.10978275994038644,-0.16329306762731344,-0.06785672678760635,-0.231232262452422
2026-06-04,QQQ,QQQ,0.363,0.713,,ALIGNED,,56,bridge_20260604_0956.csv,,,,,,-0.04800098739080161,-0.031717124415696185,1.3530422081409199e-05,-0.022948173368268265
2026-06-04,SIVE,SIVE.ST,0.455,0.65,,ALIGNED,,56,bridge_20260604_0956.csv,,,,,,-0.09164261611806557,-0.0806916426512968,0.10662824207492805,-0.35100865432783235
2026-06-04,AAOI,AAOI,0.45,0.63,,ALIGNED,,56,bridge_20260604_0956.csv,,,,,,-0.12760608934660655,-0.14840554340248957,-0.20227706348066898,-0.3919858002787029
2026-06-04,AEHR,AEHR,0.289,0.73,,ALIGNED,,56,bridge_20260604_0956.csv,,,,,,-0.15551556526037913,-0.11622922318524398,-0.010979574191050556,-0.37956767288549353
2026-06-04,DELL,DELL,0.165,0.807,,CONTRARIAN,,56,bridge_20260604_0956.csv,,,,,,-0.06553721362456022,-0.07250321378723235,-0.029735815789170617,-0.024286229244916968
2026-06-04,IGV,IGV,0.278,0.732,,ALIGNED,,56,bridge_20260604_0956.csv,,,,,,-0.04207470597947549,-0.09134515986716596,-0.10946726451380184,-0.052490714087704116
2026-06-04,NOK,NOK,0.264,0.739,,ALIGNED,,56,bridge_20260604_0956.csv,,,,,,-0.13477741345865069,-0.15222626708135623,-0.1883273712433583,-0.24729244300935527
2026-06-04,VPG,VPG,0.3,0.707,,ALIGNED,,56,bridge_20260604_0956.csv,,,,,,-0.08367126401523406,0.10495937990111526,0.10215213883022534,-0.04086092692380139
2026-06-04,PLTR,PLTR,0.7,0.436,,ALIGNED,,56,bridge_20260604_0956.csv,,,,,,-0.04354268385199034,-0.07494703843265849,-0.0933662386201144,-0.06464364050378346
2026-06-04,TSLA,TSLA,0.55,0.526,,ALIGNED,,56,bridge_20260604_0956.csv,,,,,,-0.06559926253138726,-0.046122637704687275,-0.042920352368804315,0.0031544432265127043
2026-06-04,ARM,ARM,0.206,0.749,,CONTRARIAN,,56,bridge_20260604_0956.csv,,,,,,-0.12838046322742003,-0.13015959520461995,0.11696825113894072,-0.18096790302260846
2026-06-04,IONQ,IONQ,0.385,0.625,,ALIGNED,,56,bridge_20260604_0956.csv,,,,,,-0.1352422233862426,-0.11681391343066172,-0.1387451099139363,-0.2557112974989624
2026-06-04,MRVL,MRVL,0.246,0.708,,CONTRARIAN,,56,bridge_20260604_0956.csv,,,,,,-0.16736716301919474,-0.11288443493535394,-0.018487547197768572,-0.2122428221431899
2026-06-04,TE,TE,0.252,0.7,,ALIGNED,,56,bridge_20260604_0956.csv,,,,,,-0.19125210732582199,-0.27358487325291936,-0.1981131643372258,-0.25814753587238626
2026-06-04,ZM,ZM,0.303,0.635,,ALIGNED,,56,bridge_20260604_0956.csv,,,,,,-0.03412219721633336,-0.12251686628472558,-0.17916546562258318,-0.19247220013509703
2026-06-04,NVDA,NVDA,0.7,0.353,,ALIGNED,,56,bridge_20260604_0956.csv,,,,,,-0.062014073591381225,-0.06306598515488582,-0.036449286962507266,-0.10568919886264594
2026-06-04,HOOD,HOOD,0.467,0.493,,ALIGNED,,56,bridge_20260604_0956.csv,,,,,,-0.06634213165261504,0.04415262589191715,0.22438581777382005,0.33080494299763585
2026-06-04,SPCE,SPCE,0.389,0.543,,ALIGNED,,56,bridge_20260604_0956.csv,,,,,,-0.07203383281017628,0.21398310885111838,-0.24576269046084187,-0.4300847083064734
2026-06-04,NET,NET,0.107,0.677,,CONTRARIAN,,56,bridge_20260604_0956.csv,,,,,,-0.06897711817926944,-0.15336513535017737,-0.165947046824668,-0.07850659040604824
2026-06-04,META,META,0.699,0.257,,ALIGNED,,56,bridge_20260604_0956.csv,,,,,,-0.055085447812264654,-0.09423654374857504,-0.07937767568945153,-0.0425827537486666
2026-06-04,RDDT,RDDT,0.586,0.318,,ALIGNED,,56,bridge_20260604_0956.csv,,,,,,-0.05687568106999197,-0.057908808347588714,-0.04866509037042743,0.0921646273216532
2026-06-04,HIMS,HIMS,0.573,0.324,,ALIGNED,,56,bridge_20260604_0956.csv,,,,,,-0.06497678257594475,0.030703341782367888,0.26633348557166703,0.3666547114064418
2026-06-04,CRWV,CRWV,0.59,0.246,,ALIGNED,,56,bridge_20260604_0956.csv,,,,,,-0.070721091141145,-0.11376470475238609,0.09182632862203088,-0.19966675866479733
2026-06-04,MSFT,MSFT,0.657,0.196,,ALIGNED,,56,bridge_20260604_0956.csv,,,,,,-0.026585620113925623,-0.08809716745820118,-0.11365493583430375,-0.09650741440640764
2026-06-04,QBTS,QBTS,-0.095,0.697,,CONTRARIAN,,56,bridge_20260604_0956.csv,,,,,,-0.13712008291860234,-0.13820549128719817,-0.10672933866618084,-0.18379160766583036
2026-06-04,LITE,LITE,0.413,0.285,,ALIGNED,,56,bridge_20260604_0956.csv,,,,,,-0.08615148185655941,-0.058714594776052564,-0.10060525603178105,-0.22625599232145865
2026-06-04,RGTI,RGTI,-0.063,0.579,,CONTRARIAN,,56,bridge_20260604_0956.csv,,,,,,-0.144039717061881,-0.14610930086672258,-0.11589400888843415,-0.25662254975566834
2026-06-04,LUNR,LUNR,0.0,0.535,,CONTRARIAN,,56,bridge_20260604_0956.csv,,,,,,-0.12696997687020828,-0.08890875954510846,-0.320547140775029,-0.4382991736637756
2026-06-04,CRM,CRM,0.51,0.171,,ALIGNED,,56,bridge_20260604_0956.csv,,,,,,-0.016370866900155212,-0.11586968665130604,-0.19379212771910304,-0.12011905259782807
2026-06-04,ASTS,ASTS,-0.362,0.745,,CONTRARIAN,,56,bridge_20260604_0956.csv,,,,,,-0.12759812027762774,-0.09068881791318395,-0.24820576965401064,-0.24839222013672324
2026-06-04,RDW,RDW,-0.173,0.6,,CONTRARIAN,,56,bridge_20260604_0956.csv,,,,,,-0.13905737283244912,-0.20251983624749148,-0.3303779665367569,-0.46990203010246456
2026-06-04,SOFI,SOFI,0.345,0.205,,ALIGNED,,56,bridge_20260604_0956.csv,,,,,,-0.06530606162081931,-0.027988312123208292,0.0443148831362461,0.08513125506100794
2026-06-04,QUBT,QUBT,0.0,0.385,,CONTRARIAN,,56,bridge_20260604_0956.csv,,,,,,-0.1103663720275978,-0.11438782671762593,-0.03842711060108328,-0.16264519777237352
2026-06-04,CCJ,CCJ,0.0,0.329,,CONTRARIAN,,56,bridge_20260604_0956.csv,,,,,,-0.09279069034513543,-0.13199435068812093,-0.06604103666893746,-0.14488683677812575
2026-06-04,BKSY,BKSY,0.0,0.243,,CONTRARIAN,,56,bridge_20260604_0956.csv,,,,,,-0.12355021544960099,-0.09304081293257405,-0.2690368158685251,-0.31517902289693656
2026-06-04,NNE,NNE,0.0,0.227,,CONTRARIAN,,56,bridge_20260604_0956.csv,,,,,,-0.0993883943667887,-0.09977066611526597,0.07836388566582286,-0.22821098425752007
2026-06-04,SMR,SMR,0.0,0.226,,CONTRARIAN,,56,bridge_20260604_0956.csv,,,,,,-0.125,-0.20250002543131507,-0.021666685740152958,-0.19916669527689612
2026-06-04,SHOP,SHOP,0.303,0.0,,TECH_WAIT,,56,bridge_20260604_0956.csv,,,,,,-0.05601516674178375,-0.04800068640880972,-0.06196141317372361,0.03533263048753099
2026-06-04,AMZN,AMZN,0.527,-0.203,,DIVERGING,,56,bridge_20260604_0956.csv,,,,,,-0.03057644001781823,-0.04838645771762928,-0.037038473325015864,-0.0379447175963562
2026-06-04,RKLB,RKLB,-0.388,0.309,,CONTRARIAN,,56,bridge_20260604_0956.csv,,,,,,-0.08228424650520294,-0.04310127803651498,-0.10596081207035757,-0.22392664688388042
2026-06-04,UEC,UEC,0.0,0.0,,NEUTRAL,,56,bridge_20260604_0956.csv,,,,,,-0.10537487189638539,-0.24823197621344772,-0.15063649665657575,-0.2510608277609596
2026-06-04,DNN,DNN,0.0,0.0,,NEUTRAL,,56,bridge_20260604_0956.csv,,,,,,-0.11143698090211296,-0.1202346262495213,-0.017595360612286837,-0.049853393552784175
2026-06-04,OKLO,OKLO,0.0,-0.193,,NEUTRAL,,56,bridge_20260604_0956.csv,,,,,,-0.11163785449149544,-0.11515520491790843,-0.06453588102298058,-0.20721821935367046
2026-06-04,LEU,LEU,0.0,-0.237,,NEUTRAL,,56,bridge_20260604_0956.csv,,,,,,-0.13342976772378334,-0.15003486742369132,0.025175407824622686,-0.06674169238268579
2026-06-04,COIN,COIN,0.264,-0.59,,DIVERGING,,56,bridge_20260604_0956.csv,,,,,,-0.07146780379799089,-0.022543179777963385,-0.00530073935352493,0.028879486342301197
2026-06-04,UUUU,UUUU,0.0,-0.418,,NEUTRAL,,56,bridge_20260604_0956.csv,,,,,,-0.13471508308605695,-0.1318365460498394,-0.04663220116037503,-0.20725389795828053
2026-06-05,MU,MU,0.683,0.769,,ALIGNED,,18,bridge_20260605_2101.csv,,,,,,0.09869099828787586,0.13610952790434605,0.4020439652691654,0.08624243602213766
2026-06-05,MRVL,MRVL,0.609,0.689,,ALIGNED,,18,bridge_20260605_2101.csv,,,,,,0.09632978097278078,0.06160088404283215,0.16848208418334476,-0.12437853772382601
2026-06-05,NVDA,NVDA,0.7,0.551,,ALIGNED,,18,bridge_20260605_2101.csv,,,,,,0.017259839984335112,0.0004387924681250599,0.017308569904074256,-0.03983429149003004
2026-06-05,PLTR,PLTR,0.686,0.436,,ALIGNED,,18,bridge_20260605_2101.csv,,,,,,0.0069357518621171454,-0.055633446347224,-0.1182763884282243,-0.008559017727126084
2026-06-05,TSLA,TSLA,0.55,0.509,,ALIGNED,,18,bridge_20260605_2101.csv,,,,,,0.04590795960877547,0.03946289686900584,0.03593347261628832,0.030434766998681306
2026-06-05,AAOI,AAOI,0.163,0.63,,CONTRARIAN,,18,bridge_20260605_2101.csv,,,,,,0.11096044852908715,-0.04491523699571853,-0.03259889419469453,-0.35361579851915603
2026-06-05,HOOD,HOOD,0.361,0.497,,ALIGNED,,18,bridge_20260605_2101.csv,,,,,,0.031162842934201906,0.12998667469416736,0.28179941214715787,0.36898265860018786
2026-06-05,MSFT,MSFT,0.634,0.221,,ALIGNED,,18,bridge_20260605_2101.csv,,,,,,-0.011831960627074034,-0.06223155580610695,-0.11839109007156656,-0.06679150453112814
2026-06-05,AVGO,AVGO,0.418,0.331,,ALIGNED,,18,bridge_20260605_2101.csv,,,,,,0.02818030769211255,-0.009488473035813683,0.01820085346414335,-0.03723635910662337
2026-06-05,META,META,0.478,0.257,,ALIGNED,,18,bridge_20260605_2101.csv,,,,,,-0.012833073513225268,-0.043878691825329996,-0.04827564750014324,0.03903967108958373
2026-06-05,AAPL,AAPL,-0.308,0.581,,CONTRARIAN,,18,bridge_20260605_2101.csv,,,,,,-0.01887156849768501,-0.052742863435375376,-0.03361094128767028,0.01080239267188876
2026-06-05,GOOGL,GOOGL,0.309,0.0,,TECH_WAIT,,18,bridge_20260605_2101.csv,,,,,,-0.013575520711203493,-0.023431362004881717,-0.0505824034272887,-0.0034753299877320343
2026-06-05,STI,STI,0.0,0.172,,CONTRARIAN,,18,bridge_20260605_2101.csv,,,,,,-0.18952968159026307,-0.2925532028504716,-0.5755879247107794,-0.7931131127116986
2026-06-05,RKLB,RKLB,-0.388,0.309,,CONTRARIAN,,18,bridge_20260605_2101.csv,,,,,,0.03243095599056467,-0.0698583059001805,-0.08893532660503178,-0.24227832235937918
2026-06-05,STG,STG,0.0,0.0,,NEUTRAL,,18,bridge_20260605_2101.csv,,,,,,-0.1210374849657162,-0.17002879230684398,0.19596543549008238,0.07204610891606467
2026-06-05,SMTK,SMTK,0.0,0.0,,NEUTRAL,,18,bridge_20260605_2101.csv,,,,,,1.0537896202375396,-0.1442543127566397,-0.26650365501065565,-0.45965771195553284
2026-06-05,GME,GME,0.133,-0.417,,DIVERGING,,18,bridge_20260605_2101.csv,,,,,,0.021100963666057293,-0.0013760908415939577,-0.03027522341790234,0.01834869448980969
2026-06-05,KINS,KINS,0.0,-0.629,,NEUTRAL,,18,bridge_20260605_2101.csv,,,,,,0.007128947148520082,0.05184700072832782,0.08619571596897013,0.31367466343888406
2026-06-07,NBIS,NBIS,0.7,0.725,,ALIGNED,,43,bridge_20260607_1323.csv,,,,,,0.009724748243979286,0.19298168497348045,0.26261467889908263,-0.006972496662664862
2026-06-07,PENG,PENG,0.357,0.862,,ALIGNED,,43,bridge_20260607_1323.csv,,,,,,-0.045489691345352856,-0.011759219462027959,0.03605139919654676,0.21414210978561088
2026-06-07,DELL,DELL,0.394,0.781,,ALIGNED,,43,bridge_20260607_1323.csv,,,,,,-0.04738373028700227,0.020710155302901434,0.06739529940508437,0.077850142394426
2026-06-07,ARM,ARM,0.42,0.693,,ALIGNED,,43,bridge_20260607_1323.csv,,,,,,-0.062155455949636784,0.19099849980282824,0.05773838492515049,-0.13323139369621162
2026-06-07,TSM,TSM,0.495,0.628,,ALIGNED,,43,bridge_20260607_1323.csv,,,,,,0.002624221952055583,0.03663002455365838,0.02486406401281127,0.026249673271287133
2026-06-07,DOCN,DOCN,0.371,0.663,,ALIGNED,,43,bridge_20260607_1323.csv,,,,,,-0.005846949269665336,0.0706944569107748,-0.0716986423535374,-0.17038746075809463
2026-06-07,MRVL,MRVL,0.251,0.714,,CONTRARIAN,,43,bridge_20260607_1323.csv,,,,,,-0.07606029693629823,0.06934392847371407,-0.03396228329262796,-0.19781895299894758
2026-06-07,SIVE,SIVE.ST,0.368,0.613,,ALIGNED,,43,bridge_20260607_1323.csv,,,,,,-0.14429531661858752,-0.03411636464989232,-0.020693494883057384,-0.5387024499487405
2026-06-07,UNH,UNH,0.306,0.621,,ALIGNED,,43,bridge_20260607_1323.csv,,,,,,0.015815259005043325,0.016768694873119383,0.012340842074860747,0.052785017876356255
2026-06-07,AAPL,AAPL,0.371,0.563,,ALIGNED,,43,bridge_20260607_1323.csv,,,,,,-0.03644631040831148,-0.01697948853252995,-0.02401014972072779,0.03929828801391144
2026-06-07,ORCL,ORCL,0.275,0.583,,ALIGNED,,43,bridge_20260607_1323.csv,,,,,,-0.02837315719161071,-0.09054860124641917,-0.22028141549023472,-0.33674815626091315
2026-06-07,NET,NET,0.32,0.553,,ALIGNED,,43,bridge_20260607_1323.csv,,,,,,-0.04705592929193092,-0.048750905603828776,-0.09221514776159978,0.10335365149624387
2026-06-07,AAOI,AAOI,0.527,0.399,,ALIGNED,,43,bridge_20260607_1323.csv,,,,,,-0.1716842687735135,-0.02588484720143147,-0.2502034026696207,-0.41802276852818876
2026-06-07,IGV,IGV,0.264,0.553,,ALIGNED,,43,bridge_20260607_1323.csv,,,,,,-0.02822798846113983,-0.030869059594387904,-0.08691720822386706,-0.032960376274253966
2026-06-07,RDDT,RDDT,0.445,0.36,,ALIGNED,,43,bridge_20260607_1323.csv,,,,,,0.04078767912335923,0.06281773910636801,-0.03213930838000223,0.14129604386056882
2026-06-07,NOK,NOK,0.406,0.376,,ALIGNED,,43,bridge_20260607_1323.csv,,,,,,-0.05071965478951057,0.015764190529876876,-0.06100070829436499,-0.18094587496316683
2026-06-07,QQQ,QQQ,0.371,0.246,,ALIGNED,,43,bridge_20260607_1323.csv,,,,,,-0.01150725833784727,0.03900458494990966,-0.0022842832777494326,-0.00537399613557632
2026-06-07,BE,BE,0.429,0.194,,ALIGNED,,43,bridge_20260607_1323.csv,,,,,,0.023819765164974527,0.0825412788233264,0.26978744207172434,0.0028393971728426504
2026-06-07,NVDA,NVDA,0.7,0.0,,TECH_WAIT,,43,bridge_20260607_1323.csv,,,,,,-0.0021568105327770537,0.018261107983797098,-0.041219354527769925,-0.021664130970493023
2026-06-07,ZM,ZM,0.315,0.192,,ALIGNED,,43,bridge_20260607_1323.csv,,,,,,-0.04270884458384272,-0.06821553555897442,-0.14537816716979934,-0.13593672558158199
2026-06-07,MSFT,MSFT,0.548,0.0,,TECH_WAIT,,43,bridge_20260607_1323.csv,,,,,,-0.020231181740505533,-0.029095984730389213,-0.09180548086051066,-0.06897555391769994
2026-06-07,HIMS,HIMS,0.469,0.0,,TECH_WAIT,,43,bridge_20260607_1323.csv,,,,,,0.06661757309016814,0.1104158995795339,0.21310264968422032,0.3275671547125094
2026-06-07,RDW,RDW,-0.132,0.342,,CONTRARIAN,,43,bridge_20260607_1323.csv,,,,,,-0.15185782127988945,-0.20140009868500786,-0.34194935552773675,-0.4302638611967837
2026-06-07,RGTI,RGTI,-0.063,0.281,,CONTRARIAN,,43,bridge_20260607_1323.csv,,,,,,-0.09533649959933843,0.042958943235059666,-0.022283423689577364,-0.2226050746254008
2026-06-07,LUNR,LUNR,0.0,0.225,,CONTRARIAN,,43,bridge_20260607_1323.csv,,,,,,-0.07617290232065987,-0.13368085757112513,-0.2954430693488471,-0.4276105563004916
2026-06-07,QBTS,QBTS,-0.078,0.271,,CONTRARIAN,,43,bridge_20260607_1323.csv,,,,,,-0.0894308738972287,0.01664732119418777,-0.030971708843341106,-0.20092917341801375
2026-06-07,IONQ,IONQ,-0.28,0.377,,CONTRARIAN,,43,bridge_20260607_1323.csv,,,,,,-0.09729300453153245,-0.025796161649135008,-0.07882166915725497,-0.2821655672178519
2026-06-07,GOOGL,GOOGL,0.282,0.0,,TECH_WAIT,,43,bridge_20260607_1323.csv,,,,,,0.002614880442088685,0.01662494449783969,-0.047287420635900634,-0.003825890121934239
2026-06-07,SNAP,SNAP,0.283,0.0,,TECH_WAIT,,43,bridge_20260607_1323.csv,,,,,,-0.010619458719785979,0.010619458719785868,-0.2106194755989771,-0.18053096702827243
2026-06-07,BKSY,BKSY,0.0,0.184,,CONTRARIAN,,43,bridge_20260607_1323.csv,,,,,,-0.07672109843699781,-0.09013997535803409,-0.21528586416472373,-0.2450408377378177
2026-06-07,LITE,LITE,0.364,-0.188,,DIVERGING,,43,bridge_20260607_1323.csv,,,,,,-0.08224258726888745,0.06906406537209975,-0.07536301056956551,-0.21029712273164836
2026-06-07,ASTS,ASTS,-0.319,0.256,,CONTRARIAN,,43,bridge_20260607_1323.csv,,,,,,-0.03638929570890881,-0.04877251773672675,-0.20845095938437097,-0.18585706130897406
2026-06-07,RKLB,RKLB,-0.326,0.242,,CONTRARIAN,,43,bridge_20260607_1323.csv,,,,,,-0.04769026041509683,-0.038715367063827055,-0.1630444217378868,-0.2666080303118895
2026-06-07,QUBT,QUBT,0.0,0.0,,NEUTRAL,,43,bridge_20260607_1323.csv,,,,,,-0.09043059445669721,0.06220101282952073,0.0038277476156087786,-0.16267941055442792
2026-06-07,META,META,0.522,-0.55,,DIVERGING,,43,bridge_20260607_1323.csv,,,,,,-0.0013666036710554552,0.014759424008121691,-0.038724507414777176,0.03124236536083913
2026-06-07,NNE,NNE,-0.042,-0.327,,NEUTRAL,,43,bridge_20260607_1323.csv,,,,,,-0.07388780732016043,-0.029787251311440555,-0.07543523149567488,-0.2665377638422044
2026-06-07,CCJ,CCJ,0.0,-0.371,,NEUTRAL,,43,bridge_20260607_1323.csv,,,,,,-0.030064545949735177,0.014984770154365057,0.03272000064832481,-0.1015743440486383
2026-06-07,SMR,SMR,-0.057,-0.337,,NEUTRAL,,43,bridge_20260607_1323.csv,,,,,,-0.07063199002931753,-0.011152405483875416,0.00929362692084279,-0.1858736019941365
2026-06-07,UEC,UEC,0.0,-0.508,,NEUTRAL,,43,bridge_20260607_1323.csv,,,,,,-0.15543220392627954,-0.0666137368583335,-0.10071368268569825,-0.21252969266199395
2026-06-07,DNN,DNN,0.0,-0.509,,NEUTRAL,,43,bridge_20260607_1323.csv,,,,,,-0.03908791145553148,0.07817590057183965,0.06514659675332912,0.01302930381851053
2026-06-07,UUUU,UUUU,-0.065,-0.471,,NEUTRAL,,43,bridge_20260607_1323.csv,,,,,,-0.055226834351160714,0.028270894417970593,0.017094032099260303,-0.13609465415073108
2026-06-07,LEU,LEU,-0.045,-0.501,,NEUTRAL,,43,bridge_20260607_1323.csv,,,,,,-0.047147923303480166,0.07884443611954861,0.08403562993290858,0.016672747257560294
2026-06-07,OKLO,OKLO,-0.057,-0.644,,NEUTRAL,,43,bridge_20260607_1323.csv,,,,,,-0.0417373454664095,0.03053958421611047,-0.029691212093224895,-0.19782830198656154
2026-06-08,NBIS,NBIS,0.7,0.791,,ALIGNED,,22,bridge_20260608_2125.csv,,,,,,0.009724748243979286,0.19298168497348045,0.26261467889908263,-0.006972496662664862
2026-06-08,SIVE,SIVE.ST,0.41,0.781,,ALIGNED,,22,bridge_20260608_2125.csv,,,,,,-0.14429531661858752,-0.03411636464989232,-0.020693494883057384,-0.5387024499487405
2026-06-08,PENG,PENG,0.357,0.71,,ALIGNED,,22,bridge_20260608_2125.csv,,,,,,-0.045489691345352856,-0.011759219462027959,0.03605139919654676,0.21414210978561088
2026-06-08,DELL,DELL,0.394,0.683,,ALIGNED,,22,bridge_20260608_2125.csv,,,,,,-0.04738373028700227,0.020710155302901434,0.06739529940508437,0.077850142394426
2026-06-08,ARM,ARM,0.42,0.606,,ALIGNED,,22,bridge_20260608_2125.csv,,,,,,-0.062155455949636784,0.19099849980282824,0.05773838492515049,-0.13323139369621162
2026-06-08,TSM,TSM,0.495,0.499,,ALIGNED,,22,bridge_20260608_2125.csv,,,,,,0.002624221952055583,0.03663002455365838,0.02486406401281127,0.026249673271287133
2026-06-08,DOCN,DOCN,0.371,0.541,,ALIGNED,,22,bridge_20260608_2125.csv,,,,,,-0.005846949269665336,0.0706944569107748,-0.0716986423535374,-0.17038746075809463
2026-06-08,ORCL,ORCL,0.329,0.479,,ALIGNED,,22,bridge_20260608_2125.csv,,,,,,-0.02837315719161071,-0.09054860124641917,-0.22028141549023472,-0.33674815626091315
2026-06-08,AAPL,AAPL,0.392,0.425,,ALIGNED,,22,bridge_20260608_2125.csv,,,,,,-0.03644631040831148,-0.01697948853252995,-0.02401014972072779,0.03929828801391144
2026-06-08,AAOI,AAOI,0.527,0.288,,ALIGNED,,22,bridge_20260608_2125.csv,,,,,,-0.1716842687735135,-0.02588484720143147,-0.2502034026696207,-0.41802276852818876
2026-06-08,NOK,NOK,0.427,0.271,,ALIGNED,,22,bridge_20260608_2125.csv,,,,,,-0.05071965478951057,0.015764190529876876,-0.06100070829436499,-0.18094587496316683
2026-06-08,RDDT,RDDT,0.445,0.241,,ALIGNED,,22,bridge_20260608_2125.csv,,,,,,0.04078767912335923,0.06281773910636801,-0.03213930838000223,0.14129604386056882
2026-06-08,NET,NET,0.32,0.291,,ALIGNED,,22,bridge_20260608_2125.csv,,,,,,-0.04705592929193092,-0.048750905603828776,-0.09221514776159978,0.10335365149624387
2026-06-08,NVDA,NVDA,0.7,0.0,,TECH_WAIT,,22,bridge_20260608_2125.csv,,,,,,-0.0021568105327770537,0.018261107983797098,-0.041219354527769925,-0.021664130970493023
2026-06-08,MSFT,MSFT,0.548,0.0,,TECH_WAIT,,22,bridge_20260608_2125.csv,,,,,,-0.020231181740505533,-0.029095984730389213,-0.09180548086051066,-0.06897555391769994
2026-06-08,HIMS,HIMS,0.469,0.0,,TECH_WAIT,,22,bridge_20260608_2125.csv,,,,,,0.06661757309016814,0.1104158995795339,0.21310264968422032,0.3275671547125094
2026-06-08,BE,BE,0.429,0.0,,TECH_WAIT,,22,bridge_20260608_2125.csv,,,,,,0.023819765164974527,0.0825412788233264,0.26978744207172434,0.0028393971728426504
2026-06-08,QQQ,QQQ,0.371,0.0,,TECH_WAIT,,22,bridge_20260608_2125.csv,,,,,,-0.01150725833784727,0.03900458494990966,-0.0022842832777494326,-0.00537399613557632
2026-06-08,GOOGL,GOOGL,0.282,-0.157,,DIVERGING,,22,bridge_20260608_2125.csv,,,,,,0.002614880442088685,0.01662494449783969,-0.047287420635900634,-0.003825890121934239
2026-06-08,LITE,LITE,0.364,-0.28,,DIVERGING,,22,bridge_20260608_2125.csv,,,,,,-0.08224258726888745,0.06906406537209975,-0.07536301056956551,-0.21029712273164836
2026-06-08,META,META,0.522,-0.438,,DIVERGING,,22,bridge_20260608_2125.csv,,,,,,-0.0013666036710554552,0.014759424008121691,-0.038724507414777176,0.03124236536083913
2026-06-08,BTC,BTC,0.47,-0.594,,DIVERGING,,22,bridge_20260608_2125.csv,,,,,,-0.021048881132171626,0.049946471075089205,-0.01676779197965028,-0.018551567785419998
2026-06-09,AMD,AMD,1.0,0.777,0.444,ALIGNED,,67,bridge_20260609_2037.csv,,,,,,-0.04860048241788084,0.06683350113904218,0.09301587676471956,0.1497549146706687
2026-06-09,MRVL,MRVL,0.632,0.952,0.343,ALIGNED,,67,bridge_20260609_2037.csv,,,,,,-0.05354469483872004,0.044177222675094274,0.03679563242089334,-0.08846670701147563
2026-06-09,TSM,TSM,0.495,0.742,0.548,ALIGNED,⚡,67,bridge_20260609_2037.csv,,,,,,-0.04479809671976953,-0.0025537334832953507,0.03258163619366261,0.023516722254302236
2026-06-09,SNDK,SNDK,0.511,0.653,0.665,ALIGNED,⚡,67,bridge_20260609_2037.csv,,,,,,-0.002010311632406281,0.20953636205656156,0.16271691882302908,0.12859084835210188
2026-06-09,FLNC,FLNC,0.397,0.778,0.476,ALIGNED,⚡,67,bridge_20260609_2037.csv,,,,,,-0.07843130081181837,0.01960788617957565,-0.15814148462299704,-0.286444994697473
2026-06-09,MU,MU,0.7,0.729,0.474,ALIGNED,,67,bridge_20260609_2037.csv,,,,,,-0.047024759341434574,0.09068371661984287,0.12033463124762567,0.05973193077883199
2026-06-09,ONDS,ONDS,0.488,0.533,0.755,ALIGNED,⚡,67,bridge_20260609_2037.csv,,,,,,-0.03523307900040695,-0.04559581324111117,-0.2041450640483743,-0.20725384479004239
2026-06-09,PENG,PENG,0.329,0.979,0.503,ALIGNED,,67,bridge_20260609_2037.csv,,,,,,-0.05138593353076926,-0.02123516919688473,0.04911659363665932,0.3193386481031666
2026-06-09,NBIS,NBIS,0.7,0.629,0.611,ALIGNED,,67,bridge_20260609_2037.csv,,,,,,-0.038297259961746266,0.20434314003315168,0.17962933591685548,-0.01780846018490223
2026-06-09,OUST,OUST,0.46,0.63,0.459,ALIGNED,⚡,67,bridge_20260609_2037.csv,,,,,,-0.003374897886041728,0.1092938482461554,0.05685354622750505,0.23390441885930047
2026-06-09,DELL,DELL,0.394,0.882,0.478,ALIGNED,,67,bridge_20260609_2037.csv,,,,,,-0.03130078003742176,0.058410529332211025,0.13693742974614986,0.17926552714678023
2026-06-09,RDDT,RDDT,0.445,0.794,0.496,ALIGNED,,67,bridge_20260609_2037.csv,,,,,,-0.033125562159711075,-0.01527146825771808,-0.09763628841758454,0.12464205756087088
2026-06-09,AAOI,AAOI,0.166,0.794,0.406,CONTRARIAN,⚡,67,bridge_20260609_2037.csv,,,,,,0.07520874037800729,0.04868610288590469,-0.09767929263973296,-0.24969305365382788
2026-06-09,PLTR,PLTR,0.646,0.33,0.595,ALIGNED,⚡,67,bridge_20260609_2037.csv,,,,,,-0.014083444440079806,0.008934599911730734,-0.14060730138850697,-0.02294248406186239
2026-06-09,HIMS,HIMS,0.446,0.453,0.549,ALIGNED,⚡,67,bridge_20260609_2037.csv,,,,,,-0.04140782865927606,0.0859213185110359,0.12836443338384051,0.2232574645583949
2026-06-09,CRDO,CRDO,0.34,0.778,0.45,ALIGNED,,67,bridge_20260609_2037.csv,,,,,,0.014339302008101296,0.020740804027195026,0.14795997706753594,0.13370598153368807
2026-06-09,NET,NET,0.296,0.816,0.415,ALIGNED,,67,bridge_20260609_2037.csv,,,,,,-0.06970739157878736,-0.021852384514497447,-0.05357222247783133,0.16800060174412734
2026-06-09,IREN,IREN,0.7,0.526,0.358,ALIGNED,,67,bridge_20260609_2037.csv,,,,,,-0.0462791554760289,0.09552017407786817,-0.06886340594557494,-0.22769343081878501
2026-06-09,SIVE,SIVE.ST,0.41,0.663,0.54,ALIGNED,,67,bridge_20260609_2037.csv,,,,,,-0.019607843137254943,0.20980396146088642,0.10980394151475692,-0.48549018809997957
2026-06-09,SMCI,SMCI,0.32,0.735,0.524,ALIGNED,,67,bridge_20260609_2037.csv,,,,,,-0.27977359996665896,-0.2810039431054414,-0.2015255597861817,-0.3051181054320764
2026-06-09,ORCL,ORCL,0.329,0.789,0.384,ALIGNED,,67,bridge_20260609_2037.csv,,,,,,-0.02210784257926912,-0.08493272514372407,-0.23458532692349043,-0.29925662159852806
2026-06-09,DOCN,DOCN,0.282,0.777,0.494,ALIGNED,,67,bridge_20260609_2037.csv,,,,,,0.018653830900565938,0.03475310866210246,-0.11726968026161033,-0.1633101954145676
2026-06-09,TE,TE,0.364,0.603,0.672,ALIGNED,,67,bridge_20260609_2037.csv,,,,,,-0.08628841794111641,0.020094571575342668,0.008274195568390486,-0.14184394844612525
2026-06-09,HOOD,HOOD,0.38,0.7,0.386,ALIGNED,,67,bridge_20260609_2037.csv,,,,,,0.030918038332039544,0.15447060952553215,0.1602006247597314,0.3741196755781313
2026-06-09,PANW,PANW,0.283,0.818,0.265,ALIGNED,,67,bridge_20260609_2037.csv,,,,,,0.010363934902859029,0.07438970405374712,0.09496400197780908,0.298595162848865
2026-06-09,RDW,RDW,0.224,0.541,0.463,ALIGNED,⚡,67,bridge_20260609_2037.csv,,,,,,-0.055873023139105915,-0.1428571428571429,-0.27746031019422746,-0.3352380782838852
2026-06-09,IONQ,IONQ,0.392,0.53,0.605,ALIGNED,,67,bridge_20260609_2037.csv,,,,,,-0.0010583446824337095,-0.01111302290843863,-0.05450697173120167,-0.2102663337043955
2026-06-09,UNH,UNH,0.306,0.675,0.402,ALIGNED,,67,bridge_20260609_2037.csv,,,,,,-0.013414059659213162,-0.0073165571382803885,-0.011821574814349423,0.05119977372729223
2026-06-09,NOW,NOW,0.453,0.536,0.379,ALIGNED,,67,bridge_20260609_2037.csv,,,,,,-0.008507092191499921,-0.05272505679430495,-0.12311861286953385,0.01748149103344665
2026-06-09,NOK,NOK,0.427,0.536,0.339,ALIGNED,,67,bridge_20260609_2037.csv,,,,,,-0.032491028920224485,0.009386220735454254,-0.0028880838087589344,-0.06859211095838547
2026-06-09,AAPL,AAPL,0.392,0.463,0.475,ALIGNED,,67,bridge_20260609_2037.csv,,,,,,0.003544996808021894,0.029908803326463396,0.008707619637208897,0.08834973156503989
2026-06-09,IGV,IGV,0.264,0.525,,ALIGNED,,67,bridge_20260609_2037.csv,,,,,,-0.014739027414981787,-0.01681400439936165,-0.0727686013579667,0.010194766247172415
2026-06-09,BE,BE,0.429,0.159,0.864,ALIGNED,,67,bridge_20260609_2037.csv,,,,,,-0.09776199320551548,0.08193066804593907,0.2564616957998802,-0.00997648967308895
2026-06-09,QQQ,QQQ,0.371,0.386,0.45,ALIGNED,,67,bridge_20260609_2037.csv,,,,,,-0.019976509699805467,0.03112326658469411,0.005044907114387653,0.02295026154237667
2026-06-09,SOFI,SOFI,0.357,0.381,0.428,ALIGNED,,67,bridge_20260609_2037.csv,,,,,,-0.03642983927199728,0.0752883923991865,0.05100183288452165,0.1305404745302936
2026-06-09,NVDA,NVDA,0.7,0.0,0.629,TECH_WAIT,,67,bridge_20260609_2037.csv,,,,,,-0.03732169739825886,-0.003746571738075688,-0.04414238115969438,-0.025985895569754724
2026-06-09,INTC,INTC,0.569,0.255,0.264,ALIGNED,,67,bridge_20260609_2037.csv,,,,,,-0.008154162975803292,0.08459975016418886,0.2198850642157213,0.04280951468651395
2026-06-09,TSLA,TSLA,0.582,0.17,0.375,ALIGNED,,67,bridge_20260609_2037.csv,,,,,,-0.038040729596927614,0.020116998925253204,-0.053317521142970614,0.024881504737887195
2026-06-09,QCOM,QCOM,0.373,0.366,0.268,ALIGNED,,67,bridge_20260609_2037.csv,,,,,,-0.06922403537852262,0.04210889510455229,-0.038993255662714055,-0.06966214431968132
2026-06-09,DUOL,DUOL,0.178,0.442,0.428,ALIGNED,,67,bridge_20260609_2037.csv,,,,,,0.034447628861094426,0.08662825946880615,0.12124548796988321,0.10257929980723901
2026-06-09,MSFT,MSFT,0.548,0.164,0.372,ALIGNED,,67,bridge_20260609_2037.csv,,,,,,-0.014997194555478321,-0.02374759426607531,-0.09407305684669554,-0.04722247375526889
2026-06-09,RGTI,RGTI,-0.063,0.426,0.552,CONTRARIAN,,67,bridge_20260609_2037.csv,,,,,,-0.012442906682994859,0.04824778211395242,-0.00812594429011615,-0.13712547941627962
2026-06-09,QUBT,QUBT,0.0,0.0,0.717,NEUTRAL,⚡,67,bridge_20260609_2037.csv,,,,,,0.002630154469150492,0.0647027631471353,0.020515485794466937,-0.03734881553249991
2026-06-09,QBTS,QBTS,-0.078,0.381,0.478,CONTRARIAN,,67,bridge_20260609_2037.csv,,,,,,-0.01147961107605111,0.01785714575338404,-0.022959222152102332,-0.10034016005184876
2026-06-09,NNE,NNE,0.0,0.0,0.615,NEUTRAL,⚡,67,bridge_20260609_2037.csv,,,,,,-0.07623227745309213,0.0029239637954325826,-0.032999202084539214,-0.19423556870498282
2026-06-09,LITE,LITE,0.341,0.0,0.5,TECH_WAIT,,67,bridge_20260609_2037.csv,,,,,,0.038332359357550416,0.06522582621320883,0.025275042937625836,-0.04379622980758058
2026-06-09,POET,POET,-0.147,0.324,0.579,CONTRARIAN,,67,bridge_20260609_2037.csv,,,,,,0.01949852140640118,0.17455887473165177,-0.010213612411897999,-0.19220060914726822
2026-06-09,BKSY,BKSY,0.0,0.0,0.51,NEUTRAL,⚡,67,bridge_20260609_2037.csv,,,,,,0.004423421759383039,-0.09099523524418729,-0.20347553275441932,-0.19273303175328726
2026-06-09,META,META,0.522,-0.18,0.452,DIVERGING,,67,bridge_20260609_2037.csv,,,,,,-0.023281298234914316,0.027671178363085858,-0.04516527966087347,0.08121116256633099
2026-06-09,GOOGL,GOOGL,0.282,0.0,0.454,TECH_WAIT,,67,bridge_20260609_2037.csv,,,,,,-0.021632912402002935,0.02468014603129065,-0.05207818786615903,-0.014742203297701262
2026-06-09,RKLB,RKLB,-0.326,0.39,0.48,CONTRARIAN,,67,bridge_20260609_2037.csv,,,,,,-0.029381873847757367,-0.03326255189739857,-0.21084726034393386,-0.23727247074441327
2026-06-09,ASTS,ASTS,-0.319,0.364,0.508,CONTRARIAN,,67,bridge_20260609_2037.csv,,,,,,-0.01566902721219543,-0.07282154380726835,-0.2333445740263277,-0.16717395991553397
2026-06-09,LUNR,LUNR,0.0,0.0,0.718,NEUTRAL,,67,bridge_20260609_2037.csv,,,,,,-0.03403711282540278,-0.14961772135920148,-0.3036039447053577,-0.38478339858150745
2026-06-09,AMZN,AMZN,0.441,-0.258,0.246,DIVERGING,,67,bridge_20260609_2037.csv,,,,,,-0.025349123139844942,0.007412250872261161,-0.04062409627652808,0.011671201999395642
2026-06-09,MSTR,MSTR,0.369,-0.459,0.471,DIVERGING,,67,bridge_20260609_2037.csv,,,,,,-0.014271049537278091,0.04947873082912446,-0.19560758884199392,-0.19765850211027547
2026-06-09,SPCE,SPCE,0.307,0.447,0.414,ALIGNED,⚠ DILUTION,67,bridge_20260609_2037.csv,,,,,,0.026143765047899725,-0.27015255048656084,-0.40522877378679745,-0.4291939436904161
2026-06-09,BTC,BTC,0.329,-0.524,0.45,DIVERGING,,67,bridge_20260609_2037.csv,,,,,,-0.002186638925773532,0.058309050667978646,-0.035349898025664794,0.018950384121517505
2026-06-09,UEC,UEC,0.0,-0.407,0.52,NEUTRAL,,67,bridge_20260609_2037.csv,,,,,,-0.11549291890078683,0.09577469430035856,0.023474179244571625,-0.04600936982810755
2026-06-09,DNN,DNN,0.0,-0.433,0.552,NEUTRAL,⚡,67,bridge_20260609_2037.csv,,,,,,-0.04067800747050254,0.1288135152135701,0.07457627967937475,0.07457627967937475
2026-06-09,CCJ,CCJ,0.0,-0.273,0.188,NEUTRAL,,67,bridge_20260609_2037.csv,,,,,,-0.0707929803599967,0.05485480389650421,0.04273005661507767,-0.06385058173109448
2026-06-09,LULU,LULU,0.326,-0.51,0.143,DIVERGING,,67,bridge_20260609_2037.csv,,,,,,-0.020023074266271146,-0.04828609575543896,-0.06814439873820777,-0.03996373145788701
2026-06-09,LEU,LEU,0.0,-0.418,0.501,NEUTRAL,,67,bridge_20260609_2037.csv,,,,,,-0.06031280223320912,0.06056913658161078,0.09684655939352926,0.11242143831442508
2026-06-09,UUUU,UUUU,-0.073,-0.443,0.675,NEUTRAL,,67,bridge_20260609_2037.csv,,,,,,-0.04732082885116351,0.06750175885551646,0.04592900853641391,-0.061238700170433646
2026-06-09,SMR,SMR,0.0,-0.468,0.553,NEUTRAL,,67,bridge_20260609_2037.csv,,,,,,-0.07100000381469729,-0.010999965667724654,0.021000003814697354,-0.09700002670288088
2026-06-09,OKLO,OKLO,0.0,-0.52,0.638,NEUTRAL,,67,bridge_20260609_2037.csv,,,,,,-0.043555224936449255,0.017174242715383592,-0.04284699342349696,-0.1276557921903123
2026-06-09,TTD,TTD,-0.108,-0.425,0.421,NEUTRAL,,67,bridge_20260609_2037.csv,,,,,,-0.030165836728650586,-0.046757181182207175,-0.11010551502825827,-0.00703868245070427
2026-06-09,ETH,ETH,0.24,-0.754,,DIVERGING,,67,bridge_20260609_2037.csv,,,,,,-0.017153717154735015,0.083862751843639,-0.04447266959619589,0.0571791379680775
2026-06-10,AMD,AMD,1.0,0.672,0.444,ALIGNED,,43,bridge_20260610_2050.csv,0.45,0.0,0.0,0.428,0.0,0.07968616002854234,0.13280280146514056,0.17721046531684626,0.233178652022906
2026-06-10,SNDK,SNDK,0.793,0.653,0.61,ALIGNED,,43,bridge_20260610_2050.csv,0.45,0.0,0.0,1.0,0.0,0.1450071092476677,0.19204254554152866,0.42098186361833223,0.16594759511311663
2026-06-10,AAOI,AAOI,0.275,0.78,0.455,CONTRARIAN,⚡,43,bridge_20260610_2050.csv,0.448,0.0,0.0,0.473,0.0,-0.013418637800462152,-0.04448129005726076,-0.20893056915725972,-0.3152515569836861
2026-06-10,PENG,PENG,0.371,0.878,0.525,ALIGNED,,43,bridge_20260610_2050.csv,0.0,0.0,0.825,0.0,-0.187,0.0992823193411343,0.019822280217672406,0.14097737732003446,0.33885847336364194
2026-06-10,TSM,TSM,0.506,0.742,0.57,ALIGNED,,43,bridge_20260610_2050.csv,0.0,0.0,0.0,0.57,0.0,0.03255310501445563,0.059723585788932,0.06668786010415473,0.06452990119382962
2026-06-10,CRDO,CRDO,0.413,0.778,0.61,ALIGNED,,43,bridge_20260610_2050.csv,0.45,0.0,0.0,1.0,0.0,0.11393477753419301,0.04901552303211809,0.1276927256763929,0.08460962844513653
2026-06-10,MRVL,MRVL,0.3,0.952,0.359,CONTRARIAN,,43,bridge_20260610_2050.csv,0.45,0.0,0.0,0.414,-0.126,0.11132661073599426,0.14628456001046541,0.11350417878801711,-0.06620144045298826
2026-06-10,HIMS,HIMS,0.654,0.347,0.504,ALIGNED,⚡,43,bridge_20260610_2050.csv,0.452,0.0,0.939,0.038,0.0,0.039236865574012736,0.1479481138018366,0.17746574067570542,0.2375810013799784
2026-06-10,TSLA,TSLA,0.892,0.17,0.472,ALIGNED,⚡,43,bridge_20260610_2050.csv,0.594,0.0,0.0,0.176,0.0,0.046017971453959916,0.03875890009397831,-0.016955374309587712,0.06858149762542864
2026-06-10,SIVE,SIVE.ST,0.438,0.714,0.45,ALIGNED,,43,bridge_20260610_2050.csv,0.45,0.0,0.0,0.0,0.0,0.06333333333333324,0.3586666870117188,-0.10666666666666669,-0.4426666768391927
2026-06-10,HOOD,HOOD,0.582,0.619,0.39,ALIGNED,,43,bridge_20260610_2050.csv,0.45,0.0,0.0,0.355,0.198,0.06797131432486836,0.21815651001318281,0.08232978879228159,0.29654933336443046
2026-06-10,ALAB,ALAB,0.367,0.743,0.448,ALIGNED,,43,bridge_20260610_2050.csv,0.0,0.0,0.0,0.866,-0.283,0.11065108350965991,0.13244275302030517,0.20292576201711543,0.24817149097644076
2026-06-10,CGEH,CGEH,0.289,0.598,0.412,ALIGNED,,43,bridge_20260610_2050.csv,0.0,0.0,0.0,0.322,0.568,0.10817308089084188,0.14903848534505126,-0.04038462420187083,-0.015865381529345246
2026-06-10,UNH,UNH,0.306,0.675,0.033,ALIGNED,,43,bridge_20260610_2050.csv,0.0,0.0,0.0,0.033,0.0,-0.004687618283609529,-0.013861737406149932,0.025630196240158387,0.04806654200398097
2026-06-10,QQQ,QQQ,0.413,0.386,0.45,ALIGNED,,43,bridge_20260610_2050.csv,0.45,0.0,0.0,0.0,0.0,0.03377582954055702,0.041545886656153774,0.033844005707419855,0.04701997482414466
2026-06-10,QCOM,QCOM,0.432,0.366,0.275,ALIGNED,,43,bridge_20260610_2050.csv,0.45,0.0,0.0,0.077,-0.121,0.06150632820777946,0.11385985679881605,0.07165270484784991,-0.010669421122872946
2026-06-10,NVDA,NVDA,0.7,0.0,0.585,TECH_WAIT,,43,bridge_20260610_2050.csv,0.45,0.0,0.0,1.0,0.433,0.022203357892913722,0.02110565695132549,-0.023350926646732217,0.052589605035507025
2026-06-10,APPS,APPS,0.0,0.671,0.263,CONTRARIAN,,43,bridge_20260610_2050.csv,0.38,0.0,0.0,0.194,-0.112,-0.007827780980020682,-0.1565558062294341,-0.0058708823922705156,0.0332681158223429
2026-06-10,RDW,RDW,-0.14,0.541,0.616,CONTRARIAN,,43,bridge_20260610_2050.csv,0.0,0.0,0.686,0.522,0.0,0.14929389940243043,-0.034297258426822186,-0.27370542879269133,-0.3154001087073288
2026-06-10,RGTI,RGTI,-0.072,0.426,0.586,CONTRARIAN,,43,bridge_20260610_2050.csv,0.45,0.0,0.594,0.963,0.485,0.060941089459507713,0.041141741165576784,-0.05322704364390407,-0.14939567111796426
2026-06-10,LITE,LITE,0.503,0.0,0.525,TECH_WAIT,,43,bridge_20260610_2050.csv,0.45,0.0,0.0,0.805,0.354,0.04257789732794692,0.01959539942311106,0.010207862595004835,-0.06006375479155224
2026-06-10,INTC,INTC,0.245,0.255,0.27,CONTRARIAN,,43,bridge_20260610_2050.csv,0.45,0.0,0.0,0.072,-0.146,0.09267561737759955,0.13135274138954345,0.24131160295901322,0.026158402451555984
2026-06-10,QBTS,QBTS,-0.078,0.381,0.546,CONTRARIAN,,43,bridge_20260610_2050.csv,0.0,0.0,0.545,0.0,0.549,0.024516115906418,-0.014193545105636751,-0.05763441516507062,-0.13591397193170363
2026-06-10,QUBT,QUBT,0.0,0.0,0.748,NEUTRAL,⚡,43,bridge_20260610_2050.csv,0.546,0.0,0.868,1.0,0.876,0.03987409497255512,0.025183707399502264,-0.04616994676936059,-0.09129065161976035
2026-06-10,BKSY,BKSY,0.0,0.0,0.543,NEUTRAL,⚡,43,bridge_20260610_2050.csv,0.542,0.0,0.655,0.0,0.28,0.1314878950863485,-0.07140611489114257,-0.23403587039293416,-0.2129600585968202
2026-06-10,ASTS,ASTS,-0.354,0.397,0.761,CONTRARIAN,,43,bridge_20260610_2050.csv,0.0,0.0,0.585,1.0,0.0,0.11726978813052491,-0.021644518967634196,-0.24851118900689173,-0.1603298219071092
2026-06-10,SATL,SATL,-0.03,0.0,0.57,NEUTRAL,⚡,43,bridge_20260610_2050.csv,0.498,0.0,0.0,0.666,0.71,0.19745218625653616,-0.017515944241944692,-0.2707006734565339,-0.2770700939209718
2026-06-10,IONQ,IONQ,-0.28,0.412,0.542,CONTRARIAN,,43,bridge_20260610_2050.csv,0.45,0.0,0.515,1.0,0.193,0.02401554979163323,-0.03425750317526555,-0.10718699594448444,-0.24315734059762695
2026-06-10,LUNR,LUNR,0.0,0.0,0.789,NEUTRAL,,43,bridge_20260610_2050.csv,0.0,0.0,0.788,0.963,0.484,0.15470132149394678,-0.1437723970603182,-0.2952703647833932,-0.39174676908006345
2026-06-10,RKLB,RKLB,-0.355,0.39,0.483,CONTRARIAN,,43,bridge_20260610_2050.csv,0.45,0.0,0.0,0.561,0.0,0.09262251732391791,0.02789148234229155,-0.23188957546578526,-0.22855784330059292
2026-06-10,NNE,NNE,-0.042,-0.158,0.645,NEUTRAL,⚡,43,bridge_20260610_2050.csv,0.532,0.0,0.719,0.0,0.949,0.0648880615326286,0.14447206547100389,-0.0662446379267504,-0.14718513201241712
2026-06-10,AAPL,AAPL,0.343,0.463,0.3,ALIGNED,⚠ DILUTION,43,bridge_20260610_2050.csv,0.0,0.0,0.0,0.3,0.0,0.013889904990249002,0.01498739912206748,-0.05634814950411293,0.08141855355380967
2026-06-10,SMCI,SMCI,0.473,0.635,0.561,ALIGNED,⚠ DILUTION,43,bridge_20260610_2050.csv,0.45,0.0,0.539,0.86,0.0,0.09224457852287671,-0.05090535523797546,0.08233685718214168,-0.03279812015058081
2026-06-10,BTC,BTC,0.414,-0.524,0.45,DIVERGING,,43,bridge_20260610_2050.csv,0.45,0.0,0.0,0.0,0.0,0.026661850692493605,0.03688824908106958,-0.04382757094128498,0.03250552681799834
2026-06-10,CCJ,CCJ,0.0,-0.467,0.432,NEUTRAL,,43,bridge_20260610_2050.csv,0.582,0.0,0.0,0.163,0.263,0.041460617615672435,0.11196463775990773,0.08997162118895563,0.010102063525247562
2026-06-10,UEC,UEC,0.0,-0.668,0.8,NEUTRAL,,43,bridge_20260610_2050.csv,0.0,0.0,0.0,0.0,0.8,0.12845010916634902,0.2123142233335149,0.12420382874925107,0.11783435750394888
2026-06-10,BWXT,BWXT,0.0,-0.513,0.403,NEUTRAL,⚡,43,bridge_20260610_2050.csv,0.476,0.0,0.0,0.306,0.261,0.06382509658896862,0.10967217117059436,0.11896177198066082,0.016393442622950838
2026-06-10,DNN,DNN,0.0,-0.696,0.599,NEUTRAL,⚡,43,bridge_20260610_2050.csv,0.584,0.0,0.0,0.0,0.663,0.060070699956528584,0.16961131873279256,0.08480565936639639,0.1413427936929439
2026-06-10,UUUU,UUUU,-0.073,-0.704,0.647,NEUTRAL,⚡,43,bridge_20260610_2050.csv,0.59,0.0,0.527,0.808,0.893,0.10153399458934365,0.11760413876553866,0.05332363172287291,-0.008035037257040356
2026-06-10,LEU,LEU,-0.053,-0.68,0.507,NEUTRAL,,43,bridge_20260610_2050.csv,0.0,0.0,0.677,0.116,0.786,0.08232720834309504,0.1616533445847952,0.1621308517393365,0.1667007867107302
2026-06-10,SMR,SMR,-0.098,-0.696,0.598,NEUTRAL,,43,bridge_20260610_2050.csv,0.0,0.0,0.624,0.0,0.536,0.0301399067945034,0.11302477879939898,0.08396122025554975,-0.026910656730523175
2026-06-10,OKLO,OKLO,-0.098,-0.697,0.583,NEUTRAL,⚡,43,bridge_20260610_2050.csv,0.59,0.0,0.576,0.0,0.574,0.07108478563583587,0.0888559643906981,-0.0557201427383156,-0.0957053302449492
2026-06-10,ETH,ETH,0.32,-0.754,,DIVERGING,,43,bridge_20260610_2050.csv,0.0,0.0,0.0,0.0,0.0,0.032966985546502015,0.06593403273969423,-0.04330963572909019,0.10342594700566932
2026-06-11,SNDK,SNDK,0.793,0.575,0.61,ALIGNED,,42,bridge_20260611_1530.csv,0.45,0.0,0.0,1.0,0.0,0.05239938416941703,0.16116841720770259,0.11118726453011774,-0.11030504115593454
2026-06-11,CRDO,CRDO,0.413,0.803,0.61,ALIGNED,,42,bridge_20260611_1530.csv,0.45,0.0,0.0,1.0,0.0,-0.0526892721426484,0.026703340934679742,-0.10107270274432278,-0.10530293040664596
2026-06-11,TSM,TSM,0.506,0.71,0.415,ALIGNED,,42,bridge_20260611_1530.csv,0.0,0.0,0.0,0.57,0.145,0.006792184914182986,0.09748969786242867,0.026788891593058528,0.00121115073307565
2026-06-11,SIVE,SIVE.ST,0.438,0.712,0.45,ALIGNED,,42,bridge_20260611_1530.csv,0.45,0.0,0.0,0.0,0.0,0.1623824068745101,0.20376175548589348,-0.20564265236211798,-0.4071473507298198
2026-06-11,MRVL,MRVL,0.3,0.81,0.44,CONTRARIAN,,42,bridge_20260611_1530.csv,0.45,0.0,0.0,0.414,0.0,-0.003597963296359419,0.10640878308871349,-0.049659766447195275,-0.22488091608166827
2026-06-11,AMD,AMD,1.0,0.229,0.444,ALIGNED,,42,bridge_20260611_1530.csv,0.45,0.0,0.0,0.428,0.0,0.04733339039694395,0.1001535094432986,0.06782680735970636,0.09405261806388165
2026-06-11,HIMS,HIMS,0.654,0.453,0.503,ALIGNED,,42,bridge_20260611_1530.csv,0.45,0.0,0.939,0.038,0.0,-0.07100800432341148,0.22861102146213108,0.1756147433354287,0.19085556178418694
2026-06-11,PENG,PENG,0.371,0.547,0.538,ALIGNED,,42,bridge_20260611_1530.csv,0.0,0.0,0.825,0.0,-0.143,-0.0031090404468194777,0.04383646221913984,-0.03186698264274246,0.20021757946228247
2026-06-11,HOOD,HOOD,0.582,0.397,0.385,ALIGNED,,42,bridge_20260611_1530.csv,0.45,0.0,0.0,0.355,0.162,0.010408750401508904,0.17261192225413158,0.07004227311444655,0.1911525166619501
2026-06-11,ALAB,ALAB,0.367,0.512,0.457,ALIGNED,,42,bridge_20260611_1530.csv,0.0,0.0,0.0,0.866,-0.26,-0.0008708393151977134,0.13497702108675202,0.06604617773709176,-0.01474953985285754
2026-06-11,UNH,UNH,0.306,0.743,0.033,ALIGNED,,42,bridge_20260611_1530.csv,0.0,0.0,0.0,0.033,0.0,0.007323443366236582,-0.005671129722248924,0.061111841419665414,0.06408764065913042
2026-06-11,SMCI,SMCI,0.473,0.338,0.532,ALIGNED,,42,bridge_20260611_1530.csv,0.45,0.0,0.539,0.86,0.285,-0.04723178796726091,-0.04097589909534871,-0.041914300324308984,-0.1348138742105638
2026-06-11,NVDA,NVDA,0.7,0.0,0.593,TECH_WAIT,,42,bridge_20260611_1530.csv,0.45,0.0,0.0,1.0,0.489,0.0015620019126554308,0.028408295323527843,-0.060233302250200405,-0.00654071542845569
2026-06-11,CGEH,CGEH,0.289,0.367,0.471,ALIGNED,,42,bridge_20260611_1530.csv,0.0,0.0,0.0,0.322,0.731,-0.0021691643694354834,-0.019522727569868947,-0.21041208827127011,-0.1062906263203528
2026-06-11,QQQ,QQQ,0.413,0.153,0.45,ALIGNED,,42,bridge_20260611_1530.csv,0.45,0.0,0.0,0.0,0.0,0.005884685554236491,0.032770025823941173,-0.013698583449297419,-0.006411508268807542
2026-06-11,AAPL,AAPL,0.343,0.256,0.3,ALIGNED,,42,bridge_20260611_1530.csv,0.0,0.0,0.0,0.3,0.0,-0.015221729613622226,0.00805062017894942,-0.04008390862833078,0.07333488589690074
2026-06-11,QCOM,QCOM,0.432,0.0,0.341,TECH_WAIT,,42,bridge_20260611_1530.csv,0.45,0.0,0.0,0.077,0.0,0.0431611855393057,0.11406185026945348,-0.06686049899155622,-0.09351601477371907
2026-06-11,BKSY,BKSY,0.0,0.0,0.533,NEUTRAL,⚡,42,bridge_20260611_1530.csv,0.526,0.0,0.655,0.0,0.274,-0.09869343706651168,-0.19405063143471635,-0.3116486130495094,-0.2752293908786636
2026-06-11,TSLA,TSLA,0.892,-0.439,0.403,DIVERGING,,42,bridge_20260611_1530.csv,0.567,0.0,0.0,0.176,0.1,0.018238754580025995,0.0033571247861228226,-0.04870350178797156,-0.010998331950364149
2026-06-11,AAOI,AAOI,0.275,0.0,0.456,NEUTRAL,,42,bridge_20260611_1530.csv,0.588,0.0,0.0,0.473,-0.136,-0.021588122201017246,-0.06325959458850816,-0.2146660296326781,-0.3524713621723683
2026-06-11,LITE,LITE,0.503,-0.27,0.518,DIVERGING,,42,bridge_20260611_1530.csv,0.45,0.0,0.0,0.805,0.304,0.035937869960315005,-0.044503676592926644,-0.0816219204293257,-0.13651232452624673
2026-06-11,INTC,INTC,0.245,0.0,0.271,NEUTRAL,,42,bridge_20260611_1530.csv,0.45,0.0,0.0,0.072,-0.139,0.06506498520793724,0.14560539109094672,0.09712729419176469,-0.11833102296704778
2026-06-11,SATL,SATL,-0.03,-0.165,0.566,NEUTRAL,⚡,42,bridge_20260611_1530.csv,0.482,0.0,0.0,0.666,0.748,-0.11436172017229795,-0.19813826793847755,-0.3856383115323003,-0.4242021363446107
2026-06-11,RGTI,RGTI,-0.072,0.0,0.588,NEUTRAL,,42,bridge_20260611_1530.csv,0.45,0.0,0.594,0.963,0.504,0.016965603282008024,0.03538543282993678,-0.11003386537853288,-0.25545320981455266
2026-06-11,IONQ,IONQ,-0.28,0.167,0.542,CONTRARIAN,,42,bridge_20260611_1530.csv,0.45,0.0,0.515,1.0,0.194,-0.0024142645334271906,-0.02483190894510634,-0.14968098040940203,-0.329539576775829
2026-06-11,QBTS,QBTS,-0.078,0.0,0.552,NEUTRAL,,42,bridge_20260611_1530.csv,0.0,0.0,0.545,0.0,0.567,-0.018891639855419418,0.03652396517126899,-0.044500397964854166,-0.2166246815080065
2026-06-11,RDW,RDW,-0.14,0.268,0.616,CONTRARIAN,⚠ DILUTION,42,bridge_20260611_1530.csv,0.0,0.0,0.686,0.522,0.0,-0.11527210353655248,-0.16032766217987737,-0.36044469235884224,-0.4388531265673685
2026-06-11,ASTS,ASTS,-0.354,0.199,0.45,CONTRARIAN,⚠ DILUTION,42,bridge_20260611_1530.csv,0.45,0.0,0.0,0.0,0.0,-0.15528899421492304,-0.17322667404060121,-0.2676301892552847,-0.3072980368775975
2026-06-11,LUNR,LUNR,0.0,0.0,0.799,NEUTRAL,⚠ DILUTION,42,bridge_20260611_1530.csv,0.0,0.0,0.788,0.963,0.537,-0.13120099968974464,-0.25424279253773485,-0.35411222879419213,-0.5055483054725967
2026-06-11,QUBT,QUBT,0.0,-0.343,0.74,NEUTRAL,⚡,42,bridge_20260611_1530.csv,0.53,0.0,0.868,1.0,0.871,0.002018209694412354,0.08577198734182567,-0.07366292164242161,-0.19273459907377144
2026-06-11,RKLB,RKLB,-0.355,0.0,0.483,NEUTRAL,,42,bridge_20260611_1530.csv,0.45,0.0,0.0,0.561,0.0,-0.10794563095851195,-0.06569089558909591,-0.26346051738435794,-0.3315037099410254
2026-06-11,UEC,UEC,0.0,-0.608,1.0,NEUTRAL,,42,bridge_20260611_1530.csv,0.0,0.0,0.0,0.0,1.0,0.037629314602440234,0.12982126995146315,0.015992481134877723,-0.05268113015877918
2026-06-11,BTC,BTC,0.414,-0.713,0.45,DIVERGING,,42,bridge_20260611_1530.csv,0.45,0.0,0.0,0.0,0.0,0.0007114389890008344,-0.009605138808294611,-0.06118823135385243,-0.02098897686863166
2026-06-11,BWXT,BWXT,0.0,-0.44,0.478,NEUTRAL,⚡,42,bridge_20260611_1530.csv,0.59,0.0,0.0,0.306,0.302,-0.006318038698447492,0.05506472993635336,0.01659138641795299,-0.09009653763108472
2026-06-11,UUUU,UUUU,-0.073,-0.519,0.65,NEUTRAL,⚡,42,bridge_20260611_1530.csv,0.574,0.0,0.527,0.808,0.987,-0.002652517377678909,0.09814320621512329,-0.03050398146380917,-0.13461536758896075
2026-06-11,NNE,NNE,-0.042,-0.549,0.644,NEUTRAL,⚡,42,bridge_20260611_1530.csv,0.518,0.0,0.719,0.0,1.0,-0.01571120780770552,0.19787685768068664,-0.1562632066686418,-0.23481948868152558
2026-06-11,SMR,SMR,-0.098,-0.559,0.633,NEUTRAL,,42,bridge_20260611_1530.csv,0.0,0.0,0.624,0.0,0.653,0.033437895371261295,0.2267502764360123,0.055381473724826824,-0.12748164600405465
2026-06-11,CCJ,CCJ,0.0,-0.55,0.436,NEUTRAL,,42,bridge_20260611_1530.csv,0.566,0.0,0.0,0.163,0.359,0.020107081329945986,0.07598258614038822,0.05577444250765251,-0.08861275299879834
2026-06-11,DNN,DNN,0.0,-0.632,0.599,NEUTRAL,⚡,42,bridge_20260611_1530.csv,0.568,0.0,0.0,0.0,0.733,0.019999980926513672,0.11666663487752271,0.03333330154418945,0.009999990463256836
2026-06-11,OKLO,OKLO,-0.098,-0.625,0.584,NEUTRAL,⚡,42,bridge_20260611_1530.csv,0.574,0.0,0.576,0.0,0.646,-0.006394727410676371,0.05720700870510487,-0.13584515256547292,-0.20826130504576446
2026-06-11,LEU,LEU,-0.053,-0.662,0.529,NEUTRAL,,42,bridge_20260611_1530.csv,0.0,0.0,0.677,0.116,0.901,0.02457782540513498,0.20613819147761792,0.04310569644816753,-0.0165741728347385
2026-06-11,ETH,ETH,0.32,-0.749,,DIVERGING,,42,bridge_20260611_1530.csv,0.0,0.0,0.0,0.0,0.0,-0.0093867098139655,0.01439296300531323,-0.06382975802930535,0.05694617481101383
2026-06-12,HOOD,HOOD,0.673,0.69,0.524,ALIGNED,⚡,30,bridge_20260612_0533.csv,0.594,0.0,0.0,0.355,0.0,0.0529026738493279,0.13434913955430394,0.09271380151621833,0.21740523635649134
2026-06-12,HIMS,HIMS,0.764,0.619,0.503,ALIGNED,,30,bridge_20260612_0533.csv,0.45,0.0,0.939,0.038,0.0,0.12490680162521461,0.25055933248201967,0.2449664343617466,0.3105891844086124
2026-06-12,CRWD,CRWD,0.55,0.552,0.487,ALIGNED,⚡,30,bridge_20260612_0533.csv,0.584,0.0,0.0,0.251,0.0,0.014806657194358364,-0.010779123437527183,0.08803454368219521,0.23450497653748847
2026-06-12,AMD,AMD,1.0,0.428,0.444,ALIGNED,,30,bridge_20260612_0533.csv,0.45,0.0,0.0,0.428,0.0,0.06976562724637403,0.07830794805217112,0.05457705203671437,0.07146626470504369
2026-06-12,DELL,DELL,0.58,0.647,0.572,ALIGNED,,30,bridge_20260612_0533.csv,0.584,0.0,0.0,0.735,0.236,0.03412795056571327,0.05849781626183659,0.04813303871659036,0.15666001115554118
2026-06-12,SIVE,SIVE.ST,0.469,0.744,0.45,ALIGNED,,30,bridge_20260612_0533.csv,0.45,0.0,0.0,0.0,0.0,-0.0685005251690195,0.07011866466003425,-0.2928802026999333,-0.5382955701610501
2026-06-12,RDDT,RDDT,0.492,0.674,0.501,ALIGNED,,30,bridge_20260612_0533.csv,0.45,0.0,0.0,0.742,0.298,0.12202343019447848,0.05144969786469211,0.07581735239593113,0.2539790044341794
2026-06-12,TSM,TSM,0.723,0.463,0.403,ALIGNED,,30,bridge_20260612_0533.csv,0.0,0.0,0.0,0.57,0.111,0.041209637257404674,0.10317746209904333,0.07352632266236703,-0.008350383526770422
2026-06-12,INTC,INTC,0.883,0.329,0.4,ALIGNED,,30,bridge_20260612_0533.csv,0.677,0.0,0.0,0.072,-0.204,0.026410860749677356,0.13141207984816416,0.057397459608214074,-0.1349441888077021
2026-06-12,MU,MU,0.3,0.69,0.499,CONTRARIAN,,30,bridge_20260612_0533.csv,0.45,0.0,0.0,1.0,-0.168,0.10837292388632624,0.23407464758733165,0.16673628633927695,0.0016923270663189438
2026-06-12,SNDK,SNDK,0.253,0.662,0.61,CONTRARIAN,,30,bridge_20260612_0533.csv,0.45,0.0,0.0,1.0,0.0,0.06452206121467752,0.14829049467359523,0.035498165677916305,-0.11225697289910797
2026-06-12,RKLB,RKLB,1.0,0.0,0.586,TECH_WAIT,,30,bridge_20260612_0533.csv,0.596,0.0,0.0,0.561,0.0,0.06699873670518941,-0.020509800631304698,-0.04277758843175439,-0.23029594659259867
2026-06-12,QQQ,QQQ,0.59,0.376,0.45,ALIGNED,,30,bridge_20260612_0533.csv,0.45,0.0,0.0,0.0,0.0,0.03141376689991193,0.024150856963569556,0.004901629847407163,-0.0011909742448854566
2026-06-12,ALAB,ALAB,0.193,0.591,0.43,CONTRARIAN,,30,bridge_20260612_0533.csv,0.0,0.0,0.0,0.866,-0.333,0.06005724820129976,0.19749424205647337,0.24189023297010648,-0.014626161531958393
2026-06-12,NVDA,NVDA,0.7,0.0,0.589,TECH_WAIT,,30,bridge_20260612_0533.csv,0.45,0.0,0.0,1.0,0.459,0.03538181402824003,0.016862378351333973,-0.0498075008484955,0.032214048110063676
2026-06-12,AAPL,AAPL,0.355,0.325,0.3,ALIGNED,,30,bridge_20260612_0533.csv,0.0,0.0,0.0,0.3,0.0,0.018170605764429082,0.020197179212700478,-0.03225368217273661,0.08150990990537688
2026-06-12,AVGO,AVGO,0.84,-0.16,0.484,DIVERGING,,30,bridge_20260612_0533.csv,0.45,0.0,0.0,0.64,0.354,0.03106756085075002,0.027954572709337322,-0.02363581366775558,0.020037701140818376
2026-06-12,SOFI,SOFI,0.6,0.0,0.429,TECH_WAIT,,30,bridge_20260612_0533.csv,0.45,0.0,0.0,0.475,0.26,0.03317245112131517,0.031363115811609665,0.09710498297708603,0.11881781196740482
2026-06-12,LITE,LITE,0.503,0.0,0.51,TECH_WAIT,,30,bridge_20260612_0533.csv,0.45,0.0,0.0,0.805,0.251,0.038716950356249225,-0.029981775419951173,-0.07613174761317743,-0.11584705287605224
2026-06-12,TSLA,TSLA,0.892,-0.306,0.433,DIVERGING,,30,bridge_20260612_0533.csv,0.539,0.0,0.0,0.176,0.0,0.011613319158924273,-0.0033954307203734047,0.013311034519110976,-0.02521959546468966
2026-06-12,PLTR,PLTR,0.7,-0.226,0.558,DIVERGING,,30,bridge_20260612_0533.csv,0.45,0.0,0.0,0.908,0.402,0.052504171906075925,-0.0663332917061702,-0.09602313556258213,0.04476914956301914
2026-06-12,BKSY,BKSY,0.0,0.0,0.5,NEUTRAL,⚡,30,bridge_20260612_0533.csv,0.502,0.0,0.655,0.0,0.126,-0.03793947268220066,-0.11967913240459604,-0.12553972909764632,-0.208204764771304
2026-06-12,AMZN,AMZN,0.45,-0.315,0.25,DIVERGING,,30,bridge_20260612_0533.csv,0.0,0.0,0.0,0.226,0.294,0.031314194613874635,-0.024145921995126773,0.006665253898762824,0.037476429792652644
2026-06-12,GOOGL,GOOGL,0.334,-0.17,,DIVERGING,,30,bridge_20260612_0533.csv,0.0,0.0,0.0,0.0,0.0,0.02688504677670811,-0.027802491669349227,-0.01676489908275869,-0.0004725948443551342
2026-06-12,QUBT,QUBT,0.0,0.0,,NEUTRAL,,30,bridge_20260612_0533.csv,0.0,0.0,0.0,0.0,0.0,0.11782477747599973,0.06142997360828861,-0.0010070723639982182,-0.16213500109485268
2026-06-12,MSTR,MSTR,0.653,-0.738,0.439,DIVERGING,⚠ DILUTION,30,bridge_20260612_0533.csv,0.0,0.0,0.0,0.118,1.0,0.057836558024877416,-0.11704446231631793,-0.25239977903865574,-0.2128740754197982
2026-06-12,BTC,BTC,0.451,-0.622,0.45,DIVERGING,,30,bridge_20260612_0533.csv,0.45,0.0,0.0,0.0,0.0,0.04621404846048893,0.012442246424162029,-0.05119085210345031,0.014930682148036611
2026-06-12,COIN,COIN,0.513,-0.569,,DIVERGING,,30,bridge_20260612_0533.csv,0.0,0.0,0.0,0.0,0.0,0.06158465648433609,0.03166852921048702,-0.05088249433549208,0.010764809324344426
2026-06-12,UEC,UEC,0.0,-0.655,0.769,NEUTRAL,,30,bridge_20260612_0533.csv,0.0,0.0,0.0,0.0,0.769,0.0670898225482679,0.03989125518673897,-0.01813234942039854,-0.05802351814527551
2026-06-12,DNN,DNN,0.0,-0.588,,NEUTRAL,,30,bridge_20260612_0533.csv,0.0,0.0,0.0,0.0,0.0,0.08169934793296552,0.06862746473002201,0.01960782480441492,0.035947756722663815
2026-06-13,NBIS,NBIS,1.0,0.727,0.617,ALIGNED,,31,bridge_20260613_0650.csv,0.45,0.0,0.633,1.0,0.0,0.01934094142976739,0.05836887087428333,0.06190643153804509,-0.2328604264692664
2026-06-13,MRVL,MRVL,0.85,0.861,0.354,ALIGNED,,31,bridge_20260613_0650.csv,0.45,0.0,0.0,0.414,-0.157,-0.09780495556624624,-0.09660709619756491,-0.03558020825221442,-0.3320678940483951
2026-06-13,AMD,AMD,1.0,0.604,0.607,ALIGNED,,31,bridge_20260613_0650.csv,0.681,0.0,0.0,0.428,0.0,-0.07303658317336414,-0.050085943958204426,0.061488072905815816,-0.033110395047772134
2026-06-13,MU,MU,0.85,0.73,0.501,ALIGNED,,31,bridge_20260613_0650.csv,0.45,0.0,0.0,1.0,-0.156,-0.061792798315603914,-0.033290680308452836,0.0609381668041864,-0.16872475086245853
2026-06-13,IREN,IREN,1.0,0.56,0.395,ALIGNED,,31,bridge_20260613_0650.csv,0.45,0.0,0.526,0.104,0.356,-0.027444506340547292,-0.10073948080746453,-0.2484798572068191,-0.3709120831683015
2026-06-13,OUST,OUST,0.525,0.524,0.445,ALIGNED,⚡,31,bridge_20260613_0650.csv,0.504,0.0,0.0,0.453,0.177,-0.05422755082759001,-0.0004426838784544751,0.383798141555157,-0.16002654921204296
2026-06-13,SNDK,SNDK,0.248,0.658,0.592,CONTRARIAN,⚡,31,bridge_20260613_0650.csv,0.59,0.0,0.0,1.0,-0.116,-0.05517921145915561,-0.0684391394514231,0.07869112018527202,-0.23382012197417246
2026-06-13,SIVE,SIVE.ST,0.469,0.744,0.45,ALIGNED,,31,bridge_20260613_0650.csv,0.45,0.0,0.0,0.0,0.0,0.07180086493568205,0.013896984352540054,-0.26867397056405484,-0.5085118775140667
2026-06-13,HIMS,HIMS,0.635,0.575,0.503,ALIGNED,,31,bridge_20260613_0650.csv,0.45,0.0,0.939,0.038,0.0,0.043089136021647656,0.09247593639785734,0.14915472592879575,0.2320184976781492
2026-06-13,TSM,TSM,0.56,0.673,0.4,ALIGNED,,31,bridge_20260613_0650.csv,0.0,0.0,0.0,0.57,0.104,-0.03527414485617364,-0.011350202350074778,0.08194384668753951,-0.0496601341487487
2026-06-13,FLNC,FLNC,0.544,0.636,0.441,ALIGNED,,31,bridge_20260613_0650.csv,0.434,0.0,1.0,0.077,-0.216,-0.010752697502083297,-0.12282883305288417,-0.17783296485272393,-0.36435071581578515
2026-06-13,DOCN,DOCN,0.371,0.699,,ALIGNED,,31,bridge_20260613_0650.csv,0.0,0.0,0.0,0.0,0.0,-0.0392189358136813,-0.1329913481341376,-0.13381871810511903,-0.34000768957482697
2026-06-13,NOK,NOK,0.66,0.531,0.419,ALIGNED,,31,bridge_20260613_0650.csv,0.574,0.0,0.0,0.044,0.0,-0.05668017340656595,-0.07557354309192288,-0.1039136297952058,-0.24089067262741015
2026-06-13,DELL,DELL,0.429,0.622,0.57,ALIGNED,,31,bridge_20260613_0650.csv,0.584,0.0,0.0,0.735,0.223,-0.012198433571767864,0.04573790498667951,0.05473389760139735,0.00882487095633544
2026-06-13,PENG,PENG,0.357,0.634,,ALIGNED,,31,bridge_20260613_0650.csv,0.0,0.0,0.0,0.0,0.0,-0.05464220952142962,0.04837952409993429,0.1900736403220018,0.14059808505419258
2026-06-13,QCOM,QCOM,0.617,0.425,0.45,ALIGNED,,31,bridge_20260613_0650.csv,0.45,0.0,0.0,0.0,0.0,-0.030523936003334695,-0.07554002472806998,-0.163126691140435,-0.1939676749450142
2026-06-13,QQQ,QQQ,0.457,0.403,0.45,ALIGNED,,31,bridge_20260613_0650.csv,0.45,0.0,0.0,0.0,0.0,-0.019005421591015037,-0.0397388700932918,-0.009127309863452115,-0.03423556305828157
2026-06-13,TSLA,TSLA,0.667,0.179,0.37,ALIGNED,,31,bridge_20260613_0650.csv,0.45,0.0,0.0,0.176,0.0,-0.015784969793794956,-0.07184727954139092,0.022984342325955254,-0.040593463916257067
2026-06-13,ALAB,ALAB,0.122,0.588,,CONTRARIAN,,31,bridge_20260613_0650.csv,0.0,0.0,0.0,0.0,0.0,-0.07063211688012505,0.02009243720804621,0.24105851455301086,-0.09912645395633102
2026-06-13,INTC,INTC,0.249,0.478,0.377,CONTRARIAN,,31,bridge_20260613_0650.csv,0.651,0.0,0.0,0.072,-0.252,-0.08454557724848444,0.03456904542347905,0.09205384182915477,-0.19450964044941943
2026-06-13,NVDA,NVDA,0.7,0.0,0.588,TECH_WAIT,,31,bridge_20260613_0650.csv,0.45,0.0,0.0,1.0,0.457,-0.023723197733726886,-0.05841376248705121,-0.058178398625078565,0.00023536386197253734
2026-06-13,CRWV,CRWV,1.0,-0.268,0.543,DIVERGING,,31,bridge_20260613_0650.csv,0.45,0.0,0.58,0.806,0.394,0.09671070924342162,-0.009277461083903149,-0.06719143688933471,-0.2772935675359429
2026-06-13,DRAM,DRAM,0.152,0.458,,CONTRARIAN,,31,bridge_20260613_0650.csv,0.0,0.0,0.0,0.0,0.0,-0.04150832926564685,-0.02603065262508819,0.039116347139921626,-0.1923455498472565
2026-06-13,BE,BE,0.63,0.0,,TECH_WAIT,,31,bridge_20260613_0650.csv,0.0,0.0,0.0,0.0,0.0,0.023242276440118337,0.17296907463143207,0.10273228490721764,-0.12794169441598358
2026-06-13,RKLB,RKLB,0.7,-0.245,0.483,DIVERGING,,31,bridge_20260613_0650.csv,0.45,0.0,0.0,0.561,0.0,-0.04228835465978975,-0.12933635929902032,-0.06956520342444938,-0.30251719040510583
2026-06-13,ZM,ZM,0.317,0.0,0.251,TECH_WAIT,,31,bridge_20260613_0650.csv,0.0,0.0,0.0,0.265,0.228,-0.02312997671274042,-0.08281167432547243,-0.08424405773375332,-0.017506647489431315
2026-06-13,AMZN,AMZN,0.464,-0.342,0.256,DIVERGING,,31,bridge_20260613_0650.csv,0.0,0.0,0.0,0.226,0.31,-8.13115686266741e-05,-0.048410712361907526,-0.031217005939341846,0.03633851835684632
2026-06-13,MSTR,MSTR,0.687,-0.667,0.439,DIVERGING,,31,bridge_20260613_0650.csv,0.0,0.0,0.0,0.118,1.0,-0.0635199166526168,-0.2081744942719036,-0.3371206290242089,-0.25674850027186336
2026-06-13,MSFT,MSFT,0.583,-0.63,0.399,DIVERGING,,31,bridge_20260613_0650.csv,0.0,0.0,0.0,0.378,0.437,-0.014833957996038927,-0.06458876999566998,-0.0668901843574361,-0.010331210681213121
2026-06-13,HOOD,HOOD,0.597,0.688,0.422,ALIGNED,⚠ DILUTION,31,bridge_20260613_0650.csv,0.45,0.0,0.0,0.355,0.0,-0.01437019590950317,0.05228288941926951,0.022013819529678846,0.17753768529681513
2026-06-13,LULU,LULU,0.354,-0.614,,DIVERGING,,31,bridge_20260613_0650.csv,0.0,0.0,0.0,0.0,0.0,-0.00610962128961523,-0.06273127074227292,-0.017468365848805067,0.010412177041608128
2026-06-15,MU,MU,0.85,0.73,0.58,ALIGNED,⚡,78,bridge_20260615_2348.csv,0.592,0.0,0.0,1.0,-0.203,-0.061792798315603914,-0.033290680308452836,0.0609381668041864,-0.16872475086245853
2026-06-15,AMD,AMD,1.0,0.604,0.466,ALIGNED,⚡,78,bridge_20260615_2348.csv,0.618,0.0,0.0,0.428,-0.111,-0.07303658317336414,-0.050085943958204426,0.061488072905815816,-0.033110395047772134
2026-06-15,NBIS,NBIS,1.0,0.711,0.67,ALIGNED,,78,bridge_20260615_2348.csv,0.554,0.0,0.633,1.0,0.0,0.01934094142976739,0.05836887087428333,0.06190643153804509,-0.2328604264692664
2026-06-15,MRVL,MRVL,0.85,0.861,0.427,ALIGNED,,78,bridge_20260615_2348.csv,0.588,0.0,0.0,0.414,-0.237,-0.09780495556624624,-0.09660709619756491,-0.03558020825221442,-0.3320678940483951
2026-06-15,IREN,IREN,0.7,0.644,0.458,ALIGNED,⚡,78,bridge_20260615_2348.csv,0.594,0.0,0.526,0.104,0.332,-0.027444506340547292,-0.10073948080746453,-0.2484798572068191,-0.3709120831683015
2026-06-15,TSM,TSM,0.8,0.716,0.57,ALIGNED,,78,bridge_20260615_2348.csv,0.0,0.0,0.0,0.57,0.0,-0.03527414485617364,-0.011350202350074778,0.08194384668753951,-0.0496601341487487
2026-06-15,CRDO,CRDO,0.075,0.912,0.654,CONTRARIAN,⚡,78,bridge_20260615_2348.csv,0.512,0.0,0.0,1.0,0.0,-0.07798469874229841,0.04855248850429272,0.04834049715852773,-0.1259396234059621
2026-06-15,OPTX,OPTX,0.391,0.912,0.482,ALIGNED,,78,bridge_20260615_2348.csv,0.45,0.0,0.54,0.0,0.0,-0.06950118230666613,-0.08994272027538186,0.017988575246387972,-0.33687653636704185
2026-06-15,DOCN,DOCN,0.453,0.842,0.445,ALIGNED,,78,bridge_20260615_2348.csv,0.0,0.0,0.518,0.345,0.0,-0.0392189358136813,-0.1329913481341376,-0.13381871810511903,-0.34000768957482697
2026-06-15,DELL,DELL,0.697,0.601,0.483,ALIGNED,,78,bridge_20260615_2348.csv,0.45,0.0,0.0,0.735,0.183,-0.012198433571767864,0.04573790498667951,0.05473389760139735,0.00882487095633544
2026-06-15,SNDK,SNDK,0.259,0.658,0.585,CONTRARIAN,⚡,78,bridge_20260615_2348.csv,0.592,0.0,0.0,1.0,-0.169,-0.05517921145915561,-0.0684391394514231,0.07869112018527202,-0.23382012197417246
2026-06-15,BRUN,BRUN,0.324,0.591,0.602,ALIGNED,⚡,78,bridge_20260615_2348.csv,0.444,0.0,0.0,0.986,0.0,-0.041110543330623917,-0.06860650714456362,0.036038502984853116,-0.3150026568460783
2026-06-15,OUST,OUST,0.211,0.736,0.451,CONTRARIAN,⚡,78,bridge_20260615_2348.csv,0.45,0.0,0.0,0.453,0.0,-0.05422755082759001,-0.0004426838784544751,0.383798141555157,-0.16002654921204296
2026-06-15,QCOM,QCOM,0.617,0.425,0.355,ALIGNED,⚡,78,bridge_20260615_2348.csv,0.594,0.0,0.0,0.077,-0.172,-0.030523936003334695,-0.07554002472806998,-0.163126691140435,-0.1939676749450142
2026-06-15,IONQ,IONQ,0.577,0.591,0.532,ALIGNED,,78,bridge_20260615_2348.csv,0.45,0.0,0.515,1.0,0.106,-0.0836874616924711,-0.05442958179869395,-0.12945410173482053,-0.3868911713888977
2026-06-15,QQQ,QQQ,0.653,0.498,0.45,ALIGNED,,78,bridge_20260615_2348.csv,0.45,0.0,0.0,0.0,0.0,-0.019005421591015037,-0.0397388700932918,-0.009127309863452115,-0.03423556305828157
2026-06-15,FLNC,FLNC,0.46,0.608,,ALIGNED,,78,bridge_20260615_2348.csv,0.0,0.0,0.0,0.0,0.0,-0.010752697502083297,-0.12282883305288417,-0.17783296485272393,-0.36435071581578515
2026-06-15,CIFR,CIFR,0.317,0.74,0.432,ALIGNED,,78,bridge_20260615_2348.csv,0.0,0.0,0.517,0.0,0.229,0.006915036230463745,0.06185165810729032,-0.05877835752153715,-0.23665000710401252
2026-06-15,TE,TE,0.537,0.454,0.654,ALIGNED,,78,bridge_20260615_2348.csv,0.0,0.0,0.626,0.981,0.149,-0.03251120620769277,0.03587440494251326,0.06278020864939826,-0.2533632521919007
2026-06-15,SIVE,SIVE.ST,0.469,0.57,0.45,ALIGNED,,78,bridge_20260615_2348.csv,0.45,0.0,0.0,0.0,0.0,0.07180086493568205,0.013896984352540054,-0.26867397056405484,-0.5085118775140667
2026-06-15,HOOD,HOOD,0.122,0.794,0.422,CONTRARIAN,,78,bridge_20260615_2348.csv,0.45,0.0,0.0,0.355,0.0,-0.01437019590950317,0.05228288941926951,0.022013819529678846,0.17753768529681513
2026-06-15,RCAT,RCAT,0.39,0.249,0.642,ALIGNED,⚡,78,bridge_20260615_2348.csv,0.45,0.0,0.639,1.0,0.838,-0.08939019420457628,-0.14954051143871372,-0.1102757409399946,-0.31161239872190116
2026-06-15,LITE,LITE,0.537,0.42,0.497,ALIGNED,,78,bridge_20260615_2348.csv,0.45,0.0,0.0,0.805,0.161,-0.08553759320352317,-0.13509674548025874,-0.10361037324767175,-0.2144080819107057
2026-06-15,UNH,UNH,0.331,0.78,0.033,ALIGNED,,78,bridge_20260615_2348.csv,0.0,0.0,0.0,0.033,0.0,-0.008247407984536936,-0.004354828016033041,0.011166787277324008,0.018197694417215082
2026-06-15,NET,NET,0.44,0.519,0.413,ALIGNED,,78,bridge_20260615_2348.csv,0.45,0.0,0.0,0.323,0.0,-0.020109479267539254,-0.04569175667427161,0.04060070337636068,0.15837257972831953
2026-06-15,BE,BE,0.663,0.311,,ALIGNED,,78,bridge_20260615_2348.csv,0.0,0.0,0.0,0.0,0.0,0.023242276440118337,0.17296907463143207,0.10273228490721764,-0.12794169441598358
2026-06-15,ARM,ARM,0.183,0.757,0.292,CONTRARIAN,,78,bridge_20260615_2348.csv,0.45,0.0,0.0,0.29,-0.376,-0.039292187455384986,-0.11188940615772325,-0.14054049735627738,-0.3285419513704172
2026-06-15,PANW,PANW,0.326,0.623,0.341,ALIGNED,,78,bridge_20260615_2348.csv,0.0,0.0,0.0,0.341,0.0,-0.016307072851250548,0.022422171544305813,0.19849574320875574,0.24418351859921605
2026-06-15,HIMS,HIMS,0.204,0.666,0.436,CONTRARIAN,,78,bridge_20260615_2348.csv,0.45,0.0,0.939,0.038,-0.118,0.043089136021647656,0.09247593639785734,0.14915472592879575,0.2320184976781492
2026-06-15,MDB,MDB,0.407,0.614,0.199,ALIGNED,,78,bridge_20260615_2348.csv,0.0,0.0,0.0,0.247,0.114,-0.015161768671962284,-0.09376585956812866,-0.05161217222123138,-0.05968712114749819
2026-06-15,NOK,NOK,0.462,0.468,0.381,ALIGNED,,78,bridge_20260615_2348.csv,0.52,0.0,0.0,0.044,0.0,-0.05668017340656595,-0.07557354309192288,-0.1039136297952058,-0.24089067262741015
2026-06-15,CRWD,CRWD,0.408,0.469,0.47,ALIGNED,,78,bridge_20260615_2348.csv,0.56,0.0,0.0,0.251,0.0,-0.019367570723876737,-0.017303821129839747,0.10135521817530146,0.19363272163110645
2026-06-15,RGTI,RGTI,-0.08,0.542,0.6,CONTRARIAN,⚡,78,bridge_20260615_2348.csv,0.528,0.0,0.594,0.963,0.288,-0.09074895612577338,-0.06255506733780691,-0.14889872046319497,-0.32819385517830013
2026-06-15,IWM,IWM,0.349,0.492,,ALIGNED,,78,bridge_20260615_2348.csv,0.0,0.0,0.0,0.0,0.0,-0.008688663959056875,0.002307876194591607,0.019718969826709287,0.003835101510508254
2026-06-15,AAOI,AAOI,0.237,0.592,0.385,CONTRARIAN,,78,bridge_20260615_2348.csv,0.488,0.0,0.0,0.473,-0.21,-0.10827462888403094,-0.23027929996134122,-0.226520483938203,-0.43048815139713703
2026-06-15,ALAB,ALAB,0.122,0.607,0.416,CONTRARIAN,,78,bridge_20260615_2348.csv,0.0,0.0,0.0,0.866,-0.371,-0.07063211688012505,0.02009243720804621,0.24105851455301086,-0.09912645395633102
2026-06-15,TSLA,TSLA,0.692,0.179,0.37,ALIGNED,,78,bridge_20260615_2348.csv,0.45,0.0,0.0,0.176,0.0,-0.015784969793794956,-0.07184727954139092,0.022984342325955254,-0.040593463916257067
2026-06-15,SOFI,SOFI,0.647,0.151,0.45,ALIGNED,,78,bridge_20260615_2348.csv,0.45,0.0,0.0,0.0,0.0,0.033858724583854416,0.009340441482752704,0.04670176203169052,0.04319916606660712
2026-06-15,PGY,PGY,0.238,0.441,0.489,ALIGNED,,78,bridge_20260615_2348.csv,0.524,0.0,0.594,0.133,0.716,-0.004464326985722633,-0.043367365557468895,0.16390303857174615,0.1454080825843016
2026-06-15,INTC,INTC,0.249,0.478,0.336,CONTRARIAN,,78,bridge_20260615_2348.csv,0.588,0.0,0.0,0.072,-0.272,-0.08454557724848444,0.03456904542347905,0.09205384182915477,-0.19450964044941943
2026-06-15,PLTR,PLTR,1.0,-0.219,0.551,DIVERGING,,78,bridge_20260615_2348.csv,0.45,0.0,0.0,0.908,0.357,-0.010838145951312605,-0.13369466905216199,-0.1339173605954903,-0.007052276443346495
2026-06-15,NVDA,NVDA,0.7,0.0,0.581,TECH_WAIT,,78,bridge_20260615_2348.csv,0.45,0.0,0.0,1.0,0.407,-0.023723197733726886,-0.05841376248705121,-0.058178398625078565,0.00023536386197253734
2026-06-15,IGV,IGV,0.275,0.419,,ALIGNED,,78,bridge_20260615_2348.csv,0.0,0.0,0.0,0.0,0.0,-0.014134630495038825,-0.057833411660576206,-0.022442833666440176,0.013595189167906252
2026-06-15,CRWV,CRWV,1.0,-0.268,0.6,DIVERGING,,78,bridge_20260615_2348.csv,0.594,0.0,0.58,0.806,0.314,0.09671070924342162,-0.009277461083903149,-0.06719143688933471,-0.2772935675359429
2026-06-15,QUBT,QUBT,0.0,0.24,0.671,CONTRARIAN,⚡,78,bridge_20260615_2348.csv,0.43,0.0,0.868,1.0,0.652,-0.08828832993074953,-0.05495500805296316,-0.12612617334155618,-0.2756757040049337
2026-06-15,DRAM,DRAM,0.158,0.458,,CONTRARIAN,,78,bridge_20260615_2348.csv,0.0,0.0,0.0,0.0,0.0,-0.04150832926564685,-0.02603065262508819,0.039116347139921626,-0.1923455498472565
2026-06-15,QBTS,QBTS,-0.095,0.488,0.503,CONTRARIAN,,78,bridge_20260615_2348.csv,0.0,0.0,0.545,0.0,0.403,-0.08834728387673763,-0.046839281474320926,-0.08644327638912319,-0.3042650305208463
2026-06-15,META,META,0.87,-0.545,0.538,DIVERGING,⚡,78,bridge_20260615_2348.csv,0.594,0.0,0.0,0.484,0.394,0.011339963815781395,-0.0527060209124709,-0.050869453789428865,0.14799154138354043
2026-06-15,SNAP,SNAP,0.334,0.158,0.199,ALIGNED,,78,bridge_20260615_2348.csv,0.0,0.0,0.0,0.12,0.336,-0.09632227444141161,-0.2189141841767227,-0.22241680778318496,-0.16637474657065565
2026-06-15,RDW,RDW,-0.132,0.234,0.616,CONTRARIAN,,78,bridge_20260615_2348.csv,0.0,0.0,0.686,0.522,0.0,-0.08968307016509303,-0.17599458328419204,-0.1753203233206747,-0.3688469517983546
2026-06-15,ONDS,ONDS,0.567,-0.397,0.731,DIVERGING,,78,bridge_20260615_2348.csv,0.45,0.0,0.924,1.0,1.0,-0.031545760621936036,-0.10304947132749653,-0.1335436831964194,-0.2586750766499417
2026-06-15,USAR,USAR,0.363,-0.175,0.501,DIVERGING,,78,bridge_20260615_2348.csv,0.45,0.0,0.0,0.0,0.716,-0.055603851485320765,-0.005647309536494394,-0.06255432256396698,-0.2480452162586968
2026-06-15,MSFT,MSFT,0.583,-0.63,0.512,DIVERGING,⚡,78,bridge_20260615_2348.csv,0.592,0.0,0.0,0.378,0.404,-0.014833957996038927,-0.06458876999566998,-0.0668901843574361,-0.010331210681213121
2026-06-15,GOOGL,GOOGL,0.39,-0.186,0.32,DIVERGING,,78,bridge_20260615_2348.csv,0.0,0.0,0.0,0.404,0.172,0.010559073594251789,-0.06286720139973512,-0.0324353886242269,0.004250730467779462
2026-06-15,COIN,COIN,0.547,-0.659,0.547,DIVERGING,⚡,78,bridge_20260615_2348.csv,0.592,0.0,0.0,0.0,0.354,-0.002063381999774072,-0.0674448931183057,-0.1381322565160663,-0.014208162201957975
2026-06-15,AMZN,AMZN,0.488,-0.342,0.368,DIVERGING,,78,bridge_20260615_2348.csv,0.45,0.0,0.0,0.226,0.27,-8.13115686266741e-05,-0.048410712361907526,-0.031217005939341846,0.03633851835684632
2026-06-15,ZM,ZM,0.317,-0.169,0.249,DIVERGING,,78,bridge_20260615_2348.csv,0.0,0.0,0.0,0.265,0.22,-0.02312997671274042,-0.08281167432547243,-0.08424405773375332,-0.017506647489431315
2026-06-15,MSTR,MSTR,0.687,-0.667,0.439,DIVERGING,,78,bridge_20260615_2348.csv,0.0,0.0,0.0,0.118,1.0,-0.0635199166526168,-0.2081744942719036,-0.3371206290242089,-0.25674850027186336
2026-06-15,RKLB,RKLB,1.0,0.0,0.648,TECH_WAIT,⚠ DILUTION,78,bridge_20260615_2348.csv,0.684,0.0,0.0,0.561,0.0,-0.04228835465978975,-0.12933635929902032,-0.06956520342444938,-0.30251719040510583
2026-06-15,ASTS,ASTS,0.912,0.288,0.671,ALIGNED,⚠ DILUTION,78,bridge_20260615_2348.csv,0.584,0.0,0.585,1.0,0.0,-0.06075139560767473,-0.16786567316970114,0.014731082791171746,-0.24277723204659363
2026-06-15,HUT,HUT,0.349,0.562,0.713,ALIGNED,⚠ DILUTION,78,bridge_20260615_2348.csv,0.0,0.0,0.517,0.978,0.0,0.010817133037582582,0.0027458964071951364,-0.039399239460208624,-0.14270262508179
2026-06-15,FCEL,FCEL,0.355,0.0,-0.16,TECH_WAIT,⚠ DILUTION,78,bridge_20260615_2348.csv,0.0,0.0,0.0,0.0,-0.16,0.12857142857142856,0.24685712541852678,1.0577141898018971,0.15714285714285725
2026-06-15,OKLO,OKLO,0.196,-0.405,0.568,DIVERGING,⚡,78,bridge_20260615_2348.csv,0.59,0.0,0.576,0.0,0.459,-0.05416530827482169,-0.058445883333196225,-0.1384589992593559,-0.24777745531563355
2026-06-15,LUNR,LUNR,0.0,-0.228,0.808,NEUTRAL,⚠ DILUTION,78,bridge_20260615_2348.csv,0.0,0.0,0.788,0.963,0.583,-0.09316768622693639,-0.186723580093352,-0.16964288821448847,-0.4235248350339661
2026-06-15,BTC,BTC,0.418,-0.566,0.45,DIVERGING,,78,bridge_20260615_2348.csv,0.45,0.0,0.0,0.0,0.0,-0.013251763017476104,-0.06354063268237631,-0.11824667027354085,-0.024125075924529393
2026-06-15,BKSY,BKSY,-0.035,-0.251,0.482,NEUTRAL,⚡,78,bridge_20260615_2348.csv,0.428,0.0,0.655,0.0,0.298,-0.07758897194155057,-0.13754411164061764,-0.1048413081683992,-0.22090417374227356
2026-06-15,PYPL,PYPL,0.264,-0.451,0.34,DIVERGING,⛔ STRUCTURAL,78,bridge_20260615_2348.csv,0.45,0.0,0.0,0.147,0.213,0.02730053663424492,-0.0185926308383203,0.016239082124081428,0.306660349837083
2026-06-15,NASA,NASA,0.266,-0.518,0.45,DIVERGING,,78,bridge_20260615_2348.csv,0.45,0.0,0.0,0.0,0.0,-0.015394088886910517,-0.11514777782723629,-0.06465518506978207,-0.2389162665717064
2026-06-15,CCJ,CCJ,0.0,-0.296,0.386,NEUTRAL,⚡,78,bridge_20260615_2348.csv,0.51,0.0,0.0,0.163,0.247,0.008035887098930106,0.01747339567593964,-0.04821525130415105,-0.1498784693446541
2026-06-15,ZS,ZS,0.292,-0.541,0.333,DIVERGING,,78,bridge_20260615_2348.csv,0.0,0.0,0.0,0.249,0.48,-0.024459399300707063,-0.03258702698718474,0.08227262596369211,0.13625214324448742
2026-06-15,SMR,SMR,0.0,-0.473,0.571,NEUTRAL,,78,bridge_20260615_2348.csv,0.0,0.0,0.624,0.0,0.443,-0.07048871953003932,0.020676626527794673,-0.0573308825816321,-0.21428577190566978
2026-06-15,UUUU,UUUU,0.139,-0.628,0.583,DIVERGING,,78,bridge_20260615_2348.csv,0.51,0.0,0.527,0.808,0.637,-0.01918159745200665,-0.010869569856916561,-0.07289004592697845,-0.18989771111461662
2026-06-15,NNE,NNE,0.0,-0.517,0.57,NEUTRAL,⚡,78,bridge_20260615_2348.csv,0.418,0.0,0.719,0.0,0.861,-0.042663464835693055,-0.04704945409750283,-0.15709731044829311,-0.2874800281660942
2026-06-15,LULU,LULU,0.354,-0.614,0.13,DIVERGING,,78,bridge_20260615_2348.csv,0.0,0.0,0.0,0.108,0.168,-0.00610962128961523,-0.06273127074227292,-0.017468365848805067,0.010412177041608128
2026-06-15,LEU,LEU,0.0,-0.536,0.486,NEUTRAL,,78,bridge_20260615_2348.csv,0.51,0.0,0.677,0.116,0.577,-0.06328895025228609,0.004811809413442392,-0.04970279695815838,-0.11384093577798748
2026-06-15,DNN,DNN,0.0,-0.54,0.469,NEUTRAL,⚡,78,bridge_20260615_2348.csv,0.468,0.0,0.0,0.0,0.473,0.0060422904145789325,-0.012084580829157865,-0.07552870221202024,-0.06646526659015184
2026-06-15,ETH,ETH,0.334,-0.604,,DIVERGING,,78,bridge_20260615_2348.csv,0.0,0.0,0.0,0.0,0.0,-0.014442519220862926,-0.08781048821405057,-0.1317157598679951,0.05834779087480757
2026-06-15,UEC,UEC,0.0,-0.753,0.598,NEUTRAL,,78,bridge_20260615_2348.csv,0.0,0.0,0.0,0.0,0.598,-0.008496208800379823,-0.03653358440544041,-0.0943076097859783,-0.1410365961363632
2026-06-17,TSM,TSM,0.8,0.803,0.57,ALIGNED,,33,bridge_20260617_1628.csv,0.0,0.0,0.0,0.57,0.0,0.06935092362371309,0.006571783820436439,0.004651185454156215,-0.07816730129906801
2026-06-17,AMD,AMD,0.85,0.649,0.579,ALIGNED,,33,bridge_20260617_1628.csv,0.579,0.0,0.0,0.0,0.0,0.04856777941973722,0.039201583712778376,0.010419971626178137,-0.032625607517061894
2026-06-17,HIMS,HIMS,0.533,0.683,0.499,ALIGNED,⚡,33,bridge_20260617_1628.csv,0.6,0.0,0.939,0.038,-0.166,0.11226095639928935,0.025713380699856403,0.15396675890203704,0.029789927285098106
2026-06-17,DELL,DELL,0.697,0.769,0.479,ALIGNED,,33,bridge_20260617_1628.csv,0.45,0.0,0.0,0.735,0.154,-0.023418875445504028,-0.023538065304378852,-0.05962029828811288,-0.054803059716670766
2026-06-17,MRVL,MRVL,0.85,0.664,0.436,ALIGNED,,33,bridge_20260617_1628.csv,0.592,0.0,0.0,0.414,-0.186,0.0726669152616779,-0.028597071238706362,-0.15282868546057604,-0.34818493486821245
2026-06-17,CRWV,CRWV,0.7,0.743,0.524,ALIGNED,,33,bridge_20260617_1628.csv,0.45,0.0,0.58,0.806,0.217,0.023782639402336603,-0.14278271919940688,-0.2904695478154973,-0.36455169111845365
2026-06-17,IREN,IREN,0.7,0.447,0.464,ALIGNED,⚡,33,bridge_20260617_1628.csv,0.594,0.0,0.526,0.104,0.395,0.031836146182926406,-0.17845463470942524,-0.331956646238463,-0.4214421170407665
2026-06-17,DRAM,DRAM,0.782,0.471,,ALIGNED,,33,bridge_20260617_1628.csv,0.0,0.0,0.0,0.0,0.0,0.09664049222521576,0.09921376331926557,-0.13323797407772664,-0.24631874880978166
2026-06-17,SIVE,SIVE.ST,0.49,0.755,0.45,ALIGNED,,33,bridge_20260617_1628.csv,0.45,0.0,0.0,0.0,0.0,-0.05789991597184152,-0.342492649688681,-0.5191364154439608,-0.6508341383879307
2026-06-17,OUST,OUST,0.654,0.631,0.408,ALIGNED,,33,bridge_20260617_1628.csv,0.45,0.0,0.0,0.453,0.151,0.14366400537205282,0.02701371417351095,0.22396853287047347,-0.09037328572831116
2026-06-17,NBIS,NBIS,0.3,0.828,0.537,CONTRARIAN,,33,bridge_20260617_1628.csv,0.45,0.0,0.633,1.0,-0.131,0.02057598057721477,-0.08643337176593358,-0.2324232234301471,-0.36737743619972885
2026-06-17,HOOD,HOOD,0.492,0.725,0.422,ALIGNED,,33,bridge_20260617_1628.csv,0.45,0.0,0.0,0.355,0.0,0.028041869422183563,-0.11150186376250715,0.07157800976359474,-0.04980986707012536
2026-06-17,SNDK,SNDK,0.173,0.902,0.508,CONTRARIAN,,33,bridge_20260617_1628.csv,0.45,0.0,0.0,1.0,-0.106,0.1153512076472798,0.1920563313223016,-0.1091484804465026,-0.30834188660573125
2026-06-17,BE,BE,0.663,0.484,,ALIGNED,,33,bridge_20260617_1628.csv,0.0,0.0,0.0,0.0,0.0,0.15411072294719785,0.084880182709268,-0.04947533621914835,-0.24572787087334313
2026-06-17,ALAB,ALAB,0.604,0.578,0.425,ALIGNED,,33,bridge_20260617_1628.csv,0.0,0.0,0.0,0.866,-0.346,0.11313658449096464,0.062239798708435545,0.08471234486069412,-0.18965516960518225
2026-06-17,INTC,INTC,0.616,0.564,0.319,ALIGNED,,33,bridge_20260617_1628.csv,0.548,0.0,0.0,0.072,-0.224,0.1064410171879362,0.09719237647704548,-0.0061932288146170356,-0.21519403705164153
2026-06-17,QCOM,QCOM,0.552,0.469,0.45,ALIGNED,,33,bridge_20260617_1628.csv,0.45,0.0,0.0,0.0,0.0,0.06169882760169276,-0.03789269511181392,-0.17241865525769418,-0.1934075325412643
2026-06-17,QQQ,QQQ,0.623,0.366,0.45,ALIGNED,,33,bridge_20260617_1628.csv,0.45,0.0,0.0,0.0,0.0,0.02506543768170255,-0.007394663113173605,-0.012632214731159386,-0.03656120891608339
2026-06-17,NOK,NOK,0.546,0.248,0.45,ALIGNED,,33,bridge_20260617_1628.csv,0.45,0.0,0.0,0.0,0.0,-0.024584248334310943,0.010845959461876609,-0.1272595978735338,-0.26825741566257333
2026-06-17,ASTS,ASTS,0.992,-0.193,0.603,DIVERGING,,33,bridge_20260617_1628.csv,0.45,0.0,0.585,1.0,0.0,-0.0558351472085552,-0.23188572501261673,-0.003511682672201033,-0.3234226965868484
2026-06-17,NVDA,NVDA,0.7,0.0,0.589,TECH_WAIT,,33,bridge_20260617_1628.csv,0.45,0.0,0.0,1.0,0.461,0.029513846689763534,-0.04353769200612412,-0.047984326207196504,-0.008990942549557679
2026-06-17,PLTR,PLTR,0.85,-0.401,0.672,DIVERGING,⚡,33,bridge_20260617_1628.csv,0.672,0.0,0.0,0.0,0.0,-0.016535279655291335,-0.1788257472753081,-0.010181442098603832,0.013396615896706932
2026-06-17,IONQ,IONQ,0.392,0.254,0.45,ALIGNED,,33,bridge_20260617_1628.csv,0.45,0.0,0.0,0.0,0.0,0.03400988584854692,-0.07551649949029249,-0.10184676969627848,-0.364051935406132
2026-06-17,AAPL,AAPL,0.469,0.161,0.3,ALIGNED,,33,bridge_20260617_1628.csv,0.0,0.0,0.0,0.3,0.0,0.006960626705947437,-0.0702822012252402,0.04284504866622885,0.12769040874682536
2026-06-17,TSLA,TSLA,0.827,-0.204,0.37,DIVERGING,,33,bridge_20260617_1628.csv,0.45,0.0,0.0,0.176,0.0,0.010368800900483421,-0.053635424349697924,-0.007391878095988957,-0.039204824545870265
2026-06-17,LITE,LITE,0.385,0.0,0.45,TECH_WAIT,,33,bridge_20260617_1628.csv,0.45,0.0,0.0,0.0,0.0,-0.02296602326180508,-0.009207119641200467,-0.16283130224238507,-0.1576587694243593
2026-06-17,AAOI,AAOI,0.227,-0.166,0.457,NEUTRAL,,33,bridge_20260617_1628.csv,0.45,0.0,0.0,0.473,0.0,-0.0328074002301858,-0.17210471902727453,-0.27722003349383606,-0.388012394506544
2026-06-17,AMZN,AMZN,0.62,-0.48,0.375,DIVERGING,,33,bridge_20260617_1628.csv,0.45,0.0,0.0,0.226,0.318,0.029010523745888195,-0.04416844418174337,0.021768413342927673,0.04096840306332239
2026-06-17,META,META,0.87,-0.756,0.459,DIVERGING,,33,bridge_20260617_1628.csv,0.45,0.0,0.0,0.484,0.458,0.016984307627157635,-0.04353575042925595,0.026991801795223758,0.13818314654190234
2026-06-17,RDW,RDW,-0.132,0.187,,CONTRARIAN,,33,bridge_20260617_1628.csv,0.0,0.0,0.0,0.0,0.0,-0.0006963283737175807,-0.24791083224622645,-0.2123954951240079,-0.4115598877931743
2026-06-17,SMR,SMR,0.196,-0.328,0.583,DIVERGING,,33,bridge_20260617_1628.csv,0.0,0.0,0.624,0.0,0.485,0.13539647948456568,-0.02611222957246251,-0.056092835120596485,-0.25338494426815916
2026-06-17,MSTR,MSTR,0.57,-0.675,0.439,DIVERGING,,33,bridge_20260617_1628.csv,0.0,0.0,0.0,0.118,1.0,-0.0345744583365406,-0.26793064843571224,-0.13546672311476193,-0.18625600153739896
2026-06-17,RKLB,RKLB,-0.5,0.0,0.45,NEUTRAL,,33,bridge_20260617_1628.csv,0.45,0.0,0.0,0.0,0.0,-0.006853171607320019,-0.25273198802669794,-0.06964256379584621,-0.3737729149436998
2026-06-18,AMD,AMD,0.85,0.666,0.548,ALIGNED,⚡,28,bridge_20260618_0533.csv,0.598,0.0,0.0,0.428,0.0,0.026536669138951918,-0.02938381035565696,0.02731822172650311,-0.06289891155087246
2026-06-18,HIMS,HIMS,0.689,0.683,0.494,ALIGNED,⚡,28,bridge_20260618_0533.csv,0.588,0.0,0.939,0.038,-0.166,-0.05441218603762776,-0.04313511534646097,0.07922180608648,-0.0780941743003628
2026-06-18,MRVL,MRVL,1.0,0.682,0.43,ALIGNED,,28,bridge_20260618_0533.csv,0.582,0.0,0.0,0.414,-0.186,-0.008757810522798226,-0.14105866829818448,-0.19740480560613094,-0.37218075447868826
2026-06-18,IREN,IREN,0.85,0.488,0.459,ALIGNED,⚡,28,bridge_20260618_0533.csv,0.582,0.0,0.526,0.104,0.395,-0.051534359569196275,-0.2126417644209364,-0.2676784436645677,-0.3295530123957304
2026-06-18,DELL,DELL,0.697,0.769,0.479,ALIGNED,,28,bridge_20260618_0533.csv,0.45,0.0,0.0,0.735,0.154,0.02249081261557717,-0.02444447778683745,0.00561660074950221,-0.06744810287631142
2026-06-18,TSM,TSM,0.56,0.803,0.57,ALIGNED,,28,bridge_20260618_0533.csv,0.0,0.0,0.0,0.57,0.0,0.012009907316690382,-0.06442047374756554,-0.02235347243446173,-0.12944691412681508
2026-06-18,INTC,INTC,0.93,0.564,0.349,ALIGNED,,28,bridge_20260618_0533.csv,0.598,0.0,0.0,0.072,-0.224,0.05186951760067471,-0.04231657538990541,-0.08799170133270406,-0.2756176313199302
2026-06-18,SIVE,SIVE.ST,0.49,0.758,0.45,ALIGNED,,28,bridge_20260618_0533.csv,0.45,0.0,0.0,0.0,0.0,0.03333330154418945,-0.34010418256123864,-0.41354167461395264,-0.6512500047683716
2026-06-18,ALAB,ALAB,0.727,0.578,0.425,ALIGNED,,28,bridge_20260618_0533.csv,0.0,0.0,0.0,0.866,-0.346,0.05416355993282873,-0.06073325016189157,0.037571589025759966,-0.25890140525589855
2026-06-18,OUST,OUST,0.654,0.631,0.408,ALIGNED,,28,bridge_20260618_0533.csv,0.45,0.0,0.0,0.453,0.151,0.023835100228160933,-0.09770236776630759,0.07000219363524685,-0.2533819908607815
2026-06-18,NBIS,NBIS,0.3,0.836,0.537,CONTRARIAN,,28,bridge_20260618_0533.csv,0.45,0.0,0.633,1.0,-0.131,-0.010743371110310096,-0.16181240711081168,-0.2569674475621172,-0.36300535923113886
2026-06-18,SNDK,SNDK,0.169,0.902,0.508,CONTRARIAN,,28,bridge_20260618_0533.csv,0.45,0.0,0.0,1.0,-0.106,0.04072776311648929,-0.04304384440439413,-0.20154248600025748,-0.36333678856991647
2026-06-18,CRWV,CRWV,0.197,0.744,0.524,CONTRARIAN,,28,bridge_20260618_0533.csv,0.45,0.0,0.58,0.806,0.217,-0.05646457147122541,-0.1811784287418413,-0.26697752164917565,-0.3805849983137065
2026-06-18,MU,MU,0.2,0.749,0.501,CONTRARIAN,,28,bridge_20260618_0533.csv,0.45,0.0,0.0,1.0,-0.157,0.06824582156080128,-0.0014637900901754985,-0.13147248820737067,-0.23668358523492727
2026-06-18,QQQ,QQQ,0.649,0.366,0.45,ALIGNED,,28,bridge_20260618_0533.csv,0.45,0.0,0.0,0.0,0.0,-0.002510106841037363,-0.044994149821656615,-0.022961393113009376,-0.0591330020844818
2026-06-18,SPY,SPY,0.575,0.404,0.45,ALIGNED,,28,bridge_20260618_0533.csv,0.45,0.0,0.0,0.0,0.0,-0.003146979693962715,-0.02376998718714518,0.00607981241378952,-0.006227018024636433
2026-06-18,RKLB,RKLB,1.0,0.0,0.612,TECH_WAIT,,28,bridge_20260618_0533.csv,0.632,0.0,0.0,0.561,0.0,-0.06480788033090967,-0.21167472398758092,-0.13194705154558206,-0.3869824769366259
2026-06-18,HOOD,HOOD,0.133,0.712,0.45,CONTRARIAN,,28,bridge_20260618_0533.csv,0.45,0.0,0.0,0.0,0.0,-0.02256127976865896,-0.0874710952473634,0.08691633280864641,-0.08201574314781268
2026-06-18,SOFI,SOFI,0.601,0.335,0.42,ALIGNED,,28,bridge_20260618_0533.csv,0.45,0.0,0.0,0.475,0.2,-0.0452261012196169,-0.001675080228984105,0.0390843533725993,-0.050251235410273765
2026-06-18,NVDA,NVDA,0.85,0.0,0.589,TECH_WAIT,,28,bridge_20260618_0533.csv,0.45,0.0,0.0,1.0,0.461,-0.00968251232276296,-0.08619300133692742,-0.07185912579719544,-0.03517017217829366
2026-06-18,AVGO,AVGO,0.873,0.0,0.48,TECH_WAIT,,28,bridge_20260618_0533.csv,0.45,0.0,0.0,0.64,0.329,-0.04521550224560922,-0.11122479141863861,-0.08960315855066547,-0.0792306003841039
2026-06-18,TSLA,TSLA,0.827,-0.204,0.472,DIVERGING,⚡,28,bridge_20260618_0533.csv,0.594,0.0,0.0,0.176,0.0,0.011386046267785943,-0.05188643732927256,0.04814102536748499,-0.07720538256664355
2026-06-18,NOK,NOK,0.546,0.248,0.45,ALIGNED,,28,bridge_20260618_0533.csv,0.45,0.0,0.0,0.0,0.0,0.06968128613835423,-0.03558187919795208,-0.07264637204327373,-0.2527798298939081
2026-06-18,ASTS,ASTS,1.0,-0.248,0.603,DIVERGING,,28,bridge_20260618_0533.csv,0.45,0.0,0.585,1.0,0.0,-0.09261097051266576,-0.11418306838229986,-0.0002480073339041766,-0.2881230403920899
2026-06-18,DRAM,DRAM,0.167,0.491,,CONTRARIAN,,28,bridge_20260618_0533.csv,0.0,0.0,0.0,0.0,0.0,0.05227482967135311,-0.06296443604093793,-0.15578147687217303,-0.30830397592807146
2026-06-18,AAPL,AAPL,0.586,0.161,0.3,ALIGNED,,28,bridge_20260618_0533.csv,0.0,0.0,0.0,0.3,0.0,-0.0033555919842641613,-0.047750110801712875,0.049159402088561066,0.09590277385227042
2026-06-18,PLTR,PLTR,0.85,-0.401,0.683,DIVERGING,,28,bridge_20260618_0533.csv,0.658,0.0,0.0,0.908,0.399,-0.06982175710649563,-0.12096209829429849,0.03168048592478567,0.049661437084071114
2026-06-18,MSTR,MSTR,0.57,-0.675,,DIVERGING,,28,bridge_20260618_0533.csv,0.0,0.0,0.0,0.0,0.0,-0.027281611375872816,-0.26855062248754735,-0.10450548532658532,-0.1307206899852822
2026-06-19,MRVL,MRVL,1.0,0.871,0.344,ALIGNED,,32,bridge_20260619_0534.csv,0.45,0.0,0.0,0.414,-0.231,-0.09361390071338282,-0.09780418717306916,-0.25063338657164946,-0.32433145392955487
2026-06-19,IREN,IREN,1.0,0.574,0.445,ALIGNED,⚡,32,bridge_20260619_0534.csv,0.562,0.0,0.526,0.104,0.35,-0.03780548182806842,-0.19272022666291655,-0.2998945072181761,-0.2739581204321482
2026-06-19,AMD,AMD,1.0,0.643,0.51,ALIGNED,,32,bridge_20260619_0534.csv,0.544,0.0,0.0,0.428,0.0,-0.05761113249020289,-0.02200753139056766,-0.06439102154857557,-0.013052249049724574
2026-06-19,RDDT,RDDT,1.0,0.579,0.499,ALIGNED,,32,bridge_20260619_0534.csv,0.45,0.0,0.0,0.742,0.286,-0.028221060136673803,0.02317529272272867,0.17014785017953526,0.09035433980223373
2026-06-19,SIVE,SIVE.ST,0.49,0.758,0.45,ALIGNED,,32,bridge_20260619_0534.csv,0.45,0.0,0.0,0.0,0.0,-0.11743945821452784,-0.3392136585855071,-0.5292338487943172,-0.6641128959690492
2026-06-19,NBIS,NBIS,0.3,0.811,0.535,CONTRARIAN,,32,bridge_20260619_0534.csv,0.45,0.0,0.633,1.0,-0.149,-0.029477048705458975,-0.07919323230892861,-0.31176611359628603,-0.2351468235504769
2026-06-19,MU,MU,0.2,0.839,0.491,CONTRARIAN,,32,bridge_20260619_0534.csv,0.45,0.0,0.0,1.0,-0.225,-0.1317588143395868,-0.05456587361202503,-0.2252436707192702,-0.1984601746061998
2026-06-19,SPY,SPY,0.589,0.547,0.45,ALIGNED,,32,bridge_20260619_0534.csv,0.45,0.0,0.0,0.0,0.0,-0.014521954010491611,-0.004554083990552349,0.004460037425121577,0.005225774892043233
2026-06-19,DELL,DELL,0.476,0.603,0.45,ALIGNED,,32,bridge_20260619_0534.csv,0.45,0.0,0.0,0.0,0.0,0.02166181157736946,-0.009791968756109659,-0.0034152563643380374,-0.03317845523036278
2026-06-19,SNDK,SNDK,0.254,0.751,0.495,CONTRARIAN,,32,bridge_20260619_0534.csv,0.45,0.0,0.0,1.0,-0.198,-0.13639702495319006,-0.09822630207153338,-0.28852591773523983,-0.3009723942302096
2026-06-19,CRWV,CRWV,0.2,0.812,0.45,CONTRARIAN,,32,bridge_20260619_0534.csv,0.45,0.0,0.0,0.0,0.0,-0.05004941727920398,-0.14179170320318712,-0.24943842131245186,-0.284931250099832
2026-06-19,TSM,TSM,0.147,0.719,0.57,CONTRARIAN,,32,bridge_20260619_0534.csv,0.0,0.0,0.0,0.57,0.0,-0.06688476464427062,-0.026877941632580393,-0.07505293282811554,-0.09207352800015611
2026-06-19,SOFI,SOFI,0.506,0.478,0.416,ALIGNED,,32,bridge_20260619_0534.csv,0.45,0.0,0.0,0.475,0.167,0.011111142094681448,0.06374269755976503,0.038011672750290604,0.03157888866270886
2026-06-19,INTC,INTC,0.281,0.69,0.287,CONTRARIAN,,32,bridge_20260619_0534.csv,0.513,0.0,0.0,0.072,-0.297,-0.061444611267902016,-0.06541791585775092,-0.21675892239648942,-0.2518093151581895
2026-06-19,HOOD,HOOD,0.137,0.725,0.45,CONTRARIAN,,32,bridge_20260619_0534.csv,0.45,0.0,0.0,0.0,0.0,-0.02327120523865367,-0.03670416504608487,0.06801629461429415,0.006148912416123364
2026-06-19,HIMS,HIMS,0.208,0.623,0.45,CONTRARIAN,,32,bridge_20260619_0534.csv,0.45,0.0,0.0,0.0,0.0,-0.01729283885577282,-0.004472317286355887,0.07841375019761587,-0.02415030862196621
2026-06-19,TSLA,TSLA,0.692,0.0,0.471,TECH_WAIT,⚡,32,bridge_20260619_0534.csv,0.592,0.0,0.0,0.176,0.0,-0.05786940661108486,0.01676338414900136,-0.005307971759730745,-0.06448585583105382
2026-06-19,AVGO,AVGO,0.873,0.0,0.472,TECH_WAIT,,32,bridge_20260619_0534.csv,0.45,0.0,0.0,0.64,0.273,-0.030551120386485997,-0.05018741853651976,-0.05444624445379043,-0.01435749576086387
2026-06-19,DRAM,DRAM,0.151,0.552,,CONTRARIAN,,32,bridge_20260619_0534.csv,0.0,0.0,0.0,0.0,0.0,-0.14246778773648572,-0.10877104368830182,-0.24938058428760623,-0.270936600790992
2026-06-19,NVDA,NVDA,0.7,0.0,0.45,TECH_WAIT,,32,bridge_20260619_0534.csv,0.45,0.0,0.0,0.0,0.0,-0.04126528091164561,-0.06556430901487675,-0.056170628150210566,-0.006518095615312025
2026-06-19,RGTI,RGTI,-0.088,0.51,0.574,CONTRARIAN,,32,bridge_20260619_0534.csv,0.45,0.0,0.594,0.963,0.369,-0.004677197289352342,-0.09073894774836955,-0.225912072651965,-0.2853133614237564
2026-06-19,AAPL,AAPL,0.495,0.154,0.3,ALIGNED,,32,bridge_20260619_0534.csv,0.0,0.0,0.0,0.3,0.0,-0.00912434558954689,-0.05141247442569297,0.045958026489598014,0.10346446065235138
2026-06-19,AAOI,AAOI,0.597,0.0,0.457,TECH_WAIT,,32,bridge_20260619_0534.csv,0.45,0.0,0.0,0.473,0.0,-0.13893589838072196,-0.1234012156237243,-0.3318343367586225,-0.3035098691119702
2026-06-19,ONDS,ONDS,0.534,-0.337,0.791,DIVERGING,⚡,32,bridge_20260619_0534.csv,0.582,0.0,0.924,1.0,1.0,-0.0404950052248263,-0.09786275050175175,-0.17322838911326632,-0.13835775572657805
2026-06-19,QBTS,QBTS,-0.103,0.508,,CONTRARIAN,,32,bridge_20260619_0534.csv,0.0,0.0,0.0,0.0,0.0,0.022885222272376327,-0.02615445065824573,-0.13935430907638413,-0.2725786785230433
2026-06-19,AMZN,AMZN,0.523,-0.263,0.45,DIVERGING,,32,bridge_20260619_0534.csv,0.45,0.0,0.0,0.0,0.0,0.005670378290686617,0.031573548328949874,0.056660521593786095,0.063404829207941
2026-06-19,PLTR,PLTR,0.697,-0.499,0.673,DIVERGING,,32,bridge_20260619_0534.csv,0.635,0.0,0.0,0.908,0.423,-0.023430987880818543,-0.03179918871763865,0.12443510558315896,0.11012555365781895
2026-06-19,ORCL,ORCL,0.502,-0.248,0.409,DIVERGING,,32,bridge_20260619_0534.csv,0.45,0.0,0.0,0.33,0.371,-0.056606001376118154,-0.15599481213765276,-0.19118072147110832,-0.27176558656753325
2026-06-19,RKLB,RKLB,0.7,-0.169,0.595,DIVERGING,⚠ DILUTION,32,bridge_20260619_0534.csv,0.609,0.0,0.0,0.561,0.0,-0.0515504848115409,-0.02273405881427082,-0.16831186658015607,-0.3107986627221122
2026-06-19,MSFT,MSFT,0.7,-0.609,,DIVERGING,,32,bridge_20260619_0534.csv,0.0,0.0,0.0,0.0,0.0,0.01796702283800511,0.003348426521997183,0.05852888390684163,0.08278435227656855
2026-06-19,META,META,0.63,-0.797,0.456,DIVERGING,,32,bridge_20260619_0534.csv,0.45,0.0,0.0,0.484,0.433,-0.002926245367292357,-0.002216901754231726,0.09174433580519326,0.1418108103836735
2026-06-19,MSTR,MSTR,0.471,-0.721,,DIVERGING,,32,bridge_20260619_0534.csv,0.0,0.0,0.0,0.0,0.0,-0.05134298185262132,-0.15329799853503911,-0.11054265097136773,-0.06860955782061384
2026-06-20,IREN,IREN,1.0,0.574,0.436,ALIGNED,⚡,35,bridge_20260620_0558.csv,0.542,0.0,0.526,0.104,0.35,-0.03780548182806842,-0.19272022666291655,-0.2998945072181761,-0.2739581204321482
2026-06-20,AMD,AMD,1.0,0.625,0.493,ALIGNED,,35,bridge_20260620_0558.csv,0.52,0.0,0.0,0.428,0.0,-0.05761113249020289,-0.02200753139056766,-0.06439102154857557,-0.013052249049724574
2026-06-20,MU,MU,0.7,0.839,0.499,ALIGNED,,35,bridge_20260620_0558.csv,0.45,0.0,0.0,1.0,-0.166,-0.1317588143395868,-0.05456587361202503,-0.2252436707192702,-0.1984601746061998
2026-06-20,NBIS,NBIS,0.7,0.811,0.535,ALIGNED,,35,bridge_20260620_0558.csv,0.45,0.0,0.633,1.0,-0.149,-0.029477048705458975,-0.07919323230892861,-0.31176611359628603,-0.2351468235504769
2026-06-20,RDDT,RDDT,1.0,0.579,0.499,ALIGNED,,35,bridge_20260620_0558.csv,0.45,0.0,0.0,0.742,0.286,-0.028221060136673803,0.02317529272272867,0.17014785017953526,0.09035433980223373
2026-06-20,MRVL,MRVL,0.7,0.871,0.344,ALIGNED,,35,bridge_20260620_0558.csv,0.45,0.0,0.0,0.414,-0.231,-0.09361390071338282,-0.09780418717306916,-0.25063338657164946,-0.32433145392955487
2026-06-20,SIVE,SIVE.ST,0.49,0.745,0.45,ALIGNED,,35,bridge_20260620_0558.csv,0.45,0.0,0.0,0.0,0.0,-0.11743945821452784,-0.3392136585855071,-0.5292338487943172,-0.6641128959690492
2026-06-20,SPY,SPY,0.589,0.547,0.45,ALIGNED,,35,bridge_20260620_0558.csv,0.45,0.0,0.0,0.0,0.0,-0.014521954010491611,-0.004554083990552349,0.004460037425121577,0.005225774892043233
2026-06-20,QQQ,QQQ,0.663,0.475,0.45,ALIGNED,,35,bridge_20260620_0558.csv,0.45,0.0,0.0,0.0,0.0,-0.03292904314791367,-0.01879530440782251,-0.03864763067887689,-0.039271008909172456
2026-06-20,CRWV,CRWV,0.2,0.801,0.521,CONTRARIAN,,35,bridge_20260620_0558.csv,0.45,0.0,0.58,0.806,0.188,-0.05004941727920398,-0.14179170320318712,-0.24943842131245186,-0.284931250099832
2026-06-20,SNDK,SNDK,0.267,0.751,0.495,CONTRARIAN,,35,bridge_20260620_0558.csv,0.45,0.0,0.0,1.0,-0.198,-0.13639702495319006,-0.09822630207153338,-0.28852591773523983,-0.3009723942302096
2026-06-20,IWM,IWM,0.349,0.648,,ALIGNED,,35,bridge_20260620_0558.csv,0.0,0.0,0.0,0.0,0.0,-0.009591473008962903,0.0026494351208226075,-0.006673788594993901,-0.005499980451882824
2026-06-20,HUT,HUT,0.349,0.627,,ALIGNED,,35,bridge_20260620_0558.csv,0.0,0.0,0.0,0.0,0.0,-0.00437870766100501,-0.02288503182013435,-0.2007601030069105,-0.09963646288312822
2026-06-20,SOFI,SOFI,0.506,0.478,0.416,ALIGNED,,35,bridge_20260620_0558.csv,0.45,0.0,0.0,0.475,0.167,0.011111142094681448,0.06374269755976503,0.038011672750290604,0.03157888866270886
2026-06-20,TSM,TSM,0.147,0.719,,CONTRARIAN,,35,bridge_20260620_0558.csv,0.0,0.0,0.0,0.0,0.0,-0.06688476464427062,-0.026877941632580393,-0.07505293282811554,-0.09207352800015611
2026-06-20,EOS.AX,EOS.AX,0.305,0.602,0.45,ALIGNED,,35,bridge_20260620_0558.csv,0.45,0.0,0.0,0.0,0.0,-0.04970762353846625,-0.058479568039455754,-0.03411309684813435,-0.3284600669802824
2026-06-20,HOOD,HOOD,0.137,0.725,0.45,CONTRARIAN,,35,bridge_20260620_0558.csv,0.45,0.0,0.0,0.0,0.0,-0.02327120523865367,-0.03670416504608487,0.06801629461429415,0.006148912416123364
2026-06-20,INTC,INTC,0.281,0.69,0.273,CONTRARIAN,,35,bridge_20260620_0558.csv,0.49,0.0,0.0,0.072,-0.297,-0.061444611267902016,-0.06541791585775092,-0.21675892239648942,-0.2518093151581895
2026-06-20,HIMS,HIMS,0.208,0.605,0.45,CONTRARIAN,,35,bridge_20260620_0558.csv,0.45,0.0,0.0,0.0,0.0,-0.01729283885577282,-0.004472317286355887,0.07841375019761587,-0.02415030862196621
2026-06-20,PGY,PGY,0.39,0.446,0.45,ALIGNED,,35,bridge_20260620_0558.csv,0.45,0.0,0.0,0.0,0.0,-0.005964224763275183,0.10205427386391408,0.2153744179679571,0.15838299307363224
2026-06-20,AVGO,AVGO,0.917,0.0,0.45,TECH_WAIT,,35,bridge_20260620_0558.csv,0.45,0.0,0.0,0.0,0.0,-0.030551120386485997,-0.05018741853651976,-0.05444624445379043,-0.01435749576086387
2026-06-20,DRAM,DRAM,0.151,0.552,,CONTRARIAN,,35,bridge_20260620_0558.csv,0.0,0.0,0.0,0.0,0.0,-0.14246778773648572,-0.10877104368830182,-0.24938058428760623,-0.270936600790992
2026-06-20,NET,NET,0.296,0.397,0.45,ALIGNED,,35,bridge_20260620_0558.csv,0.45,0.0,0.0,0.0,0.0,0.030039369044404962,0.1162193839021246,0.23101923510133493,0.24695481028458288
2026-06-20,NVDA,NVDA,0.7,0.0,0.583,TECH_WAIT,,35,bridge_20260620_0558.csv,0.45,0.0,0.0,1.0,0.419,-0.04126528091164561,-0.06556430901487675,-0.056170628150210566,-0.006518095615312025
2026-06-20,ONDS,ONDS,0.581,-0.295,0.791,DIVERGING,⚡,35,bridge_20260620_0558.csv,0.582,0.0,0.924,1.0,1.0,-0.0404950052248263,-0.09786275050175175,-0.17322838911326632,-0.13835775572657805
2026-06-20,TSLA,TSLA,0.692,0.0,0.37,TECH_WAIT,,35,bridge_20260620_0558.csv,0.45,0.0,0.0,0.176,0.0,-0.05786940661108486,0.01676338414900136,-0.005307971759730745,-0.06448585583105382
2026-06-20,AAOI,AAOI,0.618,0.0,0.457,TECH_WAIT,,35,bridge_20260620_0558.csv,0.45,0.0,0.0,0.473,0.0,-0.13893589838072196,-0.1234012156237243,-0.3318343367586225,-0.3035098691119702
2026-06-20,AAPL,AAPL,0.495,0.154,,ALIGNED,,35,bridge_20260620_0558.csv,0.0,0.0,0.0,0.0,0.0,-0.00912434558954689,-0.05141247442569297,0.045958026489598014,0.10346446065235138
2026-06-20,ORCL,ORCL,0.502,-0.248,0.45,DIVERGING,,35,bridge_20260620_0558.csv,0.45,0.0,0.0,0.0,0.0,-0.056606001376118154,-0.15599481213765276,-0.19118072147110832,-0.27176558656753325
2026-06-20,PLTR,PLTR,0.697,-0.5,0.658,DIVERGING,,35,bridge_20260620_0558.csv,0.611,0.0,0.0,0.908,0.423,-0.023430987880818543,-0.03179918871763865,0.12443510558315896,0.11012555365781895
2026-06-20,AMZN,AMZN,0.555,-0.263,0.37,DIVERGING,,35,bridge_20260620_0558.csv,0.45,0.0,0.0,0.226,0.281,0.005670378290686617,0.031573548328949874,0.056660521593786095,0.063404829207941
2026-06-20,MSFT,MSFT,0.69,-0.632,0.522,DIVERGING,,35,bridge_20260620_0558.csv,0.592,0.0,0.0,0.378,0.48,0.01796702283800511,0.003348426521997183,0.05852888390684163,0.08278435227656855
2026-06-20,RKLB,RKLB,0.7,-0.169,0.577,DIVERGING,⚠ DILUTION,35,bridge_20260620_0558.csv,0.583,0.0,0.0,0.561,0.0,-0.0515504848115409,-0.02273405881427082,-0.16831186658015607,-0.3107986627221122
2026-06-20,META,META,0.599,-0.797,0.456,DIVERGING,,35,bridge_20260620_0558.csv,0.45,0.0,0.0,0.484,0.433,-0.002926245367292357,-0.002216901754231726,0.09174433580519326,0.1418108103836735
2026-06-20,MSTR,MSTR,0.471,-0.721,,DIVERGING,,35,bridge_20260620_0558.csv,0.0,0.0,0.0,0.0,0.0,-0.05134298185262132,-0.15329799853503911,-0.11054265097136773,-0.06860955782061384
2026-06-21,MRVL,MRVL,1.0,0.871,0.344,ALIGNED,,30,bridge_20260621_0533.csv,0.45,0.0,0.0,0.414,-0.231,-0.09361390071338282,-0.09780418717306916,-0.25063338657164946,-0.32433145392955487
2026-06-21,IREN,IREN,1.0,0.574,0.427,ALIGNED,⚡,30,bridge_20260621_0533.csv,0.522,0.0,0.526,0.104,0.35,-0.03780548182806842,-0.19272022666291655,-0.2998945072181761,-0.2739581204321482
2026-06-21,AMD,AMD,1.0,0.643,0.477,ALIGNED,,30,bridge_20260621_0533.csv,0.497,0.0,0.0,0.428,0.0,-0.05761113249020289,-0.02200753139056766,-0.06439102154857557,-0.013052249049724574
2026-06-21,RDDT,RDDT,1.0,0.579,0.499,ALIGNED,,30,bridge_20260621_0533.csv,0.45,0.0,0.0,0.742,0.286,-0.028221060136673803,0.02317529272272867,0.17014785017953526,0.09035433980223373
2026-06-21,SIVE,SIVE.ST,0.518,0.758,0.45,ALIGNED,,30,bridge_20260621_0533.csv,0.45,0.0,0.0,0.0,0.0,-0.11743945821452784,-0.3392136585855071,-0.5292338487943172,-0.6641128959690492
2026-06-21,NBIS,NBIS,0.3,0.811,0.535,CONTRARIAN,,30,bridge_20260621_0533.csv,0.45,0.0,0.633,1.0,-0.149,-0.029477048705458975,-0.07919323230892861,-0.31176611359628603,-0.2351468235504769
2026-06-21,OUST,OUST,0.213,0.887,0.451,CONTRARIAN,,30,bridge_20260621_0533.csv,0.45,0.0,0.0,0.453,0.0,-0.052852358255755294,0.13401844271705654,-0.07592279590425688,-0.14681207959724218
2026-06-21,MU,MU,0.2,0.839,0.499,CONTRARIAN,,30,bridge_20260621_0533.csv,0.45,0.0,0.0,1.0,-0.166,-0.1317588143395868,-0.05456587361202503,-0.2252436707192702,-0.1984601746061998
2026-06-21,CRWV,CRWV,0.2,0.812,0.521,CONTRARIAN,,30,bridge_20260621_0533.csv,0.45,0.0,0.58,0.806,0.188,-0.05004941727920398,-0.14179170320318712,-0.24943842131245186,-0.284931250099832
2026-06-21,SNDK,SNDK,0.285,0.751,0.495,CONTRARIAN,,30,bridge_20260621_0533.csv,0.45,0.0,0.0,1.0,-0.198,-0.13639702495319006,-0.09822630207153338,-0.28852591773523983,-0.3009723942302096
2026-06-21,QQQ,QQQ,0.663,0.475,0.45,ALIGNED,,30,bridge_20260621_0533.csv,0.45,0.0,0.0,0.0,0.0,-0.03292904314791367,-0.01879530440782251,-0.03864763067887689,-0.039271008909172456
2026-06-21,TSM,TSM,0.147,0.719,0.584,CONTRARIAN,,30,bridge_20260621_0533.csv,0.59,0.0,0.0,0.57,0.0,-0.06688476464427062,-0.026877941632580393,-0.07505293282811554,-0.09207352800015611
2026-06-21,SOFI,SOFI,0.506,0.478,0.45,ALIGNED,,30,bridge_20260621_0533.csv,0.45,0.0,0.0,0.0,0.0,0.011111142094681448,0.06374269755976503,0.038011672750290604,0.03157888866270886
2026-06-21,INTC,INTC,0.294,0.69,0.334,CONTRARIAN,,30,bridge_20260621_0533.csv,0.59,0.0,0.0,0.072,-0.297,-0.061444611267902016,-0.06541791585775092,-0.21675892239648942,-0.2518093151581895
2026-06-21,DOCN,DOCN,0.341,0.597,0.445,ALIGNED,,30,bridge_20260621_0533.csv,0.0,0.0,0.518,0.345,0.0,-0.054499594068861845,-0.09853226865711373,-0.17564973076370582,-0.1791987942766693
2026-06-21,HOOD,HOOD,0.167,0.738,0.422,CONTRARIAN,,30,bridge_20260621_0533.csv,0.45,0.0,0.0,0.355,0.0,-0.02327120523865367,-0.03670416504608487,0.06801629461429415,0.006148912416123364
2026-06-21,ALAB,ALAB,0.193,0.682,0.401,CONTRARIAN,,30,bridge_20260621_0533.csv,0.0,0.0,0.0,0.866,-0.413,-0.09698406562632766,0.03707407464222223,-0.12912247768914897,-0.2726424830977139
2026-06-21,HIMS,HIMS,0.219,0.623,0.45,CONTRARIAN,,30,bridge_20260621_0533.csv,0.45,0.0,0.0,0.0,0.0,-0.01729283885577282,-0.004472317286355887,0.07841375019761587,-0.02415030862196621
2026-06-21,AVGO,AVGO,0.917,0.0,0.472,TECH_WAIT,,30,bridge_20260621_0533.csv,0.45,0.0,0.0,0.64,0.273,-0.030551120386485997,-0.05018741853651976,-0.05444624445379043,-0.01435749576086387
2026-06-21,DRAM,DRAM,0.165,0.552,,CONTRARIAN,,30,bridge_20260621_0533.csv,0.0,0.0,0.0,0.0,0.0,-0.14246778773648572,-0.10877104368830182,-0.24938058428760623,-0.270936600790992
2026-06-21,NVDA,NVDA,0.7,0.0,0.583,TECH_WAIT,,30,bridge_20260621_0533.csv,0.45,0.0,0.0,1.0,0.419,-0.04126528091164561,-0.06556430901487675,-0.056170628150210566,-0.006518095615312025
2026-06-21,ONDS,ONDS,0.602,-0.337,0.792,DIVERGING,⚡,30,bridge_20260621_0533.csv,0.584,0.0,0.924,1.0,1.0,-0.0404950052248263,-0.09786275050175175,-0.17322838911326632,-0.13835775572657805
2026-06-21,TSLA,TSLA,0.692,0.0,0.37,TECH_WAIT,,30,bridge_20260621_0533.csv,0.45,0.0,0.0,0.176,0.0,-0.05786940661108486,0.01676338414900136,-0.005307971759730745,-0.06448585583105382
2026-06-21,AAOI,AAOI,0.639,0.0,0.457,TECH_WAIT,,30,bridge_20260621_0533.csv,0.45,0.0,0.0,0.473,0.0,-0.13893589838072196,-0.1234012156237243,-0.3318343367586225,-0.3035098691119702
2026-06-21,MSFT,MSFT,0.7,-0.609,0.516,DIVERGING,⚡,30,bridge_20260621_0533.csv,0.582,0.0,0.0,0.378,0.48,0.01796702283800511,0.003348426521997183,0.05852888390684163,0.08278435227656855
2026-06-21,ORCL,ORCL,0.502,-0.248,0.45,DIVERGING,,30,bridge_20260621_0533.csv,0.45,0.0,0.0,0.0,0.0,-0.056606001376118154,-0.15599481213765276,-0.19118072147110832,-0.27176558656753325
2026-06-21,AMZN,AMZN,0.555,-0.263,0.37,DIVERGING,,30,bridge_20260621_0533.csv,0.45,0.0,0.0,0.226,0.281,0.005670378290686617,0.031573548328949874,0.056660521593786095,0.063404829207941
2026-06-21,PLTR,PLTR,0.697,-0.5,0.644,DIVERGING,,30,bridge_20260621_0533.csv,0.588,0.0,0.0,0.908,0.423,-0.023430987880818543,-0.03179918871763865,0.12443510558315896,0.11012555365781895
2026-06-21,RKLB,RKLB,0.7,0.0,0.562,TECH_WAIT,⚠ DILUTION,30,bridge_20260621_0533.csv,0.562,0.0,0.0,0.561,0.0,-0.0515504848115409,-0.02273405881427082,-0.16831186658015607,-0.3107986627221122
2026-06-21,META,META,0.634,-0.797,0.456,DIVERGING,,30,bridge_20260621_0533.csv,0.45,0.0,0.0,0.484,0.433,-0.002926245367292357,-0.002216901754231726,0.09174433580519326,0.1418108103836735
2026-06-22,AMD,AMD,1.0,0.625,0.485,ALIGNED,⚡,31,bridge_20260622_0644.csv,0.508,0.0,0.0,0.428,0.0,-0.05761113249020289,-0.02200753139056766,-0.06439102154857557,-0.013052249049724574
2026-06-22,MRVL,MRVL,1.0,0.871,0.344,ALIGNED,,31,bridge_20260622_0644.csv,0.45,0.0,0.0,0.414,-0.231,-0.09361390071338282,-0.09780418717306916,-0.25063338657164946,-0.32433145392955487
2026-06-22,IREN,IREN,1.0,0.574,0.418,ALIGNED,⚡,31,bridge_20260622_0644.csv,0.502,0.0,0.526,0.104,0.35,-0.03780548182806842,-0.19272022666291655,-0.2998945072181761,-0.2739581204321482
2026-06-22,RDDT,RDDT,1.0,0.579,0.499,ALIGNED,,31,bridge_20260622_0644.csv,0.45,0.0,0.0,0.742,0.286,-0.028221060136673803,0.02317529272272867,0.17014785017953526,0.09035433980223373
2026-06-22,NBIS,NBIS,0.3,0.811,0.549,CONTRARIAN,⚡,31,bridge_20260622_0644.csv,0.48,0.0,0.633,1.0,-0.149,-0.029477048705458975,-0.07919323230892861,-0.31176611359628603,-0.2351468235504769
2026-06-22,SIVE,SIVE.ST,0.518,0.789,0.45,ALIGNED,,31,bridge_20260622_0644.csv,0.45,0.0,0.0,0.0,0.0,-0.11743945821452784,-0.3392136585855071,-0.5292338487943172,-0.6641128959690492
2026-06-22,QCOM,QCOM,0.65,0.659,0.45,ALIGNED,,31,bridge_20260622_0644.csv,0.45,0.0,0.0,0.0,0.0,-0.08008107031296952,-0.14952678498612126,-0.17543935893005014,-0.218116247083192
2026-06-22,SOFI,SOFI,0.541,0.478,0.452,ALIGNED,⚡,31,bridge_20260622_0644.csv,0.51,0.0,0.0,0.475,0.167,0.011111142094681448,0.06374269755976503,0.038011672750290604,0.03157888866270886
2026-06-22,SPY,SPY,0.717,0.547,0.45,ALIGNED,,31,bridge_20260622_0644.csv,0.45,0.0,0.0,0.0,0.0,-0.014521954010491611,-0.004554083990552349,0.004460037425121577,0.005225774892043233
2026-06-22,DELL,DELL,0.578,0.625,0.45,ALIGNED,,31,bridge_20260622_0644.csv,0.45,0.0,0.0,0.0,0.0,0.02166181157736946,-0.009791968756109659,-0.0034152563643380374,-0.03317845523036278
2026-06-22,OUST,OUST,0.213,0.887,0.458,CONTRARIAN,,31,bridge_20260622_0644.csv,0.458,0.0,0.0,0.0,0.0,-0.052852358255755294,0.13401844271705654,-0.07592279590425688,-0.14681207959724218
2026-06-22,HIMS,HIMS,0.219,0.623,0.459,CONTRARIAN,⚡,31,bridge_20260622_0644.csv,0.526,0.0,0.939,0.038,-0.23,-0.01729283885577282,-0.004472317286355887,0.07841375019761587,-0.02415030862196621
2026-06-22,MU,MU,0.2,0.839,0.499,CONTRARIAN,,31,bridge_20260622_0644.csv,0.45,0.0,0.0,1.0,-0.166,-0.1317588143395868,-0.05456587361202503,-0.2252436707192702,-0.1984601746061998
2026-06-22,CRWV,CRWV,0.2,0.812,0.521,CONTRARIAN,,31,bridge_20260622_0644.csv,0.45,0.0,0.58,0.806,0.188,-0.05004941727920398,-0.14179170320318712,-0.24943842131245186,-0.284931250099832
2026-06-22,QQQ,QQQ,0.663,0.475,0.45,ALIGNED,,31,bridge_20260622_0644.csv,0.45,0.0,0.0,0.0,0.0,-0.03292904314791367,-0.01879530440782251,-0.03864763067887689,-0.039271008909172456
2026-06-22,SNDK,SNDK,0.271,0.751,0.495,CONTRARIAN,,31,bridge_20260622_0644.csv,0.45,0.0,0.0,1.0,-0.198,-0.13639702495319006,-0.09822630207153338,-0.28852591773523983,-0.3009723942302096
2026-06-22,TSM,TSM,0.147,0.719,0.569,CONTRARIAN,,31,bridge_20260622_0644.csv,0.568,0.0,0.0,0.57,0.0,-0.06688476464427062,-0.026877941632580393,-0.07505293282811554,-0.09207352800015611
2026-06-22,INTC,INTC,0.294,0.69,0.336,CONTRARIAN,,31,bridge_20260622_0644.csv,0.594,0.0,0.0,0.072,-0.297,-0.061444611267902016,-0.06541791585775092,-0.21675892239648942,-0.2518093151581895
2026-06-22,TSLA,TSLA,0.692,0.0,0.474,TECH_WAIT,⚡,31,bridge_20260622_0644.csv,0.596,0.0,0.0,0.176,0.0,-0.05786940661108486,0.01676338414900136,-0.005307971759730745,-0.06448585583105382
2026-06-22,AVGO,AVGO,0.917,0.0,0.472,TECH_WAIT,,31,bridge_20260622_0644.csv,0.45,0.0,0.0,0.64,0.273,-0.030551120386485997,-0.05018741853651976,-0.05444624445379043,-0.01435749576086387
2026-06-22,DRAM,DRAM,0.165,0.552,,CONTRARIAN,,31,bridge_20260622_0644.csv,0.0,0.0,0.0,0.0,0.0,-0.14246778773648572,-0.10877104368830182,-0.24938058428760623,-0.270936600790992
2026-06-22,NVDA,NVDA,0.7,0.0,0.583,TECH_WAIT,,31,bridge_20260622_0644.csv,0.45,0.0,0.0,1.0,0.419,-0.04126528091164561,-0.06556430901487675,-0.056170628150210566,-0.006518095615312025
2026-06-22,ONDS,ONDS,0.602,-0.337,0.782,DIVERGING,⚡,31,bridge_20260622_0644.csv,0.562,0.0,0.924,1.0,1.0,-0.0404950052248263,-0.09786275050175175,-0.17322838911326632,-0.13835775572657805
2026-06-22,GOOGL,GOOGL,0.455,0.0,,TECH_WAIT,,31,bridge_20260622_0644.csv,0.0,0.0,0.0,0.0,0.0,-0.01015210440209613,0.011353240974195655,0.04961681098981918,-0.007235183116818034
2026-06-22,ORCL,ORCL,0.502,-0.182,0.45,DIVERGING,,31,bridge_20260622_0644.csv,0.45,0.0,0.0,0.0,0.0,-0.056606001376118154,-0.15599481213765276,-0.19118072147110832,-0.27176558656753325
2026-06-22,PLTR,PLTR,0.697,-0.5,0.45,DIVERGING,,31,bridge_20260622_0644.csv,0.45,0.0,0.0,0.0,0.0,-0.023430987880818543,-0.03179918871763865,0.12443510558315896,0.11012555365781895
2026-06-22,MSFT,MSFT,0.7,-0.609,0.415,DIVERGING,,31,bridge_20260622_0644.csv,0.0,0.0,0.0,0.378,0.48,0.01796702283800511,0.003348426521997183,0.05852888390684163,0.08278435227656855
2026-06-22,BTC,BTC,0.485,-0.519,0.45,DIVERGING,,31,bridge_20260622_0644.csv,0.45,0.0,0.0,0.0,0.0,-0.03230337398459471,-0.06285108978053566,-0.009129221666462795,0.031601110709133184
2026-06-22,RKLB,RKLB,0.7,0.0,0.544,TECH_WAIT,⚠ DILUTION,31,bridge_20260622_0644.csv,0.537,0.0,0.0,0.561,0.0,-0.0515504848115409,-0.02273405881427082,-0.16831186658015607,-0.3107986627221122
2026-06-22,HOOD,HOOD,0.167,0.725,0.422,CONTRARIAN,⚠ DILUTION,31,bridge_20260622_0644.csv,0.45,0.0,0.0,0.355,0.0,-0.02327120523865367,-0.03670416504608487,0.06801629461429415,0.006148912416123364
2026-06-22,META,META,0.634,-0.797,0.456,DIVERGING,,31,bridge_20260622_0644.csv,0.45,0.0,0.0,0.484,0.433,-0.002926245367292357,-0.002216901754231726,0.09174433580519326,0.1418108103836735
2026-06-23,SNDK,SNDK,1.0,0.751,0.49,ALIGNED,,35,bridge_20260623_0534.csv,0.45,0.0,0.0,1.0,-0.23,-0.025025471205648242,0.1579395033299844,-0.12040126543821761,-0.18554184181326017
2026-06-23,MRVL,MRVL,0.85,0.868,0.345,ALIGNED,,35,bridge_20260623_0534.csv,0.45,0.0,0.0,0.414,-0.224,-0.008385871286972768,0.06755298573686441,-0.16961725911158643,-0.24368532668338783
2026-06-23,ARM,ARM,0.575,0.984,0.3,ALIGNED,,35,bridge_20260623_0534.csv,0.45,0.0,0.0,0.29,-0.317,-0.019951493719571167,-0.03226072450571671,-0.1805453799758585,-0.22650732125324047
2026-06-23,AMD,AMD,0.85,0.728,0.364,ALIGNED,,35,bridge_20260623_0534.csv,0.45,0.0,0.0,0.428,-0.116,-0.00021157133159144248,0.11745695955794044,-0.00469366654996195,0.06247964418445351
2026-06-23,DELL,DELL,0.488,0.808,0.479,ALIGNED,,35,bridge_20260623_0534.csv,0.45,0.0,0.0,0.735,0.156,0.01468040361945544,0.008602530874916026,0.009794724592818493,0.03448043749021923
2026-06-23,UNH,UNH,0.405,0.774,,ALIGNED,,35,bridge_20260623_0534.csv,0.0,0.0,0.0,0.0,0.0,-0.008430084806429483,0.015589504906078133,0.03995114502997099,0.053903476013668294
2026-06-23,FLNC,FLNC,0.46,0.723,,ALIGNED,,35,bridge_20260623_0534.csv,0.0,0.0,0.0,0.0,0.0,-0.06883541478045074,-0.0627062697366978,-0.27675620864038863,-0.3088165733045999
2026-06-23,CRWV,CRWV,0.85,0.41,0.529,ALIGNED,,35,bridge_20260623_0534.csv,0.45,0.0,0.58,0.806,0.26,-0.045781346116153254,-0.05845630187115014,-0.14869467498288946,-0.21831253844646126
2026-06-23,QCOM,QCOM,0.538,0.683,0.45,ALIGNED,,35,bridge_20260623_0534.csv,0.45,0.0,0.0,0.0,0.0,-0.03292020310566768,-0.09474360032363915,-0.0860726346149131,-0.13961690745249022
2026-06-23,NBIS,NBIS,0.2,0.853,0.536,CONTRARIAN,,35,bridge_20260623_0534.csv,0.45,0.0,0.633,1.0,-0.139,-0.0566394054055972,0.0033424647692439358,-0.21351500189813233,-0.20741143083702318
2026-06-23,VPG,VPG,0.402,0.694,0.45,ALIGNED,,35,bridge_20260623_0534.csv,0.45,0.0,0.0,0.0,0.0,-0.005813511142146011,0.117313898099219,-0.19542372794614782,-0.1784303133243451
2026-06-23,OUST,OUST,0.145,0.884,0.451,CONTRARIAN,,35,bridge_20260623_0534.csv,0.45,0.0,0.0,0.453,0.0,-0.09853854689936326,0.38441099798512024,-0.03875110730542408,-0.13950396940538445
2026-06-23,QQQ,QQQ,0.663,0.474,0.45,ALIGNED,,35,bridge_20260623_0534.csv,0.45,0.0,0.0,0.0,0.0,-0.00424581964999271,0.031878370660294975,-0.0030967867961201323,-0.011630419034791895
2026-06-23,RDDT,RDDT,0.85,0.283,0.504,ALIGNED,,35,bridge_20260623_0534.csv,0.45,0.0,0.0,0.742,0.32,-0.029644409330201515,0.04799853114698038,0.17919454084892772,0.028678378675172755
2026-06-23,NOK,NOK,0.919,0.292,0.332,ALIGNED,,35,bridge_20260623_0534.csv,0.45,0.0,0.0,0.044,0.0,0.00802924174328612,-0.030656940302284164,-0.12773722805576226,-0.24963504554073368
2026-06-23,MU,MU,0.2,0.761,0.492,CONTRARIAN,,35,bridge_20260623_0534.csv,0.45,0.0,0.0,1.0,-0.219,-0.00309955860716038,0.09747381678569678,-0.09776291313470176,-0.0876070471950805
2026-06-23,SPY,SPY,0.663,0.399,0.45,ALIGNED,,35,bridge_20260623_0534.csv,0.45,0.0,0.0,0.0,0.0,-0.0004635170636431152,0.017980318621180214,0.016112771679781313,0.018852689185225868
2026-06-23,CRDO,CRDO,0.139,0.771,0.45,CONTRARIAN,,35,bridge_20260623_0534.csv,0.45,0.0,0.0,0.0,0.0,-0.011084408721583783,-0.000202175234992219,-0.048951314139027424,-0.16078748488173533
2026-06-23,ALAB,ALAB,0.125,0.717,,CONTRARIAN,,35,bridge_20260623_0534.csv,0.0,0.0,0.0,0.0,0.0,0.0073044796088659325,0.2166137786000455,-0.009722395492357871,-0.16655332685962798
2026-06-23,INTC,INTC,0.199,0.738,0.244,CONTRARIAN,,35,bridge_20260623_0534.csv,0.45,0.0,0.0,0.072,-0.332,-0.004762661692064518,0.05556400190008137,-0.1666162769800148,-0.22422132073195122
2026-06-23,DRAM,DRAM,0.187,0.646,,CONTRARIAN,,35,bridge_20260623_0534.csv,0.0,0.0,0.0,0.0,0.0,0.010257137705168118,0.06688814174757884,-0.10372724904009833,-0.16541462815685204
2026-06-23,SIVE,SIVE.ST,0.485,0.399,0.45,ALIGNED,,35,bridge_20260623_0534.csv,0.45,0.0,0.0,0.0,0.0,-0.03026843442041094,-0.2786978946357559,-0.5289548801718884,-0.5319246360504435
2026-06-23,TSLA,TSLA,0.669,0.0,0.472,TECH_WAIT,⚡,35,bridge_20260623_0534.csv,0.594,0.0,0.0,0.176,0.0,-0.0159324619523894,0.10217243323974645,0.03262496445306984,-0.019915557447837573
2026-06-23,AAOI,AAOI,0.993,0.0,0.375,TECH_WAIT,,35,bridge_20260623_0534.csv,0.45,0.0,0.0,0.473,-0.116,-0.0031877456112353597,0.0048833505750196515,-0.22381985521951175,-0.2504069803784229
2026-06-23,NVDA,NVDA,0.85,0.0,0.585,TECH_WAIT,,35,bridge_20260623_0534.csv,0.45,0.0,0.0,1.0,0.433,-0.00519892681982459,0.0002499652741254632,0.020395930653820615,0.060088005778263565
2026-06-23,SOFI,SOFI,0.669,0.155,0.504,ALIGNED,,35,bridge_20260623_0534.csv,0.582,0.0,0.0,0.475,0.222,0.0011566540980967321,0.037015578702120466,0.02544815520014465,-0.012724187915198581
2026-06-23,AAPL,AAPL,0.598,0.22,0.3,ALIGNED,,35,bridge_20260623_0534.csv,0.0,0.0,0.0,0.3,0.0,-0.004145434153267291,-0.016785601924256266,0.0648658771569437,0.10733954524555189
2026-06-23,LITE,LITE,0.673,0.0,0.509,TECH_WAIT,,35,bridge_20260623_0534.csv,0.45,0.0,0.0,0.805,0.243,0.017646688917163367,0.03640450196949563,-0.14593198596262147,0.0021500016108055853
2026-06-23,AVGO,AVGO,0.765,-0.195,0.481,DIVERGING,,35,bridge_20260623_0534.csv,0.45,0.0,0.0,0.64,0.336,0.005050673309381137,-0.0063132814284297956,0.022464839358243838,0.04382481633459112
2026-06-23,PL,PL,0.436,-0.354,0.45,DIVERGING,,35,bridge_20260623_0534.csv,0.45,0.0,0.0,0.0,0.0,-0.07816338576636606,0.16123379848437658,-0.027339665891091824,-0.20785139020173704
2026-06-23,PLTR,PLTR,0.7,-0.709,0.631,DIVERGING,,35,bridge_20260623_0534.csv,0.541,0.0,0.0,0.908,0.529,-0.02742071149891656,-0.00025705895528149725,0.13299061421007785,0.0674379001918266
2026-06-23,INFQ,INFQ,0.317,-0.188,,DIVERGING,,35,bridge_20260623_0534.csv,0.0,0.0,0.0,0.0,0.0,-0.11654133159345537,-0.16541355495067211,-0.27882204252060905,-0.3583960058494414
2026-06-23,HOOD,HOOD,0.779,0.825,0.422,ALIGNED,⚠ DILUTION,35,bridge_20260623_0534.csv,0.45,0.0,0.0,0.355,0.0,-0.0586924703011501,-0.028765144994703395,0.09956415282611975,0.011912865442456066
2026-06-23,HIMS,HIMS,0.219,0.674,0.455,CONTRARIAN,⚠ DILUTION,35,bridge_20260623_0534.csv,0.506,0.0,0.939,0.038,-0.185,-0.007888298809319072,0.0518810416253388,0.09435681725539458,-0.03883491549912932
2026-06-23,AMZN,AMZN,0.52,-0.716,0.379,DIVERGING,,35,bridge_20260623_0534.csv,0.45,0.0,0.0,0.226,0.345,0.0006834550497296643,0.018068411073901114,0.04062190629209472,0.04587589366179845
2026-07-19,AAPL,AAPL,0.85,0.896,0.545,ALIGNED,,50,bridge_20260719_1808.csv,0.646,0.0,0.0,0.3,0.0,0.0035212159263280363,0.03159927566655063,,
2026-07-19,CRWD,CRWD,0.456,0.983,0.392,ALIGNED,,50,bridge_20260719_1808.csv,0.45,0.0,0.0,0.251,0.0,-0.036979250307555,-0.09259914541866188,,
2026-07-19,SNOW,SNOW,0.323,0.691,0.519,ALIGNED,⚡,50,bridge_20260719_1808.csv,0.6,0.0,0.0,0.323,0.0,-0.009513688803683973,-0.005175996679708805,,
2026-07-19,PLTR,PLTR,0.85,0.161,0.629,ALIGNED,⚡,50,bridge_20260719_1808.csv,0.572,0.0,0.0,0.908,0.383,-0.01624028433283964,-0.02462000128995323,,
2026-07-19,ZETA,ZETA,0.464,0.755,0.46,ALIGNED,,50,bridge_20260719_1808.csv,0.45,0.0,0.533,0.461,0.323,-0.007029035494738878,-0.02811623135799113,,
2026-07-19,AMZN,AMZN,0.674,0.575,0.368,ALIGNED,,50,bridge_20260719_1808.csv,0.45,0.0,0.0,0.226,0.271,-0.009760399967161826,-0.074402998899187,,
2026-07-19,NET,NET,0.331,0.804,0.413,ALIGNED,,50,bridge_20260719_1808.csv,0.45,0.0,0.0,0.323,0.0,-0.0004038465006896974,-0.024998266428682858,,
2026-07-19,ABCL,ABCL,0.56,0.474,0.572,ALIGNED,,50,bridge_20260719_1808.csv,0.45,0.0,0.64,0.746,0.624,0.029310274804533742,-0.0948276159737812,,
2026-07-19,AIR,AIR,0.322,0.672,0.397,ALIGNED,,50,bridge_20260719_1808.csv,0.45,0.0,0.0,0.268,0.0,0.042081150802129486,0.009064748363242225,,
2026-07-19,ADBE,ADBE,0.705,0.374,0.362,ALIGNED,,50,bridge_20260719_1808.csv,0.45,0.0,0.0,0.27,0.148,-0.03229105245665265,0.012822673751379687,,
2026-07-19,UNH,UNH,0.334,0.706,0.051,ALIGNED,,50,bridge_20260719_1808.csv,0.0,0.0,0.0,0.02,0.107,0.03510857250413557,-0.009275230121585265,,
2026-07-19,DUOL,DUOL,0.353,0.5,0.428,ALIGNED,,50,bridge_20260719_1808.csv,0.0,0.0,0.657,0.451,-0.154,-0.06856374895080863,-0.007991575698762854,,
2026-07-19,MSFT,MSFT,0.85,0.0,0.392,TECH_WAIT,,50,bridge_20260719_1808.csv,0.0,0.0,0.0,0.378,0.417,-0.011285412136739392,-0.03278729812135861,,
2026-07-19,IGV,IGV,0.349,0.396,,ALIGNED,,50,bridge_20260719_1808.csv,0.0,0.0,0.0,0.0,0.0,-0.012475840183144848,-0.022262848140345404,,
2026-07-19,ZS,ZS,0.292,0.455,0.262,ALIGNED,,50,bridge_20260719_1808.csv,0.0,0.0,0.0,0.249,0.286,-0.0073421842860756925,-0.016820211916072747,,
2026-07-19,GEV,GEV,0.254,0.37,0.235,ALIGNED,,50,bridge_20260719_1808.csv,0.0,0.0,0.0,0.281,0.155,-0.0003428483652150316,-0.07654890034582329,,
2026-07-19,AEHR,AEHR,0.538,0.0,0.414,TECH_WAIT,,50,bridge_20260719_1808.csv,0.45,0.0,0.0,0.325,0.419,0.2785677725146527,0.0015512247367532872,,
2026-07-19,QQQ,QQQ,0.7,-0.153,0.45,DIVERGING,,50,bridge_20260719_1808.csv,0.45,0.0,0.0,0.0,0.0,0.018547213156642428,-0.02002701274358576,,
2026-07-19,CRM,CRM,0.538,0.0,0.302,TECH_WAIT,,50,bridge_20260719_1808.csv,0.0,0.0,0.0,0.226,0.436,-0.02146266109463446,-0.0010931997810966765,,
2026-07-19,ETH,ETH,0.273,0.219,,ALIGNED,,50,bridge_20260719_1808.csv,0.0,0.0,0.0,0.0,0.0,0.013266985577323531,0.025981166909346598,,
2026-07-19,ZM,ZM,0.399,0.0,0.264,TECH_WAIT,,50,bridge_20260719_1808.csv,0.0,0.0,0.0,0.265,0.262,-0.012539951304810226,0.0034099389077788533,,
2026-07-19,VPG,VPG,0.457,-0.182,0.372,DIVERGING,,50,bridge_20260719_1808.csv,0.45,0.0,0.0,0.183,0.0,0.09635261522532201,-0.0022430598291399706,,
2026-07-19,KO,KO,0.0,0.221,0.259,CONTRARIAN,,50,bridge_20260719_1808.csv,0.0,0.0,0.0,0.259,0.0,-0.0018266137464925114,0.023745699988098723,,
2026-07-19,AMC,AMC,0.514,-0.304,0.411,DIVERGING,,50,bridge_20260719_1808.csv,0.554,0.0,0.0,0.209,0.156,-0.10569105139490376,0.020325183553227655,,
2026-07-19,EOS.AX,EOS.AX,0.375,-0.466,0.434,DIVERGING,,50,bridge_20260719_1808.csv,0.45,0.0,0.0,0.072,0.997,0.03918722585755763,0.08127720662281845,-0.01886787229650111,
2026-07-19,DJT,DJT,-0.148,0.472,0.061,CONTRARIAN,⚠ DILUTION,50,bridge_20260719_1808.csv,0.0,0.0,0.0,0.061,0.0,0.008213544721353827,-0.018480426666457772,,
2026-07-19,SIVE,SIVE.ST,0.485,-0.637,0.45,DIVERGING,,50,bridge_20260719_1808.csv,0.45,0.0,0.0,0.0,0.0,0.2298919543088105,-0.07863142124493305,,
2026-07-19,ALB,ALB,0.476,-0.692,0.505,DIVERGING,⚡,50,bridge_20260719_1808.csv,0.554,0.0,0.0,0.316,0.626,0.003553348639456777,-0.017089650551775692,,
2026-07-19,MSTR,MSTR,0.537,-0.737,0.439,DIVERGING,,50,bridge_20260719_1808.csv,0.0,0.0,0.0,0.118,1.0,0.04222037687898794,0.008484991143366427,,
2026-07-19,OUST,OUST,-0.43,0.0,0.433,NEUTRAL,⚠ DILUTION,50,bridge_20260719_1808.csv,0.45,0.0,0.0,0.453,0.323,0.16997410899062815,0.010641326632544024,,
2026-07-19,CEG,CEG,0.289,-0.76,0.551,DIVERGING,,50,bridge_20260719_1808.csv,0.0,0.0,0.0,0.627,0.418,0.03439842690612682,0.06508875739644981,,
2026-07-19,NFLX,NFLX,0.313,-0.767,0.49,DIVERGING,⚡,50,bridge_20260719_1808.csv,0.596,0.0,0.0,0.274,0.42,0.015828398209710715,0.04142016442248475,,
2026-07-19,NTLA,NTLA,0.0,-0.64,0.663,NEUTRAL,⚡,50,bridge_20260719_1808.csv,0.396,0.0,1.0,0.0,1.0,0.05036631748097231,-0.022893772733822648,,
2026-07-19,QUBT,QUBT,-0.227,-0.735,0.77,NEUTRAL,⚡,50,bridge_20260719_1808.csv,0.538,0.0,0.919,1.0,1.0,0.03787881159658335,0.005050500185316276,,
2026-07-19,DNN,DNN,-0.312,-0.668,0.729,NEUTRAL,,50,bridge_20260719_1808.csv,0.0,0.0,0.0,0.0,0.729,0.0565371343265475,0.031802174916679915,,
2026-07-19,RDW,RDW,-0.421,-0.533,0.585,NEUTRAL,⚡,50,bridge_20260719_1808.csv,0.532,0.0,0.652,0.522,0.76,0.09534879749436498,0.02674413163188971,,
2026-07-19,LUNR,LUNR,-0.38,-0.643,0.664,NEUTRAL,⚡,50,bridge_20260719_1808.csv,0.4,0.0,0.774,0.963,1.0,0.0585683603821483,-0.03759938589717726,,
2026-07-19,ASTS,ASTS,-0.5,-0.598,0.698,NEUTRAL,,50,bridge_20260719_1808.csv,0.651,0.0,0.668,1.0,0.442,0.1031000030028617,0.015151563467874718,,
2026-07-19,NNE,NNE,-0.277,-0.861,0.89,NEUTRAL,,50,bridge_20260719_1808.csv,0.0,0.0,0.843,0.0,1.0,0.05423518573577524,0.023156677126670466,,
2026-07-19,UUUU,UUUU,-0.337,-0.716,0.643,NEUTRAL,⚡,50,bridge_20260719_1808.csv,0.514,0.0,0.601,0.808,1.0,0.05195916714174387,-0.0025553435737702968,,
2026-07-19,BKSY,BKSY,-0.293,-0.744,0.625,NEUTRAL,⚡,50,bridge_20260719_1808.csv,0.546,0.0,0.683,0.0,0.825,0.08005489254978815,0.0096065452245786,,
2026-07-19,UEC,UEC,-0.313,-0.903,0.943,NEUTRAL,,50,bridge_20260719_1808.csv,0.0,0.0,0.0,0.0,0.943,0.015957508328925174,0.0542553456998518,,
2026-07-19,QBTS,QBTS,-0.387,-0.772,0.726,NEUTRAL,,50,bridge_20260719_1808.csv,0.0,0.0,0.611,0.0,1.0,0.06459329952504511,0.16686609031729627,,
2026-07-19,RGTI,RGTI,-0.335,-0.786,0.634,NEUTRAL,,50,bridge_20260719_1808.csv,0.45,0.0,0.568,0.963,1.0,0.07228068301552226,0.09754388374194756,,
2026-07-19,SMR,SMR,-0.408,-0.857,0.777,NEUTRAL,,50,bridge_20260719_1808.csv,0.0,0.0,0.718,0.0,0.917,0.09422110507609927,0.07286431167418361,,
2026-07-19,CCJ,CCJ,-0.257,-0.776,0.301,NEUTRAL,,50,bridge_20260719_1808.csv,0.0,0.0,0.0,0.163,0.544,0.04513850206164505,0.05303476819003694,,
2026-07-19,RKLB,RKLB,-0.5,-0.691,0.512,NEUTRAL,,50,bridge_20260719_1808.csv,0.45,0.0,0.0,0.561,0.691,0.05141473977253175,0.018253797028156882,,
2026-07-19,LEU,LEU,-0.405,-0.784,0.443,NEUTRAL,⚡,50,bridge_20260719_1808.csv,0.37,0.0,0.707,0.116,0.696,0.09495495978944657,0.12526374074010826,,
2026-07-19,OKLO,OKLO,-0.442,-0.883,0.666,NEUTRAL,,50,bridge_20260719_1808.csv,0.0,0.0,0.526,0.0,1.0,0.06311738984636173,0.0072272479857506955,,
2026-07-19,IONQ,IONQ,-0.495,-0.863,0.664,NEUTRAL,,50,bridge_20260719_1808.csv,0.45,0.0,0.0,1.0,0.987,0.03709102163581646,0.04906531565782757,,
2026-07-20,AAPL,AAPL,0.85,0.896,0.539,ALIGNED,,32,bridge_20260720_0536.csv,0.637,0.0,0.0,0.3,0.0,0.0035212159263280363,0.03159927566655063,,
2026-07-20,CRWD,CRWD,0.456,0.981,0.392,ALIGNED,,32,bridge_20260720_0536.csv,0.45,0.0,0.0,0.251,0.0,-0.036979250307555,-0.09259914541866188,,
2026-07-20,ZETA,ZETA,0.429,0.755,0.46,ALIGNED,,32,bridge_20260720_0536.csv,0.45,0.0,0.533,0.461,0.323,-0.007029035494738878,-0.02811623135799113,,
2026-07-20,AMZN,AMZN,0.689,0.575,0.368,ALIGNED,,32,bridge_20260720_0536.csv,0.45,0.0,0.0,0.226,0.266,-0.009760399967161826,-0.074402998899187,,
2026-07-20,NET,NET,0.331,0.804,0.45,ALIGNED,,32,bridge_20260720_0536.csv,0.45,0.0,0.0,0.0,0.0,-0.0004038465006896974,-0.024998266428682858,,
2026-07-20,ABCL,ABCL,0.56,0.474,0.572,ALIGNED,,32,bridge_20260720_0536.csv,0.45,0.0,0.64,0.746,0.624,0.029310274804533742,-0.0948276159737812,,
2026-07-20,PLTR,PLTR,0.85,0.161,0.623,ALIGNED,,32,bridge_20260720_0536.csv,0.562,0.0,0.0,0.908,0.383,-0.01624028433283964,-0.02462000128995323,,
2026-07-20,AIR,AIR,0.322,0.672,0.397,ALIGNED,,32,bridge_20260720_0536.csv,0.45,0.0,0.0,0.268,0.0,0.042081150802129486,0.009064748363242225,,
2026-07-20,ADBE,ADBE,0.72,0.374,0.362,ALIGNED,,32,bridge_20260720_0536.csv,0.45,0.0,0.0,0.27,0.152,-0.03229105245665265,0.012822673751379687,,
2026-07-20,UNH,UNH,0.334,0.706,0.051,ALIGNED,,32,bridge_20260720_0536.csv,0.0,0.0,0.0,0.02,0.107,0.03510857250413557,-0.009275230121585265,,
2026-07-20,MSFT,MSFT,0.85,0.0,0.392,TECH_WAIT,,32,bridge_20260720_0536.csv,0.0,0.0,0.0,0.378,0.417,-0.011285412136739392,-0.03278729812135861,,
2026-07-20,IGV,IGV,0.349,0.396,,ALIGNED,,32,bridge_20260720_0536.csv,0.0,0.0,0.0,0.0,0.0,-0.012475840183144848,-0.022262848140345404,,
2026-07-20,ZS,ZS,0.292,0.419,,ALIGNED,,32,bridge_20260720_0536.csv,0.0,0.0,0.0,0.0,0.0,-0.0073421842860756925,-0.016820211916072747,,
2026-07-20,AEHR,AEHR,0.578,0.0,0.414,TECH_WAIT,,32,bridge_20260720_0536.csv,0.45,0.0,0.0,0.325,0.419,0.2785677725146527,0.0015512247367532872,,
2026-07-20,QQQ,QQQ,0.7,-0.153,0.45,DIVERGING,,32,bridge_20260720_0536.csv,0.45,0.0,0.0,0.0,0.0,0.018547213156642428,-0.02002701274358576,,
2026-07-20,CRM,CRM,0.538,0.0,0.299,TECH_WAIT,,32,bridge_20260720_0536.csv,0.0,0.0,0.0,0.226,0.427,-0.02146266109463446,-0.0010931997810966765,,
2026-07-20,ACN,ACN,0.448,-0.216,0.365,DIVERGING,⚡,32,bridge_20260720_0536.csv,0.498,0.0,0.0,0.109,0.246,-0.026739412916676586,0.06446488016636742,,
2026-07-20,ZM,ZM,0.399,0.0,0.264,TECH_WAIT,,32,bridge_20260720_0536.csv,0.0,0.0,0.0,0.265,0.262,-0.012539951304810226,0.0034099389077788533,,
2026-07-20,VST,VST,0.236,0.0,0.455,TECH_WAIT,,32,bridge_20260720_0536.csv,0.0,0.0,0.0,0.466,0.436,0.02747006890938053,-0.00575988119798343,,
2026-07-20,AMC,AMC,0.514,-0.304,0.544,DIVERGING,,32,bridge_20260720_0536.csv,0.544,0.0,0.0,0.0,0.0,-0.10569105139490376,0.020325183553227655,,
2026-07-20,VPG,VPG,0.457,-0.182,0.372,DIVERGING,,32,bridge_20260720_0536.csv,0.45,0.0,0.0,0.183,0.0,0.09635261522532201,-0.0022430598291399706,,
2026-07-20,KO,KO,0.0,0.221,,CONTRARIAN,,32,bridge_20260720_0536.csv,0.0,0.0,0.0,0.0,0.0,-0.0018266137464925114,0.023745699988098723,,
2026-07-20,EOS.AX,EOS.AX,0.375,-0.467,0.434,DIVERGING,,32,bridge_20260720_0536.csv,0.45,0.0,0.0,0.072,1.0,0.03918722585755763,0.08127720662281845,-0.01886787229650111,
2026-07-20,SIVE,SIVE.ST,0.485,-0.588,0.45,DIVERGING,,32,bridge_20260720_0536.csv,0.45,0.0,0.0,0.0,0.0,0.2298919543088105,-0.07863142124493305,,
2026-07-20,ALB,ALB,0.476,-0.692,0.499,DIVERGING,⚡,32,bridge_20260720_0536.csv,0.544,0.0,0.0,0.316,0.626,0.003553348639456777,-0.017089650551775692,,
2026-07-20,MSTR,MSTR,0.537,-0.737,0.439,DIVERGING,,32,bridge_20260720_0536.csv,0.0,0.0,0.0,0.118,1.0,0.04222037687898794,0.008484991143366427,,
2026-07-20,CEG,CEG,0.289,-0.76,0.551,DIVERGING,,32,bridge_20260720_0536.csv,0.0,0.0,0.0,0.627,0.418,0.03439842690612682,0.06508875739644981,,
2026-07-20,EOSE,EOSE,0.38,-0.8,0.45,DIVERGING,,32,bridge_20260720_0536.csv,0.45,0.0,0.0,0.0,0.0,0.04433493371317443,-0.11083745173051374,,
2026-07-20,NFLX,NFLX,0.313,-0.767,0.484,DIVERGING,⚡,32,bridge_20260720_0536.csv,0.586,0.0,0.0,0.274,0.417,0.015828398209710715,0.04142016442248475,,
2026-07-20,ASTS,ASTS,-0.5,-0.574,0.45,NEUTRAL,,32,bridge_20260720_0536.csv,0.45,0.0,0.0,0.0,0.0,0.1031000030028617,0.015151563467874718,,
2026-07-20,RKLB,RKLB,-0.5,-0.671,0.45,NEUTRAL,,32,bridge_20260720_0536.csv,0.45,0.0,0.0,0.0,0.0,0.05141473977253175,0.018253797028156882,,
2026-07-20,AAOI,AAOI,-0.5,-0.713,0.45,NEUTRAL,,32,bridge_20260720_0536.csv,0.45,0.0,0.0,0.0,0.0,0.15763935179915456,-0.05047560782067029,,
2026-07-21,AAPL,AAPL,0.85,0.875,0.522,ALIGNED,,29,bridge_20260721_0536.csv,0.614,0.0,0.0,0.3,0.0,-0.0056446440503478135,0.03765178710436268,,
2026-07-21,MSFT,MSFT,0.85,0.381,0.512,ALIGNED,⚡,29,bridge_20260721_0536.csv,0.596,0.0,0.0,0.378,0.387,-0.018629801790344125,-0.011062209670608114,,
2026-07-21,AIR,AIR,0.345,0.734,0.45,ALIGNED,,29,bridge_20260721_0536.csv,0.45,0.0,0.0,0.0,0.0,-0.09759544567212597,-0.004243216906825387,,
2026-07-21,PLTR,PLTR,0.85,0.255,0.551,ALIGNED,,29,bridge_20260721_0536.csv,0.45,0.0,0.0,0.908,0.358,-0.060982992190251495,-0.06882258880428649,,
2026-07-21,AMZN,AMZN,0.59,0.485,0.366,ALIGNED,,29,bridge_20260721_0536.csv,0.45,0.0,0.0,0.226,0.252,-0.010906875035172847,-0.06742073211736821,,
2026-07-21,ADBE,ADBE,0.85,0.24,0.364,ALIGNED,,29,bridge_20260721_0536.csv,0.45,0.0,0.0,0.27,0.164,-0.03873922746033864,0.0969360303692619,,
2026-07-21,CRM,CRM,0.595,0.419,0.29,ALIGNED,,29,bridge_20260721_0536.csv,0.0,0.0,0.0,0.226,0.402,-0.04151474573649361,0.06727039048359762,,
2026-07-21,LITE,LITE,0.863,0.0,0.684,TECH_WAIT,,29,bridge_20260721_0536.csv,0.684,0.0,0.0,0.0,0.0,-0.009384384849412064,-0.2216318895648144,,
2026-07-21,NVDA,NVDA,0.7,0.0,0.593,TECH_WAIT,,29,bridge_20260721_0536.csv,0.45,0.0,0.0,1.0,0.487,0.02301126164771805,-0.04959235424889452,,
2026-07-21,AMD,AMD,0.7,0.0,0.444,TECH_WAIT,,29,bridge_20260721_0536.csv,0.45,0.0,0.0,0.428,0.0,0.014510634095001196,-0.16496151712214235,,
2026-07-21,NOW,NOW,0.691,0.0,0.394,TECH_WAIT,,29,bridge_20260721_0536.csv,0.45,0.0,0.0,0.28,0.353,-0.06466782904175516,0.08387228485944154,,
2026-07-21,ONDS,ONDS,1.0,-0.7,0.751,DIVERGING,⚡,29,bridge_20260721_0536.csv,0.45,0.0,1.0,1.0,1.0,0.0443864437807735,0.026109698444689133,,
2026-07-21,MU,MU,0.7,-0.27,0.627,DIVERGING,,29,bridge_20260721_0536.csv,0.45,0.0,0.0,1.0,0.724,-0.0116808746934709,-0.15480725252209637,,
2026-07-21,QQQ,QQQ,0.7,-0.219,0.45,DIVERGING,,29,bridge_20260721_0536.csv,0.45,0.0,0.0,0.0,0.0,-0.005105992167196205,-0.047223411219442846,,
2026-07-21,BTC,BTC,0.589,-0.18,0.45,DIVERGING,,29,bridge_20260721_0536.csv,0.45,0.0,0.0,0.0,0.0,-0.008168814771058797,-0.03948263718676848,,
2026-07-21,FCEL,FCEL,0.468,0.0,,TECH_WAIT,,29,bridge_20260721_0536.csv,0.0,0.0,0.0,0.0,0.0,0.03835489589260743,-0.09149720878381662,,
2026-07-21,AEHR,AEHR,0.77,-0.349,0.424,DIVERGING,,29,bridge_20260721_0536.csv,0.45,0.0,0.0,0.325,0.487,-0.054291806164791234,-0.2922859426926123,,
2026-07-21,TSM,TSM,0.653,-0.337,0.487,DIVERGING,,29,bridge_20260721_0536.csv,0.0,0.0,0.0,0.595,0.3,-0.008007333821104745,-0.07606977910852819,,
2026-07-21,INTC,INTC,0.7,-0.381,0.34,DIVERGING,,29,bridge_20260721_0536.csv,0.45,0.0,0.0,0.072,0.0,-0.02683730946952234,-0.1816026026618448,,
2026-07-21,SMR,SMR,1.0,-0.746,0.587,DIVERGING,,29,bridge_20260721_0536.csv,0.45,0.0,0.718,0.0,0.859,-0.003444286204340119,-0.05625714913572033,,
2026-07-21,TE,TE,0.71,-0.614,0.787,DIVERGING,,29,bridge_20260721_0536.csv,0.0,0.0,0.694,0.981,0.67,-0.011475359986654832,-0.3196721048772859,,
2026-07-21,AVGO,AVGO,0.7,-0.494,0.488,DIVERGING,,29,bridge_20260721_0536.csv,0.45,0.0,0.0,0.64,0.387,0.02667528475703418,-0.014463121184710492,,
2026-07-21,SIVE,SIVE.ST,0.485,-0.525,0.45,DIVERGING,,29,bridge_20260721_0536.csv,0.45,0.0,0.0,0.0,0.0,-0.07857494525797659,-0.3055148998930526,,
2026-07-21,AAOI,AAOI,0.7,-0.727,0.458,DIVERGING,,29,bridge_20260721_0536.csv,0.45,0.0,0.0,0.473,0.469,-0.07328530384546172,-0.2609424969742472,,
2026-07-21,RGTI,RGTI,0.644,-0.767,0.634,DIVERGING,,29,bridge_20260721_0536.csv,0.45,0.0,0.568,0.963,1.0,-0.003272263848733803,-0.04973817333043484,,
2026-07-21,MSTR,MSTR,0.767,-0.585,,DIVERGING,,29,bridge_20260721_0536.csv,0.0,0.0,0.0,0.0,0.0,-0.019028885434853038,-0.05679248121088487,,
2026-07-21,DRAM,DRAM,0.7,-0.557,,DIVERGING,,29,bridge_20260721_0536.csv,0.0,0.0,0.0,0.0,0.0,-0.01835170848529999,-0.18827524730063971,,
2026-07-21,LEU,LEU,0.644,-0.879,0.479,DIVERGING,⚡,29,bridge_20260721_0536.csv,0.45,0.0,0.707,0.116,0.693,0.017752821704120736,-0.009285281159040593,,
2026-07-21,FLNC,FLNC,0.502,-0.589,,DIVERGING,,29,bridge_20260721_0536.csv,0.0,0.0,0.0,0.0,0.0,-0.04057590944987033,-0.17408376268962622,,
2026-07-22,AAPL,AAPL,0.85,0.939,0.506,ALIGNED,⚡,33,bridge_20260722_0535.csv,0.59,0.0,0.0,0.3,0.0,-0.012979872951588756,0.037742757495155876,,
2026-07-22,AMD,AMD,1.0,0.507,0.444,ALIGNED,,33,bridge_20260722_0535.csv,0.45,0.0,0.0,0.428,0.0,-0.02288489536570204,-0.22227656606119206,,
2026-07-22,HOOD,HOOD,1.0,0.332,0.38,ALIGNED,,33,bridge_20260722_0535.csv,0.45,0.0,0.0,0.355,0.123,-0.027756522135357065,-0.14012257416405816,,
2026-07-22,MSFT,MSFT,0.85,0.378,0.515,ALIGNED,,33,bridge_20260722_0535.csv,0.598,0.0,0.0,0.378,0.402,-0.022441998892785864,0.000512405105568714,,
2026-07-22,LITE,LITE,0.963,0.218,0.648,ALIGNED,,33,bridge_20260722_0535.csv,0.66,0.0,0.0,0.805,0.319,0.004748707223621418,-0.2740147442162073,,
2026-07-22,NVDA,NVDA,0.7,0.435,0.589,ALIGNED,,33,bridge_20260722_0535.csv,0.45,0.0,0.0,1.0,0.458,-0.01556164807012217,-0.10398002124688899,,
2026-07-22,AMZN,AMZN,0.745,0.44,0.45,ALIGNED,,33,bridge_20260722_0535.csv,0.45,0.0,0.0,0.0,0.0,-0.0457014586990675,-0.07433127120011918,,
2026-07-22,ADBE,ADBE,0.85,0.359,0.37,ALIGNED,,33,bridge_20260722_0535.csv,0.45,0.0,0.0,0.27,0.203,-0.028347693827185383,0.20640223456425977,,
2026-07-22,SOFI,SOFI,0.937,0.0,0.416,TECH_WAIT,,33,bridge_20260722_0535.csv,0.45,0.0,0.0,0.475,0.167,-0.024604574329388673,-0.10661978484838863,,
2026-07-22,INTC,INTC,1.0,-0.35,0.442,DIVERGING,⚡,33,bridge_20260722_0535.csv,0.594,0.0,0.0,0.072,0.0,-0.023289800484126766,-0.2021049009751157,,
2026-07-22,LEU,LEU,1.0,-0.381,0.463,DIVERGING,⚡,33,bridge_20260722_0535.csv,0.45,0.0,0.707,0.116,0.546,-0.02008262580052167,-0.08371583910995417,,
2026-07-22,AMAT,AMAT,0.84,0.0,0.353,TECH_WAIT,,33,bridge_20260722_0535.csv,0.45,0.0,0.0,0.26,0.104,0.01603120515017209,-0.21207028871926104,,
2026-07-22,LUNR,LUNR,1.0,-0.511,0.686,DIVERGING,⚡,33,bridge_20260722_0535.csv,0.45,0.0,0.774,0.963,1.0,-0.026969489732129204,-0.19162525053409818,,
2026-07-22,AVGO,AVGO,0.7,0.0,0.484,TECH_WAIT,,33,bridge_20260722_0535.csv,0.45,0.0,0.0,0.64,0.357,-0.010937215202723727,-0.06675736598713955,,
2026-07-22,IREN,IREN,0.7,-0.262,0.554,DIVERGING,⚡,33,bridge_20260722_0535.csv,0.576,0.0,0.674,0.104,0.96,-0.016957290914292766,-0.28997092217351994,,
2026-07-22,QQQ,QQQ,0.7,0.0,0.45,TECH_WAIT,,33,bridge_20260722_0535.csv,0.45,0.0,0.0,0.0,0.0,-0.01898341826999872,-0.06184163412063948,,
2026-07-22,TSM,TSM,0.653,0.0,0.463,TECH_WAIT,,33,bridge_20260722_0535.csv,0.0,0.0,0.0,0.595,0.231,-0.013366266225935286,-0.11049115398846665,,
2026-07-22,HIMS,HIMS,0.652,0.0,0.45,TECH_WAIT,,33,bridge_20260722_0535.csv,0.45,0.0,0.0,0.0,0.0,0.033459638986109264,-0.21085859346044333,,
2026-07-22,RDW,RDW,1.0,-0.58,0.544,DIVERGING,⚡,33,bridge_20260722_0535.csv,0.484,0.0,0.652,0.522,0.579,0.0322580610941392,-0.13459394795505275,,
2026-07-22,MRVL,MRVL,1.0,-0.312,0.408,DIVERGING,,33,bridge_20260722_0535.csv,0.45,0.0,0.0,0.414,0.22,-0.00791505818032423,-0.22555576263171184,,
2026-07-22,ARM,ARM,0.793,-0.211,0.45,DIVERGING,,33,bridge_20260722_0535.csv,0.45,0.0,0.0,0.0,0.0,-0.0012702376828349626,-0.20645728922706852,,
2026-07-22,NNE,NNE,0.98,-0.732,0.723,DIVERGING,⚡,33,bridge_20260722_0535.csv,0.59,0.0,0.843,0.0,1.0,-0.025404188326233257,-0.14087757640737442,,
2026-07-22,QUBT,QUBT,0.819,-0.687,0.747,DIVERGING,⚡,33,bridge_20260722_0535.csv,0.488,0.0,0.919,1.0,1.0,-0.006321076468043585,-0.07711753077679484,,
2026-07-22,QBTS,QBTS,1.0,-0.543,0.572,DIVERGING,,33,bridge_20260722_0535.csv,0.45,0.0,0.611,0.0,1.0,-0.014409221585205634,-0.06743516141610795,,
2026-07-22,SMR,SMR,1.0,-0.622,0.566,DIVERGING,,33,bridge_20260722_0535.csv,0.45,0.0,0.718,0.0,0.699,0.014976971183215282,-0.12557605003054395,,
2026-07-22,CRWV,CRWV,1.0,-0.749,0.752,DIVERGING,,33,bridge_20260722_0535.csv,0.7,0.0,0.799,0.806,0.766,-0.01863505477857308,-0.2640367843172735,,
2026-07-22,RGTI,RGTI,1.0,-0.708,0.631,DIVERGING,,33,bridge_20260722_0535.csv,0.45,0.0,0.568,0.963,0.968,-0.02495070073461103,-0.13197631881953276,,
2026-07-22,UUUU,UUUU,0.7,-0.72,0.62,DIVERGING,⚡,33,bridge_20260722_0535.csv,0.464,0.0,0.601,0.808,1.0,-0.0243704452078487,-0.12753863484818795,,
2026-07-22,OKLO,OKLO,1.0,-0.777,0.541,DIVERGING,,33,bridge_20260722_0535.csv,0.45,0.0,0.526,0.0,0.96,-0.011235955056179803,-0.17213482803173275,,
2026-07-22,TSLA,TSLA,0.7,-0.52,0.335,DIVERGING,,33,bridge_20260722_0535.csv,0.45,0.0,0.0,0.176,0.122,-0.14523677416617442,-0.20237426931123503,,
2026-07-22,MSTR,MSTR,0.783,-0.559,,DIVERGING,,33,bridge_20260722_0535.csv,0.0,0.0,0.0,0.0,0.0,-0.06379366809853537,-0.06679332229266921,,
2026-07-22,EOS.AX,EOS.AX,0.375,-0.478,0.45,DIVERGING,,33,bridge_20260722_0535.csv,0.45,0.0,0.0,0.0,0.0,0.011204471316808462,-0.06582630237820863,,
2026-07-22,SMCI,SMCI,0.557,-0.751,0.45,DIVERGING,,33,bridge_20260722_0535.csv,0.45,0.0,0.0,0.0,0.0,0.020942451183951105,-0.15903137395074762,,
2026-07-23,DELL,DELL,0.729,0.71,0.45,ALIGNED,,36,bridge_20260723_0535.csv,0.45,0.0,0.0,0.0,0.0,-0.004188092031747304,-0.07859516335212124,,
2026-07-23,LITE,LITE,0.833,0.18,0.635,ALIGNED,⚡,36,bridge_20260723_0535.csv,0.637,0.0,0.0,0.805,0.332,-0.08474884023394325,-0.16841804849455555,,
2026-07-23,AMD,AMD,0.7,0.479,0.543,ALIGNED,,36,bridge_20260723_0535.csv,0.59,0.0,0.0,0.428,0.0,-0.032870703837618365,-0.10061329197748858,,
2026-07-23,AVGO,AVGO,0.85,0.258,0.479,ALIGNED,,36,bridge_20260723_0535.csv,0.45,0.0,0.0,0.64,0.324,-0.02688100430645657,-0.011797092436139689,,
2026-07-23,AEHR,AEHR,0.85,0.17,0.387,ALIGNED,,36,bridge_20260723_0535.csv,0.45,0.0,0.0,0.325,0.229,-0.13772457515755077,-0.13151055370818654,,
2026-07-23,CRDO,CRDO,0.569,0.0,0.601,TECH_WAIT,⚡,36,bridge_20260723_0535.csv,0.526,0.0,0.0,1.0,0.223,-0.0987315268647595,-0.14976743411816196,,
2026-07-23,MU,MU,0.85,0.0,0.605,TECH_WAIT,,36,bridge_20260723_0535.csv,0.45,0.0,0.0,1.0,0.571,-0.06994476750260314,-0.11669246550133971,,
2026-07-23,ONDS,ONDS,1.0,-0.23,0.751,DIVERGING,,36,bridge_20260723_0535.csv,0.45,0.0,1.0,1.0,1.0,-0.016393397278420263,-0.04413618060643709,,
2026-07-23,IREN,IREN,0.85,-0.3,0.558,DIVERGING,⚡,36,bridge_20260723_0535.csv,0.584,0.0,0.674,0.104,0.964,-0.08649585948378069,-0.0571711041113373,,
2026-07-23,LEU,LEU,0.85,-0.383,0.46,DIVERGING,⚡,36,bridge_20260723_0535.csv,0.45,0.0,0.707,0.116,0.519,-0.04034429932601502,0.034957262345564954,,
2026-07-23,TSM,TSM,0.836,-0.181,0.47,DIVERGING,,36,bridge_20260723_0535.csv,0.0,0.0,0.0,0.595,0.252,-0.02928433346979764,-0.02952497572098134,,
2026-07-23,AIR,AIR,0.31,0.185,0.45,ALIGNED,,36,bridge_20260723_0535.csv,0.45,0.0,0.0,0.0,0.0,-0.003243980574537564,0.07731516499928226,,
2026-07-23,NBIS,NBIS,0.85,-0.345,0.619,DIVERGING,,36,bridge_20260723_0535.csv,0.45,0.0,0.824,1.0,0.183,-0.1502466251746195,-0.14725984688039695,,
2026-07-23,INFQ,INFQ,0.797,-0.583,0.533,DIVERGING,⚡,36,bridge_20260723_0535.csv,0.586,0.0,0.0,0.138,1.0,-0.0743033379291449,0.029927757937173727,,
2026-07-23,VPG,VPG,0.308,0.0,0.45,TECH_WAIT,,36,bridge_20260723_0535.csv,0.45,0.0,0.0,0.0,0.0,-0.05518362966888879,-0.20463183064262702,,
2026-07-23,AAOI,AAOI,0.85,-0.431,0.444,DIVERGING,,36,bridge_20260723_0535.csv,0.45,0.0,0.0,0.473,0.369,-0.10596318044008979,-0.19559004364664911,,
2026-07-23,MRVL,MRVL,0.7,-0.312,0.406,DIVERGING,,36,bridge_20260723_0535.csv,0.45,0.0,0.0,0.414,0.206,-0.07209063189696219,-0.12430729678008368,,
2026-07-23,SNDK,SNDK,0.7,-0.429,0.577,DIVERGING,,36,bridge_20260723_0535.csv,0.45,0.0,0.0,1.0,0.374,-0.10790949817928874,-0.20515670957683407,,
2026-07-23,ARM,ARM,0.674,-0.347,0.403,DIVERGING,,36,bridge_20260723_0535.csv,0.45,0.0,0.0,0.29,0.0,-0.08136658452524648,-0.14662243501240746,,
2026-07-23,CEG,CEG,0.53,-0.155,,DIVERGING,,36,bridge_20260723_0535.csv,0.0,0.0,0.0,0.0,0.0,-0.004535558680396012,-0.043686532214370244,,
2026-07-23,DRAM,DRAM,0.85,-0.457,,DIVERGING,,36,bridge_20260723_0535.csv,0.0,0.0,0.0,0.0,0.0,-0.08747853414857498,-0.1022298312601686,,
2026-07-23,AEM,AEM,0.663,-0.485,0.45,DIVERGING,,36,bridge_20260723_0535.csv,0.45,0.0,0.0,0.0,0.0,0.004290432492869867,0.043180442394030294,,
2026-07-23,SMR,SMR,0.7,-0.623,0.644,DIVERGING,,36,bridge_20260723_0535.csv,0.588,0.0,0.718,0.0,0.705,-0.08172533856248487,-0.023836552570347003,,
2026-07-23,OPTX,OPTX,0.445,-0.453,0.45,DIVERGING,,36,bridge_20260723_0535.csv,0.45,0.0,0.0,0.0,0.0,-0.06622516388987454,-0.15364242317143062,,
2026-07-23,SIVE,SIVE.ST,0.485,-0.491,0.45,DIVERGING,,36,bridge_20260723_0535.csv,0.45,0.0,0.0,0.0,0.0,-0.06951872142589444,-0.10160428080206563,,
2026-07-23,GLD,GLD,0.368,-0.42,0.45,DIVERGING,,36,bridge_20260723_0535.csv,0.45,0.0,0.0,0.0,0.0,0.0010228383237773642,0.01518091843028646,,
2026-07-23,RGTI,RGTI,0.7,-0.778,0.632,DIVERGING,,36,bridge_20260723_0535.csv,0.45,0.0,0.568,0.963,0.974,-0.047138097303548565,0.0006733518485291246,,
2026-07-23,CRWV,CRWV,1.0,-0.693,0.731,DIVERGING,⚠ DILUTION,36,bridge_20260723_0535.csv,0.677,0.0,0.799,0.806,0.67,-0.11368682360265658,-0.08877924887433508,,
2026-07-23,OUST,OUST,0.816,-0.225,0.435,DIVERGING,⚠ DILUTION,36,bridge_20260723_0535.csv,0.45,0.0,0.0,0.453,0.342,-0.09684260663769495,-0.05730962924157357,,
2026-07-23,MSTR,MSTR,0.652,-0.514,0.439,DIVERGING,⚠ DILUTION,36,bridge_20260723_0535.csv,0.0,0.0,0.0,0.118,1.0,-0.020933452333313007,0.0438961949259431,,
2026-07-23,NNE,NNE,0.7,-0.867,0.722,DIVERGING,⚡,36,bridge_20260723_0535.csv,0.588,0.0,0.843,0.0,1.0,-0.07642174599018914,-0.011848274024543137,,
2026-07-23,QCOM,QCOM,0.513,-0.618,0.45,DIVERGING,,36,bridge_20260723_0535.csv,0.45,0.0,0.0,0.0,0.0,-0.024194958651633458,-0.11402018840069861,,
2026-07-23,OKLO,OKLO,0.7,-0.873,0.614,DIVERGING,,36,bridge_20260723_0535.csv,0.588,0.0,0.526,0.0,0.937,-0.08522727272727271,-0.06613636016845703,,
2026-07-23,CCJ,CCJ,0.681,-0.755,0.379,DIVERGING,,36,bridge_20260723_0535.csv,0.45,0.0,0.0,0.163,0.456,-0.01645585123219029,-0.01231387497563774,,
2026-07-23,UEC,UEC,0.474,-0.616,,DIVERGING,,36,bridge_20260723_0535.csv,0.0,0.0,0.0,0.0,0.0,-0.032553377142201856,-0.009155661575423468,,
2026-07-23,DNN,DNN,0.492,-0.654,,DIVERGING,,36,bridge_20260723_0535.csv,0.0,0.0,0.0,0.0,0.0,-0.05825237324869392,-0.055016130290433174,,
2026-07-24,AAPL,AAPL,0.7,0.887,0.406,ALIGNED,,33,bridge_20260724_0850.csv,0.45,0.0,0.0,0.3,0.0,0.011681024493330971,-0.07239801257267076,,
2026-07-24,NVDA,NVDA,0.7,0.539,0.588,ALIGNED,,33,bridge_20260724_0850.csv,0.45,0.0,0.0,1.0,0.455,-0.049941993879074276,-0.029443030582644636,,
2026-07-24,ADBE,ADBE,0.7,0.216,0.465,ALIGNED,⚡,33,bridge_20260724_0850.csv,0.6,0.0,0.0,0.27,0.233,0.05615032364344996,0.11238951171942912,,
2026-07-24,ONDS,ONDS,0.7,0.0,0.809,TECH_WAIT,⚡,33,bridge_20260724_0850.csv,0.578,0.0,1.0,1.0,1.0,0.028205161749884633,-0.03974364256874374,,
2026-07-24,AMD,AMD,0.7,0.333,0.444,ALIGNED,,33,bridge_20260724_0850.csv,0.45,0.0,0.0,0.428,0.0,-0.05172909161517647,-0.0877479015986311,,
2026-07-24,MSFT,MSFT,0.7,0.0,0.524,TECH_WAIT,⚡,33,bridge_20260724_0850.csv,0.6,0.0,0.0,0.378,0.459,0.01938693649417722,0.21750061922618547,,
2026-07-24,PLTR,PLTR,0.7,-0.285,0.654,DIVERGING,⚡,33,bridge_20260724_0850.csv,0.588,0.0,0.0,0.908,0.487,0.07004556409541829,0.0011389472155378666,,
2026-07-24,SPY,SPY,0.7,0.0,0.45,TECH_WAIT,,33,bridge_20260724_0850.csv,0.45,0.0,0.0,0.0,0.0,0.0002165755636849287,0.010961845778870494,,
2026-07-24,IREN,IREN,0.7,-0.344,0.584,DIVERGING,⚡,33,bridge_20260724_0850.csv,0.584,0.0,0.0,0.0,0.0,-0.021041240510335957,-0.007283530077864309,,
2026-07-24,ETH,ETH,0.261,0.329,,ALIGNED,,33,bridge_20260724_0850.csv,0.0,0.0,0.0,0.0,0.0,0.04563377272914826,0.002816858425946256,,
2026-07-24,NBIS,NBIS,0.7,-0.226,0.688,DIVERGING,,33,bridge_20260724_0850.csv,0.582,0.0,0.824,1.0,0.266,0.0005858263186273582,0.014059750383867087,,
2026-07-24,MU,MU,0.7,-0.216,0.607,DIVERGING,,33,bridge_20260724_0850.csv,0.45,0.0,0.0,1.0,0.587,-0.022531081736209768,-0.10632497053286716,,
2026-07-24,NOW,NOW,0.7,-0.438,0.5,DIVERGING,⚡,33,bridge_20260724_0850.csv,0.6,0.0,0.0,0.292,0.439,0.06863736447745206,0.12603770734451647,,
2026-07-24,SNDK,SNDK,0.7,-0.392,0.588,DIVERGING,,33,bridge_20260724_0850.csv,0.45,0.0,0.0,1.0,0.454,-0.1102147294001683,-0.15434795170075544,,
2026-07-24,MRVL,MRVL,0.7,-0.368,0.415,DIVERGING,,33,bridge_20260724_0850.csv,0.45,0.0,0.0,0.414,0.271,-0.02605157632651023,-0.034340721390437645,,
2026-07-24,RDW,RDW,0.7,-0.482,0.537,DIVERGING,,33,bridge_20260724_0850.csv,0.45,0.0,0.652,0.522,0.658,0.016110512092404328,-0.008055201174259619,,
2026-07-24,RKLB,RKLB,0.7,-0.744,0.592,DIVERGING,⚡,33,bridge_20260724_0850.csv,0.58,0.0,0.0,0.561,0.7,0.04741046160582707,0.01627283841829308,,
2026-07-24,UUUU,UUUU,0.7,-0.789,0.673,DIVERGING,⚡,33,bridge_20260724_0850.csv,0.58,0.0,0.601,0.808,1.0,0.036283171724924124,0.01238932630843892,,
2026-07-24,SMR,SMR,0.7,-0.562,0.629,DIVERGING,,33,bridge_20260724_0850.csv,0.566,0.0,0.718,0.0,0.687,0.05562420281552005,0.04079108992358815,,
2026-07-24,AAOI,AAOI,0.7,-0.518,0.458,DIVERGING,,33,bridge_20260724_0850.csv,0.45,0.0,0.0,0.473,0.464,-0.023265120275136608,-0.05821269837472953,,
2026-07-24,LUNR,LUNR,0.7,-0.568,0.45,DIVERGING,,33,bridge_20260724_0850.csv,0.45,0.0,0.0,0.0,0.0,0.030185784908650204,-0.04489163469667912,,
2026-07-24,OKLO,OKLO,0.7,-0.681,0.61,DIVERGING,,33,bridge_20260724_0850.csv,0.566,0.0,0.526,0.0,1.0,0.03875779809418667,-0.035279457613548115,,
2026-07-24,TSLA,TSLA,0.7,-0.635,0.45,DIVERGING,,33,bridge_20260724_0850.csv,0.45,0.0,0.0,0.0,0.0,-0.012171349626078465,-0.005814162640373488,,
2026-07-24,RGTI,RGTI,0.7,-0.737,0.634,DIVERGING,,33,bridge_20260724_0850.csv,0.45,0.0,0.568,0.963,1.0,0.10530040741776658,0.0565371174771776,,
2026-07-24,PATH,PATH,0.292,-0.192,,DIVERGING,,33,bridge_20260724_0850.csv,0.0,0.0,0.0,0.0,0.0,0.07195569391066647,0.17712177576266663,,
2026-07-24,IONQ,IONQ,0.7,-0.8,0.666,DIVERGING,,33,bridge_20260724_0850.csv,0.45,0.0,0.0,1.0,1.0,0.09378800249837105,0.10962236471967257,,
2026-07-24,QBTS,QBTS,0.7,-0.716,0.45,DIVERGING,,33,bridge_20260724_0850.csv,0.45,0.0,0.0,0.0,0.0,0.20357812034488076,0.11536094662859342,,
2026-07-24,CRWV,CRWV,0.7,-0.717,0.45,DIVERGING,,33,bridge_20260724_0850.csv,0.45,0.0,0.0,0.0,0.0,-0.01516411212493185,-0.0015303368747183743,,
2026-07-24,ASTS,ASTS,0.7,-0.614,0.65,DIVERGING,⚠ DILUTION,33,bridge_20260724_0850.csv,0.544,0.0,0.668,1.0,0.445,0.03718861430987963,0.049466169778597635,,
2026-07-24,QQQ,QQQ,0.7,-0.39,0.45,DIVERGING,⚠ DILUTION,33,bridge_20260724_0850.csv,0.45,0.0,0.0,0.0,0.0,-0.003083737064717651,0.005495242642026721,,
2026-07-24,KRKNF,KRKNF,0.261,-0.418,0.45,DIVERGING,,33,bridge_20260724_0850.csv,0.45,0.0,0.0,0.0,0.0,0.006944382356275369,-0.03935186794878465,,
2026-07-24,DOCN,DOCN,0.415,-0.378,,DIVERGING,,33,bridge_20260724_0850.csv,0.0,0.0,0.0,0.0,0.0,-0.027035809798714006,-0.04889105448248543,,
2026-07-24,AGQ,AGQ,0.415,-0.686,,DIVERGING,,33,bridge_20260724_0850.csv,0.0,0.0,0.0,0.0,0.0,0.011432068984903898,-0.012359076321168172,,
2026-07-26,AAPL,AAPL,1.0,0.885,0.406,ALIGNED,,85,bridge_20260726_2251.csv,0.45,0.0,0.0,0.3,0.0,0.009408990162653286,,,
2026-07-26,DELL,DELL,0.62,0.874,0.478,ALIGNED,,85,bridge_20260726_2251.csv,0.45,0.0,0.0,0.735,0.149,-0.0815394281229942,,,
2026-07-26,ADBE,ADBE,1.0,0.274,0.428,ALIGNED,⚡,85,bridge_20260726_2251.csv,0.548,0.0,0.0,0.27,0.198,0.04807567897279186,,,
2026-07-26,NVDA,NVDA,0.85,0.428,0.59,ALIGNED,,85,bridge_20260726_2251.csv,0.45,0.0,0.0,1.0,0.464,0.002544399847217882,,,
2026-07-26,HPE,HPE,0.295,0.845,0.382,ALIGNED,,85,bridge_20260726_2251.csv,0.0,0.0,0.0,0.4,0.349,-0.053953072177098216,,,
2026-07-26,LASR,LASR,0.326,0.562,0.329,ALIGNED,⚡,85,bridge_20260726_2251.csv,0.266,0.0,0.0,0.502,0.296,-0.0660961880041332,,,
2026-07-26,JPM,JPM,0.306,0.727,0.456,ALIGNED,,85,bridge_20260726_2251.csv,0.45,0.0,0.0,0.47,0.0,0.003116185607869415,,,
2026-07-26,AMD,AMD,0.85,0.22,0.444,ALIGNED,,85,bridge_20260726_2251.csv,0.45,0.0,0.0,0.428,0.0,-0.08148301059738983,,,
2026-07-26,FCEL,FCEL,0.398,0.472,0.473,ALIGNED,,85,bridge_20260726_2251.csv,0.404,0.0,0.598,0.0,0.0,-0.08515588381557426,,,
2026-07-26,DLO,DLO,0.25,0.587,0.453,ALIGNED,,85,bridge_20260726_2251.csv,0.45,0.0,0.0,0.579,0.246,-0.005347588469389097,,,
2026-07-26,MU,MU,0.85,0.0,0.614,TECH_WAIT,,85,bridge_20260726_2251.csv,0.45,0.0,0.0,1.0,0.637,-0.08850253480315828,,,
2026-07-26,ACN,ACN,0.75,0.162,0.332,ALIGNED,,85,bridge_20260726_2251.csv,0.45,0.0,0.0,0.109,0.217,0.06880440264504162,,,
2026-07-26,ANET,ANET,0.297,0.415,0.481,ALIGNED,,85,bridge_20260726_2251.csv,0.55,0.0,0.0,0.529,0.105,-0.006148909737325625,,,
2026-07-26,ETH,ETH,0.453,0.331,,ALIGNED,,85,bridge_20260726_2251.csv,0.0,0.0,0.0,0.0,0.0,-0.014547336109060005,,,
2026-07-26,CRM,CRM,0.777,0.0,0.398,TECH_WAIT,,85,bridge_20260726_2251.csv,0.45,0.0,0.0,0.226,0.477,0.04550687568394274,,,
2026-07-26,MSFT,MSFT,0.7,0.0,0.523,TECH_WAIT,,85,bridge_20260726_2251.csv,0.598,0.0,0.0,0.378,0.459,0.010922641823010837,,,
2026-07-26,LITE,LITE,0.833,-0.361,0.6,DIVERGING,⚡,85,bridge_20260726_2251.csv,0.551,0.0,0.0,0.805,0.448,-0.08431657318419006,,,
2026-07-26,IREN,IREN,0.85,-0.392,0.571,DIVERGING,⚡,85,bridge_20260726_2251.csv,0.532,0.0,0.802,0.104,1.0,-0.06503170434867067,,,
2026-07-26,AVGO,AVGO,0.85,-0.188,0.556,DIVERGING,,85,bridge_20260726_2251.csv,0.564,0.0,0.0,0.64,0.376,-0.006027862719157451,,,
2026-07-26,MELI,MELI,0.28,0.276,0.427,ALIGNED,,85,bridge_20260726_2251.csv,0.45,0.0,0.0,0.484,0.23,0.023508869138697763,,,
2026-07-26,ACMR,ACMR,0.581,0.0,0.398,TECH_WAIT,,85,bridge_20260726_2251.csv,0.45,0.0,0.0,0.377,0.211,-0.09941233532929561,,,
2026-07-26,NOW,NOW,1.0,-0.384,0.492,DIVERGING,,85,bridge_20260726_2251.csv,0.592,0.0,0.0,0.292,0.42,0.04793487405283048,,,
2026-07-26,COIN,COIN,0.533,0.0,0.367,TECH_WAIT,,85,bridge_20260726_2251.csv,0.0,0.0,0.0,0.0,0.367,0.002447838019427717,,,
2026-07-26,AMAT,AMAT,0.728,-0.183,0.41,DIVERGING,,85,bridge_20260726_2251.csv,0.528,0.0,0.0,0.26,0.17,-0.07821784528156894,,,
2026-07-26,AMBA,AMBA,0.583,0.0,0.215,TECH_WAIT,,85,bridge_20260726_2251.csv,0.192,0.0,0.0,0.167,0.396,0.010845637217667514,,,
2026-07-26,TSM,TSM,0.836,-0.349,0.499,DIVERGING,,85,bridge_20260726_2251.csv,0.0,0.0,0.0,0.595,0.332,-0.01698864627405139,,,
2026-07-26,ZM,ZM,0.453,0.0,0.28,TECH_WAIT,,85,bridge_20260726_2251.csv,0.0,0.0,0.0,0.265,0.307,0.0028502755179908856,,,
2026-07-26,SNDK,SNDK,0.85,-0.452,0.601,DIVERGING,,85,bridge_20260726_2251.csv,0.45,0.0,0.0,1.0,0.544,-0.14248610004908668,,,
2026-07-26,MRVL,MRVL,0.85,-0.393,0.423,DIVERGING,,85,bridge_20260726_2251.csv,0.45,0.0,0.0,0.414,0.323,-0.0777078664192501,,,
2026-07-26,VST,VST,0.315,0.0,0.43,TECH_WAIT,,85,bridge_20260726_2251.csv,0.0,0.0,0.0,0.466,0.367,-0.053730598058458034,,,
2026-07-26,STX,STX,0.283,0.0,0.399,TECH_WAIT,,85,bridge_20260726_2251.csv,0.0,0.0,0.0,0.522,0.184,-0.08530092568381875,,,
2026-07-26,RDW,RDW,0.85,-0.524,0.542,DIVERGING,,85,bridge_20260726_2251.csv,0.45,0.0,0.65,0.522,0.712,-0.02944509978803156,,,
2026-07-26,CRDO,CRDO,0.677,-0.413,0.568,DIVERGING,,85,bridge_20260726_2251.csv,0.45,0.0,0.0,1.0,0.31,-0.07619871556096647,,,
2026-07-26,AIRJ,AIRJ,0.425,-0.263,0.629,DIVERGING,,85,bridge_20260726_2251.csv,0.552,0.0,0.0,0.0,0.954,0.0,,,
2026-07-26,GOOGL,GOOGL,0.663,-0.419,0.539,DIVERGING,,85,bridge_20260726_2251.csv,0.598,0.0,0.0,0.511,0.339,0.021894885931953434,,,
2026-07-26,VVV,VVV,0.0,0.237,0.213,CONTRARIAN,,85,bridge_20260726_2251.csv,0.0,0.0,0.0,0.27,0.112,0.016177941542755647,,,
2026-07-26,NBIS,NBIS,0.7,-0.533,0.676,DIVERGING,,85,bridge_20260726_2251.csv,0.53,0.0,0.825,1.0,0.375,-0.0968171277872385,,,
2026-07-26,LEU,LEU,0.85,-0.801,0.491,DIVERGING,⚡,85,bridge_20260726_2251.csv,0.45,0.0,0.789,0.116,0.615,-0.03597000786870752,,,
2026-07-26,VPG,VPG,0.402,-0.241,0.372,DIVERGING,,85,bridge_20260726_2251.csv,0.45,0.0,0.0,0.183,0.0,-0.10194507432377209,,,
2026-07-26,RGTI,RGTI,0.85,-0.714,0.64,DIVERGING,,85,bridge_20260726_2251.csv,0.45,0.0,0.589,0.963,1.0,-0.07161124430775656,,,
2026-07-26,UEC,UEC,0.604,-0.644,0.896,DIVERGING,,85,bridge_20260726_2251.csv,0.0,0.0,0.0,0.0,0.896,-0.04742686924980566,,,
2026-07-26,INTC,INTC,0.7,-0.51,0.371,DIVERGING,,85,bridge_20260726_2251.csv,0.45,0.0,0.0,0.249,0.253,-0.05857963591633053,,,
2026-07-26,WDC,WDC,0.422,-0.368,0.527,DIVERGING,,85,bridge_20260726_2251.csv,0.0,0.0,0.0,0.702,0.219,-0.06910749263767735,,,
2026-07-26,DOCN,DOCN,0.533,-0.389,0.377,DIVERGING,,85,bridge_20260726_2251.csv,0.0,0.0,0.0,0.345,0.432,-0.06397666395385193,,,
2026-07-26,APLD,APLD,0.391,-0.415,0.675,DIVERGING,,85,bridge_20260726_2251.csv,0.45,0.0,0.789,0.884,1.0,0.009289131345342039,,,
2026-07-26,CCJ,CCJ,0.842,-0.651,0.385,DIVERGING,,85,bridge_20260726_2251.csv,0.45,0.0,0.0,0.163,0.497,-0.026748734532330953,,,
2026-07-26,GOOG,GOOG,0.383,-0.39,0.537,DIVERGING,,85,bridge_20260726_2251.csv,0.598,0.0,0.0,0.511,0.322,0.01846464354979882,,,
2026-07-26,IGV,IGV,0.329,-0.319,0.45,DIVERGING,,85,bridge_20260726_2251.csv,0.45,0.0,0.0,0.0,0.0,0.009569850205056296,,,
2026-07-26,SMR,SMR,0.7,-0.692,0.575,DIVERGING,,85,bridge_20260726_2251.csv,0.45,0.0,0.704,0.0,0.801,-0.03747069042782347,,,
2026-07-26,AEM,AEM,0.464,-0.506,0.541,DIVERGING,,85,bridge_20260726_2251.csv,0.45,0.0,0.0,0.776,0.517,-0.015415181532642652,,,
2026-07-26,ADEA,ADEA,0.55,-0.53,0.415,DIVERGING,,85,bridge_20260726_2251.csv,0.45,0.0,0.0,0.325,0.426,-0.035289608249462145,,,
2026-07-26,DNN,DNN,0.68,-0.777,0.667,DIVERGING,,85,bridge_20260726_2251.csv,0.0,0.0,0.0,0.0,0.667,-0.05821920268910019,,,
2026-07-26,DRAM,DRAM,0.85,-0.63,,DIVERGING,,85,bridge_20260726_2251.csv,0.0,0.0,0.0,0.0,0.0,-0.08888040855021861,,,
2026-07-26,XE,XE,0.451,-0.633,0.673,DIVERGING,,85,bridge_20260726_2251.csv,0.514,0.0,0.0,0.87,1.0,0.03881579999943541,,,
2026-07-26,CRCL,CRCL,0.442,-0.538,0.466,DIVERGING,,85,bridge_20260726_2251.csv,0.0,0.0,0.0,0.197,0.936,-0.020557309452758465,,,
2026-07-26,EWY,EWY,0.326,-0.448,0.45,DIVERGING,,85,bridge_20260726_2251.csv,0.45,0.0,0.0,0.0,0.0,-0.06048387211279238,,,
2026-07-26,KEEL,KEEL,0.286,-0.467,0.514,DIVERGING,⚡,85,bridge_20260726_2251.csv,0.49,0.0,0.561,0.0,0.502,-0.07777784711212121,,,
2026-07-26,COHR,COHR,0.405,-0.543,0.43,DIVERGING,⚡,85,bridge_20260726_2251.csv,0.52,0.0,0.0,0.238,0.386,-0.10312924691061687,,,
2026-07-26,KRKNF,KRKNF,0.346,-0.491,0.416,DIVERGING,⚡,85,bridge_20260726_2251.csv,0.45,0.0,0.0,0.333,0.0,-0.02298848432756806,,,
2026-07-26,SOXL,SOXL,0.313,-0.496,0.45,DIVERGING,,85,bridge_20260726_2251.csv,0.45,0.0,0.0,0.0,0.0,-0.14522039693571587,,,
2026-07-26,LAB,LAB,0.0,-0.333,0.631,NEUTRAL,,85,bridge_20260726_2251.csv,0.0,0.0,0.0,0.499,0.86,0.025974079255291826,,,
2026-07-26,SIVE,SIVE.ST,0.485,-0.66,0.45,DIVERGING,,85,bridge_20260726_2251.csv,0.45,0.0,0.0,0.0,0.0,-0.0729642222410265,,,
2026-07-26,RCAT,RCAT,0.482,-0.767,0.678,DIVERGING,,85,bridge_20260726_2251.csv,0.45,0.0,0.715,1.0,1.0,-0.04364571941628281,,,
2026-07-26,FLY,FLY,0.482,-0.679,0.411,DIVERGING,⚡,85,bridge_20260726_2251.csv,0.268,0.0,0.0,0.42,1.0,-0.028168988409594475,,,
2026-07-26,SOXX,SOXX,0.295,-0.332,,DIVERGING,,85,bridge_20260726_2251.csv,0.0,0.0,0.0,0.0,0.0,-0.047982468959241964,,,
2026-07-26,EOS.AX,EOS.AX,0.375,-0.616,0.427,DIVERGING,,85,bridge_20260726_2251.csv,0.45,0.0,0.0,0.072,0.952,-0.07516777947874598,-0.09261739571123051,,
2026-07-26,GLD,GLD,0.303,-0.615,0.45,DIVERGING,,85,bridge_20260726_2251.csv,0.45,0.0,0.0,0.0,0.0,-0.01404054586409964,,,
2026-07-26,SHAZ,SHAZ,0.297,-0.645,0.513,DIVERGING,,85,bridge_20260726_2251.csv,0.45,0.0,0.0,0.0,0.78,-0.23490391492141616,,,
2026-07-26,SMH,SMH,0.287,-0.372,,DIVERGING,,85,bridge_20260726_2251.csv,0.0,0.0,0.0,0.0,0.0,-0.03454564329364873,,,
2026-07-26,IBM,IBM,0.57,-0.69,0.109,DIVERGING,,85,bridge_20260726_2251.csv,0.0,0.0,0.0,0.089,0.145,0.05210839807689016,,,
2026-07-26,SLNH,SLNH,0.32,-0.77,0.601,DIVERGING,,85,bridge_20260726_2251.csv,0.45,0.0,0.758,0.525,1.0,-0.008130073421291018,,,
2026-07-26,NFLX,NFLX,0.359,-0.772,0.303,DIVERGING,,85,bridge_20260726_2251.csv,0.0,0.0,0.0,0.274,0.353,0.028267014497691534,,,
2026-07-26,BWXT,BWXT,0.3,-0.824,0.48,DIVERGING,⚡,85,bridge_20260726_2251.csv,0.48,0.0,0.0,0.0,0.0,-0.0388602541085844,,,
2026-07-26,AGQ,AGQ,0.45,-0.663,,DIVERGING,,85,bridge_20260726_2251.csv,0.0,0.0,0.0,0.0,0.0,-0.04750268141690683,,,
2026-07-26,URA,URA,0.328,-0.732,,DIVERGING,,85,bridge_20260726_2251.csv,0.0,0.0,0.0,0.0,0.0,-0.03397814836939672,,,
2026-07-26,LUNR,LUNR,-0.5,-0.559,0.705,NEUTRAL,,85,bridge_20260726_2251.csv,0.45,0.0,0.845,0.963,1.0,-0.07062362918277709,,,
2026-07-26,QUBT,QUBT,-0.436,-0.697,0.772,NEUTRAL,⚡,85,bridge_20260726_2251.csv,0.534,0.0,0.936,1.0,1.0,-0.030150784774517714,,,
2026-07-26,BKSY,BKSY,-0.332,-0.718,0.547,NEUTRAL,⚡,85,bridge_20260726_2251.csv,0.402,0.0,0.668,0.0,0.878,-0.005437196807615119,,,
2026-07-26,ASTS,ASTS,-0.5,-0.638,0.615,NEUTRAL,⚠ DILUTION,85,bridge_20260726_2251.csv,0.483,0.0,0.623,1.0,0.483,-0.02985077459491503,,,
2026-07-26,QBTS,QBTS,-0.5,-0.726,0.577,NEUTRAL,,85,bridge_20260726_2251.csv,0.45,0.0,0.625,0.0,1.0,-0.09610456063574635,,,
2026-07-26,IONQ,IONQ,-0.5,-0.773,0.666,NEUTRAL,,85,bridge_20260726_2251.csv,0.45,0.0,0.0,1.0,1.0,-0.056792795234431814,,,
2026-07-26,UUUU,UUUU,-0.5,-0.79,0.654,NEUTRAL,⚡,85,bridge_20260726_2251.csv,0.528,0.0,0.62,0.808,1.0,-0.032450906336721985,,,
2026-07-26,RKLB,RKLB,-0.5,-0.774,0.589,NEUTRAL,⚡,85,bridge_20260726_2251.csv,0.554,0.0,0.0,0.561,0.789,-0.045563234844927525,,,
2026-07-26,NNE,NNE,-0.5,-0.846,0.717,NEUTRAL,⚡,85,bridge_20260726_2251.csv,0.514,0.0,0.961,0.0,1.0,-0.04347834483498203,,,
2026-07-26,OKLO,OKLO,-0.5,-0.805,0.564,NEUTRAL,,85,bridge_20260726_2251.csv,0.45,0.0,0.585,0.0,1.0,-0.053336509662515685,,,
2026-07-27,AAPL,AAPL,1.0,0.885,0.406,ALIGNED,,32,bridge_20260727_0536.csv,0.45,0.0,0.0,0.3,0.0,0.009408990162653286,,,
2026-07-27,ADBE,ADBE,1.0,0.207,0.425,ALIGNED,⚡,32,bridge_20260727_0536.csv,0.542,0.0,0.0,0.27,0.198,0.04807567897279186,,,
2026-07-27,NVDA,NVDA,0.85,0.428,0.59,ALIGNED,,32,bridge_20260727_0536.csv,0.45,0.0,0.0,1.0,0.464,0.002544399847217882,,,
2026-07-27,AMD,AMD,0.85,0.22,0.548,ALIGNED,⚡,32,bridge_20260727_0536.csv,0.598,0.0,0.0,0.428,0.0,-0.08148301059738983,,,
2026-07-27,MU,MU,0.85,-0.18,0.704,DIVERGING,⚡,32,bridge_20260727_0536.csv,0.598,0.0,0.0,1.0,0.637,-0.08850253480315828,,,
2026-07-27,LITE,LITE,0.833,-0.361,0.595,DIVERGING,⚡,32,bridge_20260727_0536.csv,0.544,0.0,0.0,0.805,0.448,-0.08431657318419006,,,
2026-07-27,IREN,IREN,0.85,-0.392,0.569,DIVERGING,⚡,32,bridge_20260727_0536.csv,0.528,0.0,0.802,0.104,1.0,-0.06503170434867067,,,
2026-07-27,MSFT,MSFT,0.7,0.0,0.433,TECH_WAIT,,32,bridge_20260727_0536.csv,0.45,0.0,0.0,0.378,0.459,0.010922641823010837,,,
2026-07-27,AVGO,AVGO,0.85,-0.188,0.578,DIVERGING,,32,bridge_20260727_0536.csv,0.6,0.0,0.0,0.64,0.376,-0.006027862719157451,,,
2026-07-27,CRM,CRM,0.793,-0.176,0.45,DIVERGING,,32,bridge_20260727_0536.csv,0.45,0.0,0.0,0.0,0.0,0.04550687568394274,,,
2026-07-27,NOW,NOW,1.0,-0.384,0.489,DIVERGING,,32,bridge_20260727_0536.csv,0.586,0.0,0.0,0.292,0.42,0.04793487405283048,,,
2026-07-27,AMAT,AMAT,0.728,-0.183,0.408,DIVERGING,,32,bridge_20260727_0536.csv,0.524,0.0,0.0,0.26,0.17,-0.07821784528156894,,,
2026-07-27,COIN,COIN,0.533,0.0,,TECH_WAIT,,32,bridge_20260727_0536.csv,0.0,0.0,0.0,0.0,0.0,0.002447838019427717,,,
2026-07-27,SNDK,SNDK,0.85,-0.452,0.601,DIVERGING,,32,bridge_20260727_0536.csv,0.45,0.0,0.0,1.0,0.544,-0.14248610004908668,,,
2026-07-27,INTC,INTC,0.7,-0.51,0.461,DIVERGING,⚡,32,bridge_20260727_0536.csv,0.598,0.0,0.0,0.249,0.253,-0.05857963591633053,,,
2026-07-27,MRVL,MRVL,0.85,-0.393,0.423,DIVERGING,,32,bridge_20260727_0536.csv,0.45,0.0,0.0,0.414,0.323,-0.0777078664192501,,,
2026-07-27,RDW,RDW,0.85,-0.494,0.542,DIVERGING,,32,bridge_20260727_0536.csv,0.45,0.0,0.65,0.522,0.712,-0.02944509978803156,,,
2026-07-27,CRDO,CRDO,0.677,-0.375,0.568,DIVERGING,,32,bridge_20260727_0536.csv,0.45,0.0,0.0,1.0,0.31,-0.07619871556096647,,,
2026-07-27,TSM,TSM,0.665,-0.349,0.499,DIVERGING,,32,bridge_20260727_0536.csv,0.0,0.0,0.0,0.595,0.332,-0.01698864627405139,,,
2026-07-27,GOOGL,GOOGL,0.7,-0.419,0.449,DIVERGING,,32,bridge_20260727_0536.csv,0.45,0.0,0.0,0.511,0.339,0.021894885931953434,,,
2026-07-27,LEU,LEU,0.85,-0.801,0.491,DIVERGING,⚡,32,bridge_20260727_0536.csv,0.45,0.0,0.789,0.116,0.615,-0.03597000786870752,,,
2026-07-27,NBIS,NBIS,0.7,-0.562,0.64,DIVERGING,,32,bridge_20260727_0536.csv,0.45,0.0,0.825,1.0,0.375,-0.0968171277872385,,,
2026-07-27,RGTI,RGTI,0.85,-0.694,0.64,DIVERGING,,32,bridge_20260727_0536.csv,0.45,0.0,0.589,0.963,1.0,-0.07161124430775656,,,
2026-07-27,CCJ,CCJ,0.85,-0.626,0.385,DIVERGING,,32,bridge_20260727_0536.csv,0.45,0.0,0.0,0.163,0.495,-0.026748734532330953,,,
2026-07-27,SMR,SMR,0.7,-0.671,0.575,DIVERGING,,32,bridge_20260727_0536.csv,0.45,0.0,0.704,0.0,0.801,-0.03747069042782347,,,
2026-07-27,DOCN,DOCN,0.533,-0.349,,DIVERGING,,32,bridge_20260727_0536.csv,0.0,0.0,0.0,0.0,0.0,-0.06397666395385193,,,
2026-07-27,ADEA,ADEA,0.55,-0.53,0.415,DIVERGING,,32,bridge_20260727_0536.csv,0.45,0.0,0.0,0.325,0.426,-0.035289608249462145,,,
2026-07-27,TSLA,TSLA,0.7,-0.653,0.38,DIVERGING,,32,bridge_20260727_0536.csv,0.45,0.0,0.0,0.268,0.281,-0.005756415407379811,,,
2026-07-27,DNN,DNN,0.68,-0.777,0.665,DIVERGING,,32,bridge_20260727_0536.csv,0.0,0.0,0.0,0.0,0.665,-0.05821920268910019,,,
2026-07-27,DRAM,DRAM,0.85,-0.63,,DIVERGING,,32,bridge_20260727_0536.csv,0.0,0.0,0.0,0.0,0.0,-0.08888040855021861,,,
2026-07-27,USAR,USAR,0.445,-0.825,0.45,DIVERGING,,32,bridge_20260727_0536.csv,0.45,0.0,0.0,0.0,0.0,-0.05827192684366389,,,
2026-07-27,AGQ,AGQ,0.45,-0.663,,DIVERGING,,32,bridge_20260727_0536.csv,0.0,0.0,0.0,0.0,0.0,-0.04750268141690683,,,
2026-07-28,AAPL,AAPL,0.85,0.964,0.406,ALIGNED,,45,bridge_20260728_0536.csv,0.45,0.0,0.0,0.3,0.0,-0.005557469435084728,,,
2026-07-28,ADBE,ADBE,1.0,0.51,0.36,ALIGNED,,45,bridge_20260728_0536.csv,0.45,0.0,0.0,0.27,0.134,0.05718757692774035,,,
2026-07-28,RDDT,RDDT,1.0,0.166,0.497,ALIGNED,,45,bridge_20260728_0536.csv,0.45,0.0,0.0,0.742,0.268,-0.0025218389491445947,,,
2026-07-28,ACN,ACN,0.767,0.203,0.45,ALIGNED,,45,bridge_20260728_0536.csv,0.45,0.0,0.0,0.0,0.0,0.05168221983219956,,,
2026-07-28,NOW,NOW,1.0,0.0,0.464,TECH_WAIT,,45,bridge_20260728_0536.csv,0.566,0.0,0.0,0.292,0.329,0.046465370294951125,,,
2026-07-28,PLTR,PLTR,1.0,0.0,0.45,TECH_WAIT,,45,bridge_20260728_0536.csv,0.45,0.0,0.0,0.0,0.0,-0.004290445920296593,,,
2026-07-28,MSFT,MSFT,0.7,0.198,0.429,ALIGNED,,45,bridge_20260728_0536.csv,0.45,0.0,0.0,0.378,0.431,-0.007143758777149345,,,
2026-07-28,AFRM,AFRM,0.813,0.0,0.45,TECH_WAIT,,45,bridge_20260728_0536.csv,0.45,0.0,0.0,0.0,0.0,-0.03162984623292853,,,
2026-07-28,MSTR,MSTR,0.827,0.0,,TECH_WAIT,,45,bridge_20260728_0536.csv,0.0,0.0,0.0,0.0,0.0,-0.02943013439349329,,,
2026-07-28,HIMS,HIMS,0.972,-0.339,0.45,DIVERGING,,45,bridge_20260728_0536.csv,0.45,0.0,0.0,0.0,0.0,-0.14733969098870137,,,
2026-07-28,MU,MU,0.85,-0.339,0.62,DIVERGING,,45,bridge_20260728_0536.csv,0.45,0.0,0.0,1.0,0.674,-0.09936263925250777,,,
2026-07-28,RKLB,RKLB,1.0,-0.696,0.655,DIVERGING,⚡,45,bridge_20260728_0536.csv,0.681,0.0,0.0,0.561,0.708,-0.08279857514577527,,,
2026-07-28,NNE,NNE,1.0,-0.742,0.755,DIVERGING,⚡,45,bridge_20260728_0536.csv,0.582,0.0,0.961,0.0,1.0,-0.07347443279832166,,,
2026-07-28,UUUU,UUUU,1.0,-0.72,0.642,DIVERGING,⚡,45,bridge_20260728_0536.csv,0.502,0.0,0.62,0.808,1.0,-0.052074153271035595,,,
2026-07-28,AVGO,AVGO,0.7,-0.215,0.486,DIVERGING,,45,bridge_20260728_0536.csv,0.45,0.0,0.0,0.64,0.371,-0.027801833073632265,,,
2026-07-28,SMR,SMR,1.0,-0.491,0.563,DIVERGING,,45,bridge_20260728_0536.csv,0.45,0.0,0.704,0.0,0.706,-0.07664234719892982,,,
2026-07-28,CIFR,CIFR,0.468,0.0,,TECH_WAIT,,45,bridge_20260728_0536.csv,0.0,0.0,0.0,0.0,0.0,-0.13369243545721865,,,
2026-07-28,ADUR,ADUR,0.77,-0.236,,DIVERGING,,45,bridge_20260728_0536.csv,0.0,0.0,0.0,0.0,0.0,-0.024634311044077428,,,
2026-07-28,IONQ,IONQ,1.0,-0.62,0.655,DIVERGING,,45,bridge_20260728_0536.csv,0.45,0.0,0.0,1.0,0.924,-0.05578516049032145,,,
2026-07-28,ASTS,ASTS,1.0,-0.625,0.661,DIVERGING,,45,bridge_20260728_0536.csv,0.596,0.0,0.623,1.0,0.429,-0.06224580911146693,,,
2026-07-28,AEHR,AEHR,0.7,-0.333,0.447,DIVERGING,,45,bridge_20260728_0536.csv,0.45,0.0,0.515,0.325,0.484,-0.06571426391601565,,,
2026-07-28,LUNR,LUNR,1.0,-0.695,0.705,DIVERGING,,45,bridge_20260728_0536.csv,0.45,0.0,0.845,0.963,1.0,-0.07922389258712881,,,
2026-07-28,HOOD,HOOD,0.7,-0.336,0.401,DIVERGING,,45,bridge_20260728_0536.csv,0.45,0.0,0.0,0.355,0.273,-0.031479147596950474,,,
2026-07-28,AIM,AIM,0.555,-0.282,0.45,DIVERGING,,45,bridge_20260728_0536.csv,0.45,0.0,0.0,0.0,0.0,0.0,,,
2026-07-28,OKLO,OKLO,1.0,-0.703,0.564,DIVERGING,,45,bridge_20260728_0536.csv,0.45,0.0,0.585,0.0,1.0,-0.06922692146812826,,,
2026-07-28,NBIS,NBIS,0.7,-0.517,0.64,DIVERGING,,45,bridge_20260728_0536.csv,0.45,0.0,0.825,1.0,0.374,-0.12652484478640214,,,
2026-07-28,ADTX,ADTX,0.762,-0.347,,DIVERGING,,45,bridge_20260728_0536.csv,0.0,0.0,0.0,0.0,0.0,0.0,,,
2026-07-28,QUBT,QUBT,1.0,-0.828,0.762,DIVERGING,,45,bridge_20260728_0536.csv,0.51,0.0,0.936,1.0,1.0,-0.0544040946724379,,,
2026-07-28,SOFI,SOFI,0.695,-0.448,0.424,DIVERGING,,45,bridge_20260728_0536.csv,0.45,0.0,0.0,0.475,0.222,-0.08900835074615043,,,
2026-07-28,TSM,TSM,0.7,-0.485,0.471,DIVERGING,,45,bridge_20260728_0536.csv,0.45,0.0,0.0,0.595,0.347,-0.044964401214946714,,,
2026-07-28,GOOGL,GOOGL,0.7,-0.499,0.445,DIVERGING,,45,bridge_20260728_0536.csv,0.45,0.0,0.0,0.511,0.311,0.008989841709321045,,,
2026-07-28,INFQ,INFQ,0.89,-0.696,0.45,DIVERGING,,45,bridge_20260728_0536.csv,0.45,0.0,0.0,0.0,0.0,-0.07635988115782044,,,
2026-07-28,ORCL,ORCL,0.883,-0.692,0.45,DIVERGING,,45,bridge_20260728_0536.csv,0.45,0.0,0.0,0.0,0.0,-0.018506179040063686,,,
2026-07-28,RDW,RDW,0.7,-0.599,0.539,DIVERGING,,45,bridge_20260728_0536.csv,0.45,0.0,0.65,0.522,0.685,-0.092181973529472,,,
2026-07-28,AEM,AEM,0.464,-0.39,0.45,DIVERGING,,45,bridge_20260728_0536.csv,0.45,0.0,0.0,0.0,0.0,0.0050099918466191,,,
2026-07-28,CCJ,CCJ,0.7,-0.604,0.381,DIVERGING,,45,bridge_20260728_0536.csv,0.45,0.0,0.0,0.163,0.469,-0.027483893914566404,,,
2026-07-28,NOK,NOK,0.69,-0.605,0.388,DIVERGING,,45,bridge_20260728_0536.csv,0.45,0.0,0.0,0.101,0.627,-0.05823073236204512,,,
2026-07-28,PL,PL,0.565,-0.67,0.45,DIVERGING,,45,bridge_20260728_0536.csv,0.45,0.0,0.0,0.0,0.0,-0.046523053838884665,,,
2026-07-28,BE,BE,0.648,-0.757,0.45,DIVERGING,,45,bridge_20260728_0536.csv,0.45,0.0,0.0,0.0,0.0,-0.018520716888728805,,,
2026-07-28,RCAT,RCAT,0.42,-0.708,0.45,DIVERGING,,45,bridge_20260728_0536.csv,0.45,0.0,0.0,0.0,0.0,-0.09127514708026518,,,
2026-07-28,SIVE,SIVE.ST,0.485,-0.796,0.45,DIVERGING,,45,bridge_20260728_0536.csv,0.45,0.0,0.0,0.0,0.0,-0.05481375671559652,,,
2026-07-28,FLY,FLY,0.496,-0.697,,DIVERGING,,45,bridge_20260728_0536.csv,0.0,0.0,0.0,0.0,0.0,-0.07660453238168619,,,
2026-07-28,ALMU,ALMU,0.527,-0.725,,DIVERGING,,45,bridge_20260728_0536.csv,0.0,0.0,0.0,0.0,0.0,0.061310843196649145,,,
2026-07-28,NFLX,NFLX,0.371,-0.641,,DIVERGING,,45,bridge_20260728_0536.csv,0.0,0.0,0.0,0.0,0.0,0.01712940840205124,,,
2026-07-28,IBM,IBM,0.399,-0.678,,DIVERGING,,45,bridge_20260728_0536.csv,0.0,0.0,0.0,0.0,0.0,-0.004878051397340988,,,
2026-07-30,AAPL,AAPL,0.85,0.939,0.406,ALIGNED,,31,bridge_20260730_0750.csv,0.45,0.0,0.0,0.3,0.0,-0.07353864245054431,,,
2026-07-30,ZETA,ZETA,0.643,0.702,0.521,ALIGNED,,31,bridge_20260730_0750.csv,0.598,0.0,0.0,0.461,0.299,0.010762729677299188,,,
2026-07-30,NET,NET,0.331,0.82,0.45,ALIGNED,,31,bridge_20260730_0750.csv,0.45,0.0,0.0,0.0,0.0,-0.015561605681767787,,,
2026-07-30,PYPL,PYPL,0.482,0.666,0.354,ALIGNED,,31,bridge_20260730_0750.csv,0.45,0.0,0.0,0.12,0.0,-0.007632305806769768,,,
2026-07-30,AIR,AIR,0.405,0.556,0.393,ALIGNED,,31,bridge_20260730_0750.csv,0.45,0.0,0.0,0.254,0.0,0.004014895151614795,,,
2026-07-30,RDDT,RDDT,0.85,0.0,0.498,TECH_WAIT,,31,bridge_20260730_0750.csv,0.45,0.0,0.0,0.742,0.277,-0.20989663292746363,,,
2026-07-30,AMBA,AMBA,0.492,0.0,0.438,TECH_WAIT,⚡,31,bridge_20260730_0750.csv,0.564,0.0,0.0,0.167,0.373,0.16075049602908997,,,
2026-07-30,MSFT,MSFT,0.7,0.0,0.428,TECH_WAIT,,31,bridge_20260730_0750.csv,0.45,0.0,0.0,0.378,0.423,0.030192850660396786,,,
2026-07-30,IGV,IGV,0.364,0.194,0.45,ALIGNED,,31,bridge_20260730_0750.csv,0.45,0.0,0.0,0.0,0.0,0.01361059163744427,,,
2026-07-30,ZM,ZM,0.414,0.229,0.257,ALIGNED,,31,bridge_20260730_0750.csv,0.0,0.0,0.0,0.265,0.244,0.04061958418973255,,,
2026-07-30,ETH,ETH,0.385,0.225,,ALIGNED,,31,bridge_20260730_0750.csv,0.0,0.0,0.0,0.0,0.0,-0.028384304935910154,,,
2026-07-30,ADTX,ADTX,0.776,-0.436,0.993,DIVERGING,,31,bridge_20260730_0750.csv,0.0,0.0,0.988,1.0,0.0,0.0,,,
2026-07-30,SNAP,SNAP,0.578,0.0,0.271,TECH_WAIT,,31,bridge_20260730_0750.csv,0.0,0.0,0.0,0.12,0.535,0.0,,,
2026-07-30,ABCL,ABCL,0.7,-0.297,0.597,DIVERGING,,31,bridge_20260730_0750.csv,0.45,0.0,0.603,0.746,0.948,0.0035149351011225516,,,
2026-07-30,SPY,SPY,0.7,-0.3,0.45,DIVERGING,,31,bridge_20260730_0750.csv,0.45,0.0,0.0,0.0,0.0,0.007199809675054292,,,
2026-07-30,BTC,BTC,0.485,-0.184,0.45,DIVERGING,,31,bridge_20260730_0750.csv,0.45,0.0,0.0,0.0,0.0,-0.028641275545264855,,,
2026-07-30,TXN,TXN,0.317,-0.419,0.464,DIVERGING,⚡,31,bridge_20260730_0750.csv,0.564,0.0,0.0,0.38,0.184,-0.005769114172650025,,,
2026-07-30,ARM,ARM,0.553,-0.48,0.477,DIVERGING,,31,bridge_20260730_0750.csv,0.586,0.0,0.0,0.29,0.343,-0.007659149193297465,,,
2026-07-30,UBER,UBER,0.408,-0.336,0.309,DIVERGING,,31,bridge_20260730_0750.csv,0.0,0.0,0.0,0.224,0.459,-0.00014213636265569818,,,
2026-07-30,ALMU,ALMU,0.493,-0.659,0.856,DIVERGING,,31,bridge_20260730_0750.csv,0.0,0.0,0.795,0.0,1.0,0.0567515227373252,,,
2026-07-30,AEM,AEM,0.441,-0.517,0.622,DIVERGING,,31,bridge_20260730_0750.csv,0.588,0.0,0.0,0.776,0.496,-0.03635154711468702,,,
2026-07-30,IONQ,IONQ,0.7,-0.744,0.666,DIVERGING,,31,bridge_20260730_0750.csv,0.45,0.0,0.0,1.0,1.0,0.018730728553845832,,,
2026-07-30,NFLX,NFLX,0.39,-0.382,0.382,DIVERGING,,31,bridge_20260730_0750.csv,0.45,0.0,0.0,0.274,0.281,-0.019953520855660045,,,
2026-07-30,QQQ,QQQ,0.7,-0.658,0.45,DIVERGING,,31,bridge_20260730_0750.csv,0.45,0.0,0.0,0.0,0.0,0.00649550511403274,,,
2026-07-30,GOOGL,GOOGL,0.7,-0.662,0.44,DIVERGING,,31,bridge_20260730_0750.csv,0.45,0.0,0.0,0.511,0.27,0.0673440057965653,,,
2026-07-30,UEC,UEC,0.539,-0.856,0.994,DIVERGING,,31,bridge_20260730_0750.csv,0.0,0.0,0.0,0.0,0.994,-0.014373654305780859,,,
2026-07-30,ALB,ALB,0.509,-0.646,0.444,DIVERGING,⚡,31,bridge_20260730_0750.csv,0.45,0.0,0.0,0.316,0.644,-0.001019045044201028,,,
2026-07-30,GOOG,GOOG,0.429,-0.649,0.438,DIVERGING,,31,bridge_20260730_0750.csv,0.45,0.0,0.0,0.511,0.256,0.06883841322491824,,,
2026-07-30,SIVE,SIVE.ST,0.464,-0.69,0.45,DIVERGING,,31,bridge_20260730_0750.csv,0.45,0.0,0.0,0.0,0.0,0.01653439165953774,,,
2026-07-30,EOS.AX,EOS.AX,0.31,-0.66,0.434,DIVERGING,,31,bridge_20260730_0750.csv,0.45,0.0,0.0,0.072,1.0,0.09672133800196003,,,
2026-07-30,IBM,IBM,0.47,-0.635,0.089,DIVERGING,,31,bridge_20260730_0750.csv,0.0,0.0,0.0,0.089,0.0,0.008613639199080758,,,
2026-07-31,AAPL,AAPL,0.7,0.871,0.406,ALIGNED,,38,bridge_20260731_0535.csv,0.45,0.0,0.0,0.3,0.0,,,,
2026-07-31,ZETA,ZETA,0.629,0.841,0.516,ALIGNED,,38,bridge_20260731_0535.csv,0.58,0.0,0.0,0.461,0.342,,,,
2026-07-31,AVGO,AVGO,1.0,0.485,0.45,ALIGNED,,38,bridge_20260731_0535.csv,0.45,0.0,0.0,0.0,0.0,,,,
2026-07-31,AMBA,AMBA,0.703,0.218,0.414,ALIGNED,⚡,38,bridge_20260731_0535.csv,0.546,0.0,0.0,0.167,0.282,,,,
2026-07-31,DELL,DELL,0.713,0.29,0.59,ALIGNED,,38,bridge_20260731_0535.csv,0.59,0.0,0.0,0.0,0.0,,,,
2026-07-31,ABVX,ABVX,0.857,0.0,0.406,TECH_WAIT,⚡,38,bridge_20260731_0535.csv,0.45,0.0,0.0,0.338,0.334,,,,
2026-07-31,SPY,SPY,0.85,0.0,0.45,TECH_WAIT,,38,bridge_20260731_0535.csv,0.45,0.0,0.0,0.0,0.0,,,,
2026-07-31,ABCL,ABCL,1.0,-0.206,0.586,DIVERGING,,38,bridge_20260731_0535.csv,0.45,0.0,0.603,0.746,0.845,,,,
2026-07-31,XOM,XOM,0.015,0.637,,CONTRARIAN,,38,bridge_20260731_0535.csv,0.0,0.0,0.0,0.0,0.0,,,,
2026-07-31,RDDT,RDDT,0.7,0.0,0.585,TECH_WAIT,,38,bridge_20260731_0535.csv,0.594,0.0,0.0,0.742,0.272,,,,
2026-07-31,AMZN,AMZN,1.0,-0.298,0.588,DIVERGING,,38,bridge_20260731_0535.csv,0.588,0.0,0.0,0.0,0.0,,,,
2026-07-31,QQQ,QQQ,1.0,-0.257,0.45,DIVERGING,,38,bridge_20260731_0535.csv,0.45,0.0,0.0,0.0,0.0,,,,
2026-07-31,QUBT,QUBT,1.0,-0.427,0.734,DIVERGING,,38,bridge_20260731_0535.csv,0.45,0.0,0.936,1.0,1.0,,,,
2026-07-31,AFRM,AFRM,0.847,-0.174,0.398,DIVERGING,,38,bridge_20260731_0535.csv,0.45,0.0,0.0,0.363,0.237,,,,
2026-07-31,ADUR,ADUR,0.72,-0.385,1.0,DIVERGING,,38,bridge_20260731_0535.csv,0.0,0.0,0.0,0.0,1.0,,,,
2026-07-31,MSTR,MSTR,0.827,-0.208,0.407,DIVERGING,,38,bridge_20260731_0535.csv,0.0,0.0,0.0,0.069,1.0,,,,
2026-07-31,TSM,TSM,1.0,-0.403,0.47,DIVERGING,,38,bridge_20260731_0535.csv,0.45,0.0,0.0,0.595,0.339,,,,
2026-07-31,NVDA,NVDA,0.7,-0.244,0.602,DIVERGING,,38,bridge_20260731_0535.csv,0.45,0.0,0.0,1.0,0.553,,,,
2026-07-31,COIN,COIN,0.502,0.0,0.314,TECH_WAIT,,38,bridge_20260731_0535.csv,0.0,0.0,0.0,0.0,0.314,,,,
2026-07-31,ORCL,ORCL,0.93,-0.47,0.573,DIVERGING,,38,bridge_20260731_0535.csv,0.586,0.0,0.0,0.33,0.945,,,,
2026-07-31,UEC,UEC,0.787,-0.544,0.851,DIVERGING,,38,bridge_20260731_0535.csv,0.0,0.0,0.0,0.0,0.851,,,,
2026-07-31,TSLA,TSLA,1.0,-0.822,0.596,DIVERGING,⚡,38,bridge_20260731_0535.csv,0.596,0.0,0.0,0.0,0.0,,,,
2026-07-31,LEU,LEU,0.3,0.0,0.45,NEUTRAL,,38,bridge_20260731_0535.csv,0.45,0.0,0.0,0.0,0.0,,,,
2026-07-31,ALB,ALB,0.76,-0.588,0.436,DIVERGING,⚡,38,bridge_20260731_0535.csv,0.45,0.0,0.0,0.316,0.589,,,,
2026-07-31,UUUU,UUUU,1.0,-0.665,0.664,DIVERGING,,38,bridge_20260731_0535.csv,0.55,0.0,0.62,0.808,1.0,,,,
2026-07-31,ADI,ADI,0.707,-0.347,0.43,DIVERGING,,38,bridge_20260731_0535.csv,0.45,0.0,0.0,0.486,0.248,,,,
2026-07-31,BKSY,BKSY,0.68,-0.505,0.316,DIVERGING,⚡,38,bridge_20260731_0535.csv,0.316,0.0,0.0,0.0,0.0,,,,
2026-07-31,SOFI,SOFI,1.0,-0.591,0.422,DIVERGING,,38,bridge_20260731_0535.csv,0.45,0.0,0.0,0.477,0.206,,,,
2026-07-31,CCJ,CCJ,1.0,-0.591,0.385,DIVERGING,,38,bridge_20260731_0535.csv,0.45,0.0,0.0,0.163,0.498,,,,
2026-07-31,NOK,NOK,0.969,-0.596,0.392,DIVERGING,,38,bridge_20260731_0535.csv,0.45,0.0,0.0,0.101,0.653,,,,
2026-07-31,GOOGL,GOOGL,0.85,-0.664,0.441,DIVERGING,,38,bridge_20260731_0535.csv,0.45,0.0,0.0,0.511,0.28,,,,
2026-07-31,QBTS,QBTS,0.3,-0.294,0.45,NEUTRAL,,38,bridge_20260731_0535.csv,0.45,0.0,0.0,0.0,0.0,,,,
2026-07-31,DNN,DNN,0.767,-0.783,0.698,DIVERGING,,38,bridge_20260731_0535.csv,0.0,0.0,0.0,0.0,0.698,,,,
2026-07-31,SNAP,SNAP,0.578,-0.434,,DIVERGING,,38,bridge_20260731_0535.csv,0.0,0.0,0.0,0.0,0.0,,,,
2026-07-31,NNE,NNE,0.3,-0.516,0.45,NEUTRAL,,38,bridge_20260731_0535.csv,0.45,0.0,0.0,0.0,0.0,,,,
2026-07-31,BBAI,BBAI,0.337,-0.641,0.45,DIVERGING,,38,bridge_20260731_0535.csv,0.45,0.0,0.0,0.0,0.0,,,,
2026-07-31,URG,URG,0.333,-0.581,,DIVERGING,,38,bridge_20260731_0535.csv,0.0,0.0,0.0,0.0,0.0,,,,
2026-07-31,RDW,RDW,-0.5,-0.539,0.45,NEUTRAL,,38,bridge_20260731_0535.csv,0.45,0.0,0.0,0.0,0.0,,,,
2026-08-01,ADBE,ADBE,0.85,0.571,0.397,ALIGNED,,35,bridge_20260801_0537.csv,0.45,0.0,0.0,0.27,0.0,,,,
2026-08-01,NOW,NOW,0.85,0.501,0.384,ALIGNED,,35,bridge_20260801_0537.csv,0.45,0.0,0.0,0.292,0.261,,,,
2026-08-01,CRM,CRM,0.703,0.513,0.45,ALIGNED,,35,bridge_20260801_0537.csv,0.45,0.0,0.0,0.0,0.0,,,,
2026-08-01,AVGO,AVGO,0.7,0.506,0.45,ALIGNED,,35,bridge_20260801_0537.csv,0.45,0.0,0.0,0.0,0.0,,,,
2026-08-01,LEU,LEU,0.85,0.161,0.475,ALIGNED,,35,bridge_20260801_0537.csv,0.45,0.0,0.789,0.116,0.465,,,,
2026-08-01,SPY,SPY,0.85,0.165,0.45,ALIGNED,,35,bridge_20260801_0537.csv,0.45,0.0,0.0,0.0,0.0,,,,
2026-08-01,AAPL,AAPL,0.7,0.26,0.406,ALIGNED,,35,bridge_20260801_0537.csv,0.45,0.0,0.0,0.301,0.0,,,,
2026-08-01,GOOGL,GOOGL,1.0,0.0,0.429,TECH_WAIT,,35,bridge_20260801_0537.csv,0.45,0.0,0.0,0.511,0.199,,,,
2026-08-01,IONQ,IONQ,0.85,-0.382,0.734,DIVERGING,⚡,35,bridge_20260801_0537.csv,0.59,0.0,0.0,1.0,0.877,,,,
2026-08-01,NVDA,NVDA,0.7,0.0,0.596,TECH_WAIT,,35,bridge_20260801_0537.csv,0.45,0.0,0.0,1.0,0.508,,,,
2026-08-01,AFRM,AFRM,0.705,0.0,0.45,TECH_WAIT,,35,bridge_20260801_0537.csv,0.45,0.0,0.0,0.0,0.0,,,,
2026-08-01,NBIS,NBIS,0.7,-0.185,0.638,DIVERGING,,35,bridge_20260801_0537.csv,0.45,0.0,0.825,1.0,0.356,,,,
2026-08-01,ABCL,ABCL,0.7,-0.234,0.586,DIVERGING,,35,bridge_20260801_0537.csv,0.45,0.0,0.603,0.746,0.839,,,,
2026-08-01,QBTS,QBTS,0.85,-0.36,0.577,DIVERGING,,35,bridge_20260801_0537.csv,0.45,0.0,0.625,0.0,1.0,,,,
2026-08-01,RDW,RDW,0.7,-0.48,0.601,DIVERGING,⚡,35,bridge_20260801_0537.csv,0.576,0.0,0.65,0.522,0.726,,,,
2026-08-01,META,META,1.0,-0.437,0.436,DIVERGING,,35,bridge_20260801_0537.csv,0.45,0.0,0.0,0.422,0.399,,,,
2026-08-01,RKLB,RKLB,0.7,-0.514,0.606,DIVERGING,⚡,35,bridge_20260801_0537.csv,0.588,0.0,0.0,0.561,0.762,,,,
2026-08-01,QQQ,QQQ,0.7,-0.236,0.45,DIVERGING,,35,bridge_20260801_0537.csv,0.45,0.0,0.0,0.0,0.0,,,,
2026-08-01,QUBT,QUBT,0.85,-0.392,0.45,DIVERGING,,35,bridge_20260801_0537.csv,0.45,0.0,0.0,0.0,0.0,,,,
2026-08-01,PENG,PENG,0.597,-0.268,0.613,DIVERGING,,35,bridge_20260801_0537.csv,0.0,0.0,0.798,0.475,0.411,,,,
2026-08-01,SMR,SMR,0.7,-0.415,0.566,DIVERGING,,35,bridge_20260801_0537.csv,0.45,0.0,0.704,0.0,0.73,,,,
2026-08-01,BE,BE,0.85,-0.534,0.562,DIVERGING,,35,bridge_20260801_0537.csv,0.45,0.0,0.0,0.969,0.329,,,,
2026-08-01,TSM,TSM,0.7,-0.378,0.45,DIVERGING,,35,bridge_20260801_0537.csv,0.45,0.0,0.0,0.0,0.0,,,,
2026-08-01,IREN,IREN,0.7,-0.438,0.533,DIVERGING,,35,bridge_20260801_0537.csv,0.45,0.0,0.802,0.104,1.0,,,,
2026-08-01,AMAT,AMAT,0.588,-0.313,0.45,DIVERGING,,35,bridge_20260801_0537.csv,0.45,0.0,0.0,0.0,0.0,,,,
2026-08-01,PLTR,PLTR,0.7,-0.474,0.569,DIVERGING,,35,bridge_20260801_0537.csv,0.45,0.0,0.0,0.908,0.481,,,,
2026-08-01,RGTI,RGTI,0.7,-0.521,0.638,DIVERGING,,35,bridge_20260801_0537.csv,0.45,0.0,0.589,0.963,0.983,,,,
2026-08-01,ASTS,ASTS,0.7,-0.566,0.671,DIVERGING,,35,bridge_20260801_0537.csv,0.635,0.0,0.623,1.0,0.365,,,,
2026-08-01,LUNR,LUNR,0.7,-0.602,0.705,DIVERGING,,35,bridge_20260801_0537.csv,0.45,0.0,0.845,0.963,1.0,,,,
2026-08-01,AAOI,AAOI,1.0,-0.747,0.487,DIVERGING,,35,bridge_20260801_0537.csv,0.45,0.0,0.0,0.473,0.668,,,,
2026-08-01,UUUU,UUUU,0.85,-0.716,0.655,DIVERGING,,35,bridge_20260801_0537.csv,0.53,0.0,0.62,0.808,1.0,,,,
2026-08-01,MRVL,MRVL,0.7,-0.501,0.43,DIVERGING,,35,bridge_20260801_0537.csv,0.45,0.0,0.0,0.414,0.37,,,,
2026-08-01,CCJ,CCJ,0.7,-0.631,0.45,DIVERGING,,35,bridge_20260801_0537.csv,0.45,0.0,0.0,0.0,0.0,,,,
2026-08-01,TSLA,TSLA,0.7,-0.878,0.465,DIVERGING,,35,bridge_20260801_0537.csv,0.59,0.0,0.0,0.268,0.28,,,,
2026-08-01,DRAM,DRAM,0.7,-0.811,,DIVERGING,,35,bridge_20260801_0537.csv,0.0,0.0,0.0,0.0,0.0,,,,
