horizon_d,real_best_ic,null_p95,p_value
1,0.09423082829957266,0.10181536209886409,0.0685
5,0.10009764446005362,0.11419988256430937,0.095
10,0.023666344867447807,0.12094842452222423,0.5365
